-- phpMyAdmin SQL Dump
-- version 4.1.14
-- http://www.phpmyadmin.net
--
-- Host: 10.0.0.2
-- Generation Time: Feb 06, 2016 at 01:53 PM
-- Server version: 5.5.35-MariaDB
-- PHP Version: 5.5.13

SET SQL_MODE = "NO_AUTO_VALUE_ON_ZERO";
SET time_zone = "+00:00";


/*!40101 SET @OLD_CHARACTER_SET_CLIENT=@@CHARACTER_SET_CLIENT */;
/*!40101 SET @OLD_CHARACTER_SET_RESULTS=@@CHARACTER_SET_RESULTS */;
/*!40101 SET @OLD_COLLATION_CONNECTION=@@COLLATION_CONNECTION */;
/*!40101 SET NAMES utf8 */;

--
-- Database: `choicedj_portal`
--

-- --------------------------------------------------------

--
-- Table structure for table `authentication_new`
--

CREATE TABLE IF NOT EXISTS `authentication_new` (
  `id` int(11) NOT NULL AUTO_INCREMENT,
  `title` longtext,
  `description` longtext,
  `display` tinyint(1) NOT NULL,
  `pub_date` date NOT NULL,
  PRIMARY KEY (`id`)
) ENGINE=InnoDB DEFAULT CHARSET=latin1 AUTO_INCREMENT=1 ;

-- --------------------------------------------------------

--
-- Table structure for table `auth_group`
--

CREATE TABLE IF NOT EXISTS `auth_group` (
  `id` int(11) NOT NULL AUTO_INCREMENT,
  `name` varchar(80) NOT NULL,
  PRIMARY KEY (`id`),
  UNIQUE KEY `name` (`name`)
) ENGINE=InnoDB DEFAULT CHARSET=latin1 AUTO_INCREMENT=1 ;

-- --------------------------------------------------------

--
-- Table structure for table `auth_group_permissions`
--

CREATE TABLE IF NOT EXISTS `auth_group_permissions` (
  `id` int(11) NOT NULL AUTO_INCREMENT,
  `group_id` int(11) NOT NULL,
  `permission_id` int(11) NOT NULL,
  PRIMARY KEY (`id`),
  UNIQUE KEY `group_id` (`group_id`,`permission_id`),
  KEY `auth_group_permissions_5f412f9a` (`group_id`),
  KEY `auth_group_permissions_83d7f98b` (`permission_id`)
) ENGINE=InnoDB DEFAULT CHARSET=latin1 AUTO_INCREMENT=1 ;

-- --------------------------------------------------------

--
-- Table structure for table `auth_permission`
--

CREATE TABLE IF NOT EXISTS `auth_permission` (
  `id` int(11) NOT NULL AUTO_INCREMENT,
  `name` varchar(50) NOT NULL,
  `content_type_id` int(11) NOT NULL,
  `codename` varchar(100) NOT NULL,
  PRIMARY KEY (`id`),
  UNIQUE KEY `content_type_id` (`content_type_id`,`codename`),
  KEY `auth_permission_37ef4eb4` (`content_type_id`)
) ENGINE=InnoDB  DEFAULT CHARSET=latin1 AUTO_INCREMENT=85 ;

--
-- Dumping data for table `auth_permission`
--

INSERT INTO `auth_permission` (`id`, `name`, `content_type_id`, `codename`) VALUES
(1, 'Can add log entry', 1, 'add_logentry'),
(2, 'Can change log entry', 1, 'change_logentry'),
(3, 'Can delete log entry', 1, 'delete_logentry'),
(4, 'Can add permission', 2, 'add_permission'),
(5, 'Can change permission', 2, 'change_permission'),
(6, 'Can delete permission', 2, 'delete_permission'),
(7, 'Can add group', 3, 'add_group'),
(8, 'Can change group', 3, 'change_group'),
(9, 'Can delete group', 3, 'delete_group'),
(10, 'Can add user', 4, 'add_user'),
(11, 'Can change user', 4, 'change_user'),
(12, 'Can delete user', 4, 'delete_user'),
(13, 'Can add content type', 5, 'add_contenttype'),
(14, 'Can change content type', 5, 'change_contenttype'),
(15, 'Can delete content type', 5, 'delete_contenttype'),
(16, 'Can add session', 6, 'add_session'),
(17, 'Can change session', 6, 'change_session'),
(18, 'Can delete session', 6, 'delete_session'),
(19, 'Can add migration history', 7, 'add_migrationhistory'),
(20, 'Can change migration history', 7, 'change_migrationhistory'),
(21, 'Can delete migration history', 7, 'delete_migrationhistory'),
(22, 'Can add customer', 8, 'add_customer'),
(23, 'Can change customer', 8, 'change_customer'),
(24, 'Can delete customer', 8, 'delete_customer'),
(25, 'Can add packer', 9, 'add_packer'),
(26, 'Can change packer', 9, 'change_packer'),
(27, 'Can delete packer', 9, 'delete_packer'),
(28, 'Can add terms', 10, 'add_terms'),
(29, 'Can change terms', 10, 'change_terms'),
(30, 'Can delete terms', 10, 'delete_terms'),
(31, 'Can add item', 11, 'add_item'),
(32, 'Can change item', 11, 'change_item'),
(33, 'Can delete item', 11, 'delete_item'),
(34, 'Can add size', 12, 'add_size'),
(35, 'Can change size', 12, 'change_size'),
(36, 'Can delete size', 12, 'delete_size'),
(37, 'Can add pack', 13, 'add_pack'),
(38, 'Can change pack', 13, 'change_pack'),
(39, 'Can delete pack', 13, 'delete_pack'),
(40, 'Can add brand', 14, 'add_brand'),
(41, 'Can change brand', 14, 'change_brand'),
(42, 'Can delete brand', 14, 'delete_brand'),
(43, 'Can add quote item', 15, 'add_quoteitem'),
(44, 'Can change quote item', 15, 'change_quoteitem'),
(45, 'Can delete quote item', 15, 'delete_quoteitem'),
(46, 'Can add quote info', 16, 'add_quoteinfo'),
(47, 'Can change quote info', 16, 'change_quoteinfo'),
(48, 'Can delete quote info', 16, 'delete_quoteinfo'),
(49, 'Can add profile', 17, 'add_profile'),
(50, 'Can change profile', 17, 'change_profile'),
(51, 'Can delete profile', 17, 'delete_profile'),
(52, 'Can add product', 18, 'add_product'),
(53, 'Can change product', 18, 'change_product'),
(54, 'Can delete product', 18, 'delete_product'),
(55, 'Can add product details', 19, 'add_productdetails'),
(56, 'Can change product details', 19, 'change_productdetails'),
(57, 'Can delete product details', 19, 'delete_productdetails'),
(58, 'Can add yields', 20, 'add_yields'),
(59, 'Can change yields', 20, 'change_yields'),
(60, 'Can delete yields', 20, 'delete_yields'),
(61, 'Can add other price', 21, 'add_otherprice'),
(62, 'Can change other price', 21, 'change_otherprice'),
(63, 'Can delete other price', 21, 'delete_otherprice'),
(64, 'Can add rates', 22, 'add_rates'),
(65, 'Can change rates', 22, 'change_rates'),
(66, 'Can delete rates', 22, 'delete_rates'),
(67, 'Can add rm price', 23, 'add_rmprice'),
(68, 'Can change rm price', 23, 'change_rmprice'),
(69, 'Can delete rm price', 23, 'delete_rmprice'),
(70, 'Can add new', 24, 'add_new'),
(71, 'Can change new', 24, 'change_new'),
(72, 'Can delete new', 24, 'delete_new'),
(73, 'Can add location relation', 25, 'add_locationrelation'),
(74, 'Can change location relation', 25, 'change_locationrelation'),
(75, 'Can delete location relation', 25, 'delete_locationrelation'),
(76, 'Can add destination', 26, 'add_destination'),
(77, 'Can change destination', 26, 'change_destination'),
(78, 'Can delete destination', 26, 'delete_destination'),
(79, 'Can add alert', 27, 'add_alert'),
(80, 'Can change alert', 27, 'change_alert'),
(81, 'Can delete alert', 27, 'delete_alert'),
(82, 'Can add remarks', 28, 'add_remarks'),
(83, 'Can change remarks', 28, 'change_remarks'),
(84, 'Can delete remarks', 28, 'delete_remarks');

-- --------------------------------------------------------

--
-- Table structure for table `auth_user`
--

CREATE TABLE IF NOT EXISTS `auth_user` (
  `id` int(11) NOT NULL AUTO_INCREMENT,
  `password` varchar(128) NOT NULL,
  `last_login` datetime NOT NULL,
  `is_superuser` tinyint(1) NOT NULL,
  `username` varchar(30) NOT NULL,
  `first_name` varchar(30) NOT NULL,
  `last_name` varchar(30) NOT NULL,
  `email` varchar(75) NOT NULL,
  `is_staff` tinyint(1) NOT NULL,
  `is_active` tinyint(1) NOT NULL,
  `date_joined` datetime NOT NULL,
  PRIMARY KEY (`id`),
  UNIQUE KEY `username` (`username`)
) ENGINE=InnoDB  DEFAULT CHARSET=latin1 AUTO_INCREMENT=14 ;

--
-- Dumping data for table `auth_user`
--

INSERT INTO `auth_user` (`id`, `password`, `last_login`, `is_superuser`, `username`, `first_name`, `last_name`, `email`, `is_staff`, `is_active`, `date_joined`) VALUES
(1, 'pbkdf2_sha256$12000$6ws9zy1rWzDJ$H9rzMfLXd78K0VDIMOfpL1RwKiwq/qIn62+eBHQO3CU=', '2016-01-21 15:27:50', 1, 'admin', 'Choice', 'Admin', 'admin@choice.com', 1, 1, '2014-10-06 12:05:53'),
(2, 'pbkdf2_sha256$12000$44LOSQ7WmwQc$MQOxJpTG2tTSswdbiSDWkjSNnJRofVWAZOjymO7C708=', '2016-01-25 15:32:08', 0, 'lillian', 'Lillian', 'Chow', '', 1, 1, '2014-10-06 13:00:51'),
(3, 'pbkdf2_sha256$12000$EBHPFjTinFQI$iOFp+HoeLhGCZh2JyoboKJ6MjtQYA3soQOSXrQs+t5Y=', '2015-10-30 04:42:16', 1, 'joan_mary', 'Joan', 'Mary', '', 1, 1, '2014-10-06 13:01:12'),
(4, 'pbkdf2_sha256$12000$n7Aufqu9WDHH$nvQCtBPluJGsGermtoXGCQsWS6+E+72DAsKw+3MhWjM=', '2015-10-14 14:39:47', 0, 'sajeev', 'Sajeev', '', '', 0, 1, '2014-10-06 13:01:28'),
(5, 'pbkdf2_sha256$12000$A1B4xTLC2EGL$t4u6wu0fNzMiR16GN3m3zL9rrmrrQg81Fi4zP8napQ0=', '2015-10-09 06:02:36', 0, 'james_joseph', 'James', 'Joseph', '', 0, 1, '2014-10-06 13:01:51'),
(6, 'pbkdf2_sha256$12000$jMJ3baBtaTXu$4InYoZbnSWiGqtqDiz7wfbbLk7InjQt43uMuhwR3odo=', '2015-11-30 22:43:23', 0, 'JT', 'Jose', 'Thomas', '', 1, 1, '2014-10-06 13:02:30'),
(7, 'pbkdf2_sha256$12000$SzVcGIwoMqrE$uGqsYfTLK2Tct0mfOzt4mr4dSoaZL0bxdhTikxUCDJI=', '2014-11-12 11:35:17', 0, 'Test', '', '', '', 1, 1, '2014-11-12 11:35:17'),
(8, 'pbkdf2_sha256$12000$cotuLbk4BQ6T$on1rZsjTeUvSIGui/rvPP63ZmqMk9T49UmZk01Y4CFA=', '2015-02-19 15:07:53', 0, 'Phil_Bravo', 'Phil ', 'Bravo', '', 1, 0, '2014-11-17 10:38:30'),
(9, 'pbkdf2_sha256$12000$cEYLNyQiAeZP$3q/icgOhN3mhfGH0jp/tcnDiJwhgsZ6jIinNvfTwlmk=', '2014-11-24 16:25:18', 0, 'Maria_Jose', 'Maria ', 'Jose', '', 1, 1, '2014-11-24 16:25:18'),
(10, 'pbkdf2_sha256$12000$BVqlrvGXYUja$9K56V9GeatLNvOJv9PHHvCl79fTFZg0H90pMDLuKhw4=', '2014-11-26 18:03:41', 0, 'Subin', 'Subin', 'Suresh', '', 1, 1, '2014-11-26 13:53:04'),
(11, 'pbkdf2_sha256$12000$oh85EuOQIMn4$SF2qelMlYXCqqwDjeV4OpTfG3Rsm+S1OnDfQQSMWU1I=', '2015-02-03 07:20:06', 0, 'nayana_mohan', 'Nayana Mohan', '', '', 1, 1, '2015-02-03 07:20:06'),
(12, 'pbkdf2_sha256$12000$k6UShgQtIZ4T$T15IwMMiQikGuABHXHI0JjumlA8vkknKjqqOVx0jaKc=', '2015-05-14 16:08:19', 0, 'Ernesto.Tagle', 'Ernesto', 'Tagle', 'Ernesto.tagle@choicegroup.in', 1, 1, '2015-02-06 12:36:45'),
(13, 'pbkdf2_sha256$12000$lNgTzKIdvOsF$LC86nfSqZghyWwJBJbX1PIfMskg3g7xav9kxSSwKDM8=', '2015-03-02 17:15:05', 0, 'Shawn', 'Shawn', 'Hester', 'Shawn@choicegroup.in', 0, 0, '2015-02-06 12:44:30');

-- --------------------------------------------------------

--
-- Table structure for table `auth_user_groups`
--

CREATE TABLE IF NOT EXISTS `auth_user_groups` (
  `id` int(11) NOT NULL AUTO_INCREMENT,
  `user_id` int(11) NOT NULL,
  `group_id` int(11) NOT NULL,
  PRIMARY KEY (`id`),
  UNIQUE KEY `user_id` (`user_id`,`group_id`),
  KEY `auth_user_groups_6340c63c` (`user_id`),
  KEY `auth_user_groups_5f412f9a` (`group_id`)
) ENGINE=InnoDB DEFAULT CHARSET=latin1 AUTO_INCREMENT=1 ;

-- --------------------------------------------------------

--
-- Table structure for table `auth_user_user_permissions`
--

CREATE TABLE IF NOT EXISTS `auth_user_user_permissions` (
  `id` int(11) NOT NULL AUTO_INCREMENT,
  `user_id` int(11) NOT NULL,
  `permission_id` int(11) NOT NULL,
  PRIMARY KEY (`id`),
  UNIQUE KEY `user_id` (`user_id`,`permission_id`),
  KEY `auth_user_user_permissions_6340c63c` (`user_id`),
  KEY `auth_user_user_permissions_83d7f98b` (`permission_id`)
) ENGINE=InnoDB  DEFAULT CHARSET=latin1 AUTO_INCREMENT=1275 ;

--
-- Dumping data for table `auth_user_user_permissions`
--

INSERT INTO `auth_user_user_permissions` (`id`, `user_id`, `permission_id`) VALUES
(661, 2, 1),
(662, 2, 2),
(663, 2, 3),
(664, 2, 4),
(665, 2, 5),
(666, 2, 6),
(667, 2, 7),
(668, 2, 8),
(669, 2, 9),
(670, 2, 10),
(671, 2, 11),
(672, 2, 12),
(673, 2, 13),
(674, 2, 14),
(675, 2, 15),
(676, 2, 16),
(677, 2, 17),
(678, 2, 18),
(679, 2, 19),
(680, 2, 20),
(681, 2, 21),
(682, 2, 22),
(683, 2, 23),
(684, 2, 24),
(685, 2, 25),
(686, 2, 26),
(687, 2, 27),
(688, 2, 28),
(689, 2, 29),
(690, 2, 30),
(691, 2, 31),
(692, 2, 32),
(693, 2, 33),
(694, 2, 34),
(695, 2, 35),
(696, 2, 36),
(697, 2, 37),
(698, 2, 38),
(699, 2, 39),
(700, 2, 40),
(701, 2, 41),
(702, 2, 42),
(703, 2, 43),
(704, 2, 44),
(705, 2, 45),
(706, 2, 46),
(707, 2, 47),
(708, 2, 48),
(709, 2, 49),
(710, 2, 50),
(711, 2, 51),
(712, 2, 52),
(713, 2, 53),
(714, 2, 54),
(715, 2, 55),
(716, 2, 56),
(717, 2, 57),
(718, 2, 58),
(719, 2, 59),
(720, 2, 60),
(721, 2, 61),
(722, 2, 62),
(723, 2, 63),
(724, 2, 64),
(725, 2, 65),
(726, 2, 66),
(133, 3, 1),
(134, 3, 2),
(135, 3, 3),
(136, 3, 4),
(137, 3, 5),
(138, 3, 6),
(139, 3, 7),
(140, 3, 8),
(141, 3, 9),
(142, 3, 10),
(143, 3, 11),
(144, 3, 12),
(145, 3, 13),
(146, 3, 14),
(147, 3, 15),
(148, 3, 16),
(149, 3, 17),
(150, 3, 18),
(151, 3, 19),
(152, 3, 20),
(153, 3, 21),
(154, 3, 22),
(155, 3, 23),
(156, 3, 24),
(157, 3, 25),
(158, 3, 26),
(159, 3, 27),
(160, 3, 28),
(161, 3, 29),
(162, 3, 30),
(163, 3, 31),
(164, 3, 32),
(165, 3, 33),
(166, 3, 34),
(167, 3, 35),
(168, 3, 36),
(169, 3, 37),
(170, 3, 38),
(171, 3, 39),
(172, 3, 40),
(173, 3, 41),
(174, 3, 42),
(175, 3, 43),
(176, 3, 44),
(177, 3, 45),
(178, 3, 46),
(179, 3, 47),
(180, 3, 48),
(181, 3, 49),
(182, 3, 50),
(183, 3, 51),
(184, 3, 52),
(185, 3, 53),
(186, 3, 54),
(187, 3, 55),
(188, 3, 56),
(189, 3, 57),
(190, 3, 58),
(191, 3, 59),
(192, 3, 60),
(193, 3, 61),
(194, 3, 62),
(195, 3, 63),
(196, 3, 64),
(197, 3, 65),
(198, 3, 66),
(275, 7, 1),
(276, 7, 2),
(277, 7, 3),
(278, 7, 4),
(279, 7, 5),
(280, 7, 6),
(281, 7, 7),
(282, 7, 8),
(283, 7, 9),
(284, 7, 10),
(961, 8, 1),
(962, 8, 2),
(963, 8, 3),
(964, 8, 4),
(965, 8, 5),
(966, 8, 6),
(967, 8, 7),
(968, 8, 8),
(969, 8, 9),
(970, 8, 10),
(971, 8, 11),
(972, 8, 12),
(973, 8, 13),
(974, 8, 14),
(975, 8, 15),
(976, 8, 16),
(977, 8, 17),
(978, 8, 18),
(979, 8, 19),
(980, 8, 20),
(981, 8, 21),
(982, 8, 22),
(983, 8, 23),
(984, 8, 24),
(985, 8, 25),
(986, 8, 26),
(987, 8, 27),
(988, 8, 28),
(989, 8, 29),
(990, 8, 30),
(991, 8, 31),
(992, 8, 32),
(993, 8, 33),
(994, 8, 34),
(995, 8, 35),
(996, 8, 36),
(997, 8, 37),
(998, 8, 38),
(999, 8, 39),
(1000, 8, 40),
(1001, 8, 41),
(1002, 8, 42),
(1003, 8, 43),
(1004, 8, 44),
(1005, 8, 45),
(1006, 8, 46),
(1007, 8, 47),
(1008, 8, 48),
(1009, 8, 49),
(1010, 8, 50),
(1011, 8, 51),
(1012, 8, 52),
(1013, 8, 53),
(1014, 8, 54),
(1015, 8, 55),
(1016, 8, 56),
(1017, 8, 57),
(1018, 8, 58),
(1019, 8, 59),
(1020, 8, 60),
(1021, 8, 61),
(1022, 8, 62),
(1023, 8, 63),
(1024, 8, 64),
(1025, 8, 65),
(1026, 8, 66),
(1027, 8, 67),
(1028, 8, 68),
(1029, 8, 69),
(1030, 8, 70),
(1031, 8, 71),
(1032, 8, 72),
(1033, 8, 73),
(1034, 8, 74),
(1035, 8, 75),
(285, 10, 3),
(1194, 12, 1),
(1195, 12, 2),
(1196, 12, 3),
(1197, 12, 4),
(1198, 12, 5),
(1199, 12, 6),
(1200, 12, 7),
(1201, 12, 8),
(1202, 12, 9),
(1203, 12, 10),
(1204, 12, 11),
(1205, 12, 12),
(1206, 12, 13),
(1207, 12, 14),
(1208, 12, 15),
(1209, 12, 16),
(1210, 12, 17),
(1211, 12, 18),
(1212, 12, 19),
(1213, 12, 20),
(1214, 12, 21),
(1215, 12, 22),
(1216, 12, 23),
(1217, 12, 24),
(1218, 12, 25),
(1219, 12, 26),
(1220, 12, 27),
(1221, 12, 28),
(1222, 12, 29),
(1223, 12, 30),
(1224, 12, 31),
(1225, 12, 32),
(1226, 12, 33),
(1227, 12, 34),
(1228, 12, 35),
(1229, 12, 36),
(1230, 12, 37),
(1231, 12, 38),
(1232, 12, 39),
(1233, 12, 40),
(1234, 12, 41),
(1235, 12, 42),
(1236, 12, 43),
(1237, 12, 44),
(1238, 12, 45),
(1239, 12, 46),
(1240, 12, 47),
(1241, 12, 48),
(1242, 12, 49),
(1243, 12, 50),
(1244, 12, 51),
(1245, 12, 52),
(1246, 12, 53),
(1247, 12, 54),
(1248, 12, 55),
(1249, 12, 56),
(1250, 12, 57),
(1251, 12, 58),
(1252, 12, 59),
(1253, 12, 60),
(1254, 12, 61),
(1255, 12, 62),
(1256, 12, 63),
(1257, 12, 64),
(1258, 12, 65),
(1259, 12, 66),
(1260, 12, 67),
(1261, 12, 68),
(1262, 12, 69),
(1263, 12, 70),
(1264, 12, 71),
(1265, 12, 72),
(1266, 12, 73),
(1267, 12, 74),
(1268, 12, 75),
(1269, 12, 76),
(1270, 12, 77),
(1271, 12, 78),
(1272, 12, 82),
(1273, 12, 83),
(1274, 12, 84),
(1193, 13, 7);

-- --------------------------------------------------------

--
-- Table structure for table `django_admin_log`
--

CREATE TABLE IF NOT EXISTS `django_admin_log` (
  `id` int(11) NOT NULL AUTO_INCREMENT,
  `action_time` datetime NOT NULL,
  `user_id` int(11) NOT NULL,
  `content_type_id` int(11) DEFAULT NULL,
  `object_id` longtext,
  `object_repr` varchar(200) NOT NULL,
  `action_flag` smallint(5) unsigned NOT NULL,
  `change_message` longtext NOT NULL,
  PRIMARY KEY (`id`),
  KEY `django_admin_log_6340c63c` (`user_id`),
  KEY `django_admin_log_37ef4eb4` (`content_type_id`)
) ENGINE=InnoDB  DEFAULT CHARSET=latin1 AUTO_INCREMENT=527 ;

--
-- Dumping data for table `django_admin_log`
--

INSERT INTO `django_admin_log` (`id`, `action_time`, `user_id`, `content_type_id`, `object_id`, `object_repr`, `action_flag`, `change_message`) VALUES
(1, '2014-10-06 13:00:51', 1, 4, '2', 'lillian', 1, ''),
(2, '2014-10-06 13:01:12', 1, 4, '3', 'joan_mary', 1, ''),
(3, '2014-10-06 13:01:28', 1, 4, '4', 'sajeev', 1, ''),
(4, '2014-10-06 13:01:51', 1, 4, '5', 'james_joseph', 1, ''),
(5, '2014-10-06 13:02:30', 1, 4, '6', 'jt', 1, ''),
(6, '2014-10-06 13:02:42', 1, 17, '6', 'jt - admin', 2, 'Changed gender and type.'),
(7, '2014-10-06 13:03:36', 1, 17, '5', 'james_joseph - approver', 2, 'Changed gender and type.'),
(8, '2014-10-06 13:03:42', 1, 17, '4', 'sajeev - otheruser', 2, 'Changed gender and type.'),
(9, '2014-10-06 13:06:31', 1, 9, '1', 'Choice Trading Corporation', 1, ''),
(10, '2014-10-06 13:08:04', 1, 8, '1', 'C&S WHOLESALE GIANT CARLISLE', 1, ''),
(11, '2014-10-06 13:08:18', 1, 8, '2', 'Censea Inc', 1, ''),
(12, '2014-10-06 13:08:38', 1, 11, '1', 'Cpto', 1, ''),
(13, '2014-10-06 13:08:49', 1, 11, '2', 'RPTO', 1, ''),
(14, '2014-10-06 13:09:01', 1, 11, '3', 'REZP', 1, ''),
(15, '2014-10-06 13:09:07', 1, 11, '4', 'CIST', 1, ''),
(16, '2014-10-06 13:09:13', 1, 11, '5', 'CPND', 1, ''),
(17, '2014-10-06 13:09:18', 1, 11, '6', 'RPND', 1, ''),
(18, '2014-10-06 13:09:31', 1, 11, '7', 'CPUD', 1, ''),
(19, '2014-10-06 13:10:54', 1, 13, '1', '4X5 LB', 1, ''),
(20, '2014-10-06 13:10:58', 1, 13, '2', '10X1 LB', 1, ''),
(21, '2014-10-06 13:11:03', 1, 13, '3', '10X1 LB', 1, ''),
(22, '2014-10-06 13:11:06', 1, 13, '4', '24X12 OZ', 1, ''),
(23, '2014-10-06 13:11:10', 1, 13, '5', '5X2 LB', 1, ''),
(24, '2014-10-06 13:11:13', 1, 13, '6', '10X2 LB', 1, ''),
(25, '2014-10-06 13:11:15', 1, 13, '7', '12X12 OZ', 1, ''),
(26, '2014-10-06 13:11:29', 1, 12, '1', '16/20', 1, ''),
(27, '2014-10-06 13:11:32', 1, 12, '2', '21/25', 1, ''),
(28, '2014-10-06 13:11:34', 1, 12, '3', '26/30', 1, ''),
(29, '2014-10-06 13:11:37', 1, 12, '4', '31/40', 1, ''),
(30, '2014-10-06 13:11:40', 1, 12, '5', '41/50', 1, ''),
(31, '2014-10-06 13:11:43', 1, 12, '6', '51/60', 1, ''),
(32, '2014-10-06 13:29:55', 1, 14, '1', 'Tastee Choice', 1, ''),
(33, '2014-10-06 13:35:00', 1, 14, '2', 'TASTEE CHOICE', 1, ''),
(34, '2014-10-06 13:35:42', 1, 14, '2', 'TASTEE CHOICE', 3, ''),
(35, '2014-10-06 13:35:55', 1, 14, '3', 'GOLD STAR', 1, ''),
(36, '2014-10-06 13:36:00', 1, 14, '4', 'PRICE CHOPPER', 1, ''),
(37, '2014-10-06 13:36:05', 1, 14, '5', 'TC-COSTCO', 1, ''),
(38, '2014-10-06 13:36:10', 1, 14, '6', 'WALMART', 1, ''),
(39, '2014-10-06 13:36:15', 1, 14, '7', 'PEARLMARK', 1, ''),
(40, '2014-10-06 14:27:13', 1, 4, '3', 'joan_mary', 2, 'Changed user_permissions.'),
(41, '2014-10-06 14:27:34', 1, 4, '2', 'lillian', 2, 'Changed user_permissions.'),
(42, '2014-10-06 14:28:24', 1, 17, '3', 'joan_mary - superadmin', 2, 'Changed gender and type.'),
(43, '2014-10-06 14:56:03', 3, 11, '8', 'CKD WHITE SHRIMP RINGS', 1, ''),
(44, '2014-10-06 14:56:10', 3, 11, '9', 'Raw P&D Tail-On  Skewer Shrimp ', 1, ''),
(45, '2014-10-06 14:56:47', 3, 14, '1', 'TASTEE CHOICE', 2, 'Changed name.'),
(46, '2014-10-06 14:57:01', 3, 14, '8', 'TASTEE CHOICE/WF', 1, ''),
(47, '2014-10-06 15:01:58', 3, 12, '7', '13/15', 1, ''),
(48, '2014-10-06 15:02:32', 3, 12, '8', '61/70', 1, ''),
(49, '2014-10-06 15:02:39', 3, 12, '9', '71/90', 1, ''),
(50, '2014-10-06 15:02:43', 3, 12, '10', '91/110', 1, ''),
(51, '2014-10-06 15:02:47', 3, 12, '11', '100/200', 1, ''),
(52, '2014-10-06 15:02:59', 3, 12, '12', '150/250', 1, ''),
(53, '2014-10-06 15:03:05', 3, 12, '13', '111/130', 1, ''),
(54, '2014-10-06 15:03:13', 3, 12, '14', '250/350', 1, ''),
(55, '2014-10-06 15:03:24', 3, 12, '15', '350 UP', 1, ''),
(56, '2014-10-06 15:07:52', 3, 13, '8', '20X 1 LB', 1, ''),
(57, '2014-10-06 15:08:00', 3, 13, '9', '8X14 OZ', 1, ''),
(58, '2014-10-06 15:08:06', 3, 13, '10', '6X24 OZ', 1, ''),
(59, '2014-10-06 15:08:22', 3, 13, '8', '20X1 LB', 2, 'Changed pack.'),
(60, '2014-10-06 15:16:02', 3, 8, '3', '4FC Food Corp', 1, ''),
(61, '2014-10-06 15:16:14', 3, 8, '4', '7 Seas', 1, ''),
(62, '2014-10-06 15:16:24', 3, 8, '5', 'Costco Wholesale Canada Ltd - A/P', 1, ''),
(63, '2014-10-06 15:16:35', 3, 8, '6', 'Pacific Fresh Fish', 1, ''),
(64, '2014-10-06 15:16:45', 3, 8, '7', 'Galaxy Foods, Inc.', 1, ''),
(65, '2014-10-06 15:16:56', 3, 8, '8', 'Great White Food Service Ltd', 1, ''),
(66, '2014-10-06 15:17:06', 3, 8, '9', 'Metro', 1, ''),
(67, '2014-10-06 15:17:24', 3, 8, '10', 'Multinational', 1, ''),
(68, '2014-10-06 15:17:36', 3, 8, '11', 'Maximum', 1, ''),
(69, '2014-10-06 15:17:46', 3, 8, '12', 'B&C Foods', 1, ''),
(70, '2014-10-06 15:18:04', 3, 8, '13', 'Safeway Canada', 1, ''),
(71, '2014-10-06 15:18:42', 3, 9, '2', 'Choice Trading Corporation ', 1, ''),
(72, '2014-10-06 15:21:03', 3, 9, '2', 'Choice Trading Corporation ', 3, ''),
(73, '2014-10-06 17:19:21', 3, 20, '1', 'Cpto', 1, ''),
(74, '2014-10-06 17:19:35', 3, 20, '2', 'CIST', 1, ''),
(75, '2014-10-06 17:20:07', 3, 20, '3', 'CPND', 1, ''),
(76, '2014-10-06 17:20:19', 3, 20, '4', 'RPTO', 1, ''),
(77, '2014-10-06 17:20:28', 3, 20, '5', 'RPND', 1, ''),
(78, '2014-10-07 06:38:12', 2, 12, '15', '350 UP', 3, ''),
(79, '2014-10-07 06:38:22', 2, 12, '14', '250/350', 3, ''),
(80, '2014-10-07 06:38:33', 2, 12, '13', '111/130', 3, ''),
(81, '2014-10-07 06:38:45', 2, 12, '12', '150/250', 3, ''),
(82, '2014-10-08 18:41:46', 1, 4, '5', 'james_joseph', 2, 'Changed first_name and last_name.'),
(83, '2014-10-08 18:41:49', 1, 4, '5', 'james_joseph', 2, 'No fields changed.'),
(84, '2014-10-08 18:41:57', 1, 4, '3', 'joan_mary', 2, 'Changed first_name and last_name.'),
(85, '2014-10-08 18:45:03', 1, 4, '6', 'jt', 2, 'Changed first_name and last_name.'),
(86, '2014-10-08 18:45:12', 1, 4, '2', 'lillian', 2, 'Changed first_name and last_name.'),
(87, '2014-10-08 18:45:23', 1, 4, '4', 'sajeev', 2, 'Changed first_name.'),
(88, '2014-10-08 18:45:45', 1, 4, '1', 'admin', 2, 'Changed first_name and last_name.'),
(89, '2014-10-09 06:20:12', 3, 4, '6', 'JT', 2, 'Changed username.'),
(90, '2014-10-09 07:41:45', 3, 13, '2', '10X1 LB', 3, ''),
(91, '2014-10-09 07:50:21', 3, 13, '11', '15X340 G', 1, ''),
(92, '2014-10-09 08:02:52', 3, 13, '12', '30X340 G', 1, ''),
(93, '2014-10-09 10:21:45', 1, 13, '10', '6X24 OZ', 3, ''),
(94, '2014-10-09 10:22:09', 1, 13, '9', '8X14 OZ', 3, ''),
(95, '2014-10-09 10:22:55', 1, 13, '8', '20X1 LB', 3, ''),
(96, '2014-10-09 10:23:06', 1, 13, '7', '12X12 OZ', 3, ''),
(97, '2014-10-09 10:24:04', 1, 13, '6', '10X2 LB', 3, ''),
(98, '2014-10-09 10:24:25', 1, 13, '5', '5X2 LB', 3, ''),
(99, '2014-10-09 10:25:30', 1, 13, '4', '24X12 OZ', 3, ''),
(100, '2014-10-09 10:25:39', 1, 13, '3', '10X1 LB', 3, ''),
(101, '2014-10-09 10:27:15', 1, 13, '1', '4X5 LB', 3, ''),
(102, '2014-10-09 10:27:39', 1, 13, '13', '6X4 LB', 1, ''),
(103, '2014-10-09 10:28:38', 1, 13, '14', '12X2.2 G', 1, ''),
(104, '2014-10-09 10:29:19', 1, 13, '15', '12X8 OZ', 1, ''),
(105, '2014-10-09 10:30:42', 1, 13, '16', '12X340 G', 1, ''),
(106, '2014-10-09 10:31:07', 1, 13, '17', '36X300 G', 1, ''),
(107, '2014-10-09 10:31:39', 1, 13, '18', '13X680 G', 1, ''),
(108, '2014-10-09 10:32:09', 1, 13, '19', '32X340 G', 1, ''),
(109, '2014-10-09 10:33:50', 1, 13, '20', '6X5 LB', 1, ''),
(110, '2014-10-09 10:34:04', 1, 13, '21', '10X2 LB', 1, ''),
(111, '2014-10-09 10:34:17', 1, 13, '22', '5X2 LB', 1, ''),
(112, '2014-10-09 10:53:28', 1, 14, '8', 'TASTEE CHOICE/WF', 3, ''),
(113, '2014-10-09 10:53:41', 1, 14, '6', 'WALMART', 3, ''),
(114, '2014-10-09 10:53:59', 1, 14, '4', 'PRICE CHOPPER', 3, ''),
(115, '2014-10-09 10:54:10', 1, 14, '3', 'GOLD STAR', 3, ''),
(116, '2014-10-09 10:54:37', 1, 14, '9', 'CENTSIBLES', 1, ''),
(117, '2014-10-09 10:55:43', 1, 11, '1', 'CPTO', 2, 'Changed name.'),
(118, '2014-10-09 11:09:26', 1, 14, '10', 'ALIMENT PEARLMARK', 1, ''),
(119, '2014-10-09 15:32:53', 2, 17, '5', 'james_joseph - approver', 2, 'Changed gender.'),
(120, '2014-10-10 06:15:37', 1, 8, '1', 'C&S Wholesale Giant Carlisle', 2, 'Changed name.'),
(121, '2014-10-10 06:21:24', 1, 11, '9', 'RAW P&D TAIL-ON SKEWER SHRIMP', 2, 'Changed name.'),
(122, '2014-10-11 11:04:32', 3, 11, '10', 'EZPL', 1, ''),
(123, '2014-10-15 16:16:39', 3, 20, '6', 'EZPL', 1, ''),
(124, '2014-11-12 11:35:17', 3, 4, '7', 'Test', 1, ''),
(125, '2014-11-12 11:35:59', 3, 4, '7', 'Test', 2, 'Changed user_permissions.'),
(126, '2014-11-12 11:36:04', 3, 4, '7', 'Test', 2, 'No fields changed.'),
(127, '2014-11-17 05:26:07', 3, 8, '14', 'WAKEFERN FOOD CORPORATION', 1, ''),
(128, '2014-11-17 05:26:37', 3, 8, '15', 'C&S WHOLESALE GIANT CARLISLE', 1, ''),
(129, '2014-11-17 05:26:58', 3, 8, '16', 'BURRIS FOODS INC', 1, ''),
(130, '2014-11-17 05:27:52', 3, 8, '17', 'C&S GIANT LANDOVER', 1, ''),
(131, '2014-11-17 05:51:13', 3, 25, '1', 'US', 1, ''),
(132, '2014-11-17 06:23:52', 1, 25, '2', 'Can', 1, ''),
(133, '2014-11-17 10:20:43', 3, 8, '18', 'GOLUB', 1, ''),
(134, '2014-11-17 10:21:06', 3, 8, '19', 'WALL-MART', 1, ''),
(135, '2014-11-17 10:21:29', 3, 8, '20', 'NORTH COAST', 1, ''),
(136, '2014-11-17 10:21:42', 3, 8, '21', 'PANERA', 1, ''),
(137, '2014-11-17 10:21:53', 3, 8, '22', 'SAFEWAY', 1, ''),
(138, '2014-11-17 10:22:01', 3, 8, '23', 'AHOLD', 1, ''),
(139, '2014-11-17 10:22:20', 3, 8, '24', 'CARNIVAL CRUISE', 1, ''),
(140, '2014-11-17 10:23:04', 3, 25, '1', 'US', 2, 'Changed customer.'),
(141, '2014-11-17 10:23:27', 3, 25, '3', 'US', 1, ''),
(142, '2014-11-17 10:23:38', 3, 25, '4', 'US', 1, ''),
(143, '2014-11-17 10:23:52', 3, 25, '5', 'US', 1, ''),
(144, '2014-11-17 10:24:04', 3, 25, '6', 'US', 1, ''),
(145, '2014-11-17 10:24:18', 3, 25, '7', 'US', 1, ''),
(146, '2014-11-17 10:24:29', 3, 25, '8', 'US', 1, ''),
(147, '2014-11-17 10:25:06', 3, 25, '9', 'Can', 1, ''),
(148, '2014-11-17 10:25:22', 3, 25, '10', 'Can', 1, ''),
(149, '2014-11-17 10:25:49', 3, 25, '11', 'Can', 1, ''),
(150, '2014-11-17 10:26:03', 3, 25, '12', 'Can', 1, ''),
(151, '2014-11-17 10:38:30', 3, 4, '8', 'Phil_Bravo', 1, ''),
(152, '2014-11-17 10:38:44', 3, 4, '8', 'Phil_Bravo', 2, 'No fields changed.'),
(153, '2014-11-17 10:39:25', 3, 4, '8', 'Phil_Bravo', 2, 'Changed first_name and last_name.'),
(154, '2014-11-24 16:25:18', 3, 4, '9', 'Maria_Jose', 1, ''),
(155, '2014-11-24 16:25:47', 3, 4, '9', 'Maria_Jose', 2, 'Changed first_name and last_name.'),
(156, '2014-11-24 16:25:51', 3, 4, '9', 'Maria_Jose', 2, 'No fields changed.'),
(157, '2014-11-26 10:02:11', 3, 9, '3', 'OKEANOS FOODS COMPANY LTD', 1, ''),
(158, '2014-11-26 10:02:24', 3, 9, '3', 'ONGKORN SEAFOOD THAILAND', 2, 'Changed name.'),
(159, '2014-11-26 10:02:36', 3, 9, '3', 'ONGKORN SEAFOOD THAILAND', 2, 'No fields changed.'),
(160, '2014-11-26 10:02:46', 3, 9, '3', 'ONGKORN SEAFOOD THAILAND', 2, 'No fields changed.'),
(161, '2014-11-26 10:03:14', 3, 9, '4', 'OKEANOS FOODS COMPANY LTD', 1, ''),
(162, '2014-11-26 10:04:00', 3, 25, '13', 'Can', 1, ''),
(163, '2014-11-26 10:04:23', 3, 25, '14', 'Can', 1, ''),
(164, '2014-11-26 11:08:41', 3, 8, '25', 'FEDERATED COOP LTD', 1, ''),
(165, '2014-11-26 11:09:19', 3, 25, '15', 'Can', 1, ''),
(166, '2014-11-26 11:14:59', 3, 11, '11', 'CSHR', 1, ''),
(167, '2014-11-26 11:15:56', 3, 11, '11', 'CSHR', 3, ''),
(168, '2014-11-26 11:17:03', 3, 12, '16', '50/60', 1, ''),
(169, '2014-11-26 13:53:04', 3, 4, '10', 'Subin', 1, ''),
(170, '2014-11-26 13:53:36', 3, 4, '10', 'Subin', 2, 'Changed first_name, last_name and user_permissions.'),
(171, '2014-11-26 14:53:18', 1, 4, '8', 'Phil_Bravo', 2, 'Changed user_permissions.'),
(172, '2014-11-26 14:53:29', 1, 4, '8', 'Phil_Bravo', 2, 'No fields changed.'),
(173, '2014-11-26 14:53:31', 1, 4, '8', 'Phil_Bravo', 2, 'No fields changed.'),
(174, '2014-11-26 14:54:12', 1, 4, '8', 'Phil_Bravo', 2, 'No fields changed.'),
(175, '2014-11-26 15:07:08', 3, 4, '8', 'Phil_Bravo', 2, 'No fields changed.'),
(176, '2014-11-26 15:12:37', 3, 11, '12', 'Cooked Easy Peel', 1, ''),
(177, '2014-11-26 15:15:15', 3, 14, '11', 'Ahold', 1, ''),
(178, '2014-11-26 15:15:33', 3, 14, '12', 'Price Chopper', 1, ''),
(179, '2014-11-26 15:15:49', 3, 14, '13', 'Walmart', 1, ''),
(180, '2014-11-26 15:18:02', 3, 13, '23', '20X1 LB', 1, ''),
(181, '2014-11-26 15:18:33', 3, 13, '24', '10X1 LB', 1, ''),
(182, '2014-11-26 15:19:27', 3, 13, '25', '1X20 LB', 1, ''),
(183, '2014-11-26 15:20:15', 3, 13, '26', '12X12 OZ', 1, ''),
(184, '2014-11-26 15:21:38', 8, 14, '11', 'AHOLD', 2, 'Changed name.'),
(185, '2014-11-26 15:21:54', 8, 14, '12', 'PRICE CHOPPER', 2, 'Changed name.'),
(186, '2014-11-26 15:22:06', 8, 14, '13', 'WALMART', 2, 'Changed name.'),
(187, '2014-11-26 17:16:07', 1, 4, '1', 'admin', 2, 'Changed password.'),
(188, '2014-11-26 17:16:10', 1, 4, '2', 'lillian', 2, 'No fields changed.'),
(189, '2014-11-26 18:03:16', 1, 8, '26', 'Pearlmark Foods ', 1, ''),
(190, '2014-11-26 21:41:54', 2, 8, '27', 'Restaurant Depot', 1, ''),
(191, '2014-11-26 21:51:11', 1, 25, '16', 'US', 1, ''),
(192, '2014-11-26 21:53:05', 1, 25, '16', 'US', 2, 'Changed packer.'),
(193, '2014-11-26 21:54:33', 1, 25, '16', 'US', 3, ''),
(194, '2014-11-26 21:55:59', 1, 25, '17', 'US', 1, ''),
(195, '2014-11-26 21:56:39', 1, 25, '17', 'US', 2, 'Changed customer.'),
(196, '2014-11-26 21:58:08', 1, 25, '17', 'US', 3, ''),
(197, '2014-11-27 04:38:16', 3, 25, '15', 'Can', 2, 'Changed packer.'),
(198, '2014-11-27 04:38:34', 3, 25, '14', 'Can', 2, 'Changed customer.'),
(199, '2014-11-27 04:38:40', 3, 25, '13', 'Can', 2, 'Changed customer.'),
(200, '2014-11-27 05:26:25', 3, 25, '18', 'US', 1, ''),
(201, '2014-11-27 18:38:17', 1, 11, '12', 'COOKED EASY PEEL', 2, 'Changed name.'),
(202, '2014-11-27 18:47:15', 3, 26, '1', 'NEW YORK', 1, ''),
(203, '2014-11-27 18:48:00', 3, 26, '2', 'MONTREAL', 1, ''),
(204, '2014-11-27 18:49:45', 3, 26, '3', 'VANCOUVER', 1, ''),
(205, '2014-11-27 18:51:36', 3, 26, '3', 'VANCOUVER', 2, 'No fields changed.'),
(206, '2014-11-27 18:51:41', 3, 26, '4', 'LA', 1, ''),
(207, '2014-11-27 18:52:17', 3, 26, '5', 'CALGARY', 1, ''),
(208, '2014-11-27 19:53:28', 3, 25, '18', 'US - Choice Trading Corporation - WALL-MART - LA', 2, 'Changed customer.'),
(209, '2014-11-27 19:54:20', 3, 25, '19', 'Can - Choice Trading Corporation - Safeway Canada - VANCOUVER', 1, ''),
(210, '2014-11-27 19:56:55', 3, 25, '19', 'Can - ONGKORN SEAFOOD THAILAND - Safeway Canada - VANCOUVER', 2, 'Changed packer.'),
(211, '2014-11-28 11:28:20', 3, 16, '6', 'lillian', 2, 'Changed final_approver_remarks.'),
(212, '2014-11-28 11:29:17', 3, 16, '6', 'lillian', 2, 'No fields changed.'),
(213, '2014-11-28 11:30:29', 3, 16, '6', 'lillian', 2, 'No fields changed.'),
(214, '2014-11-28 11:33:45', 3, 16, '6', 'lillian', 2, 'Changed approver_remarks and final_approver_remarks.'),
(215, '2014-11-28 11:35:11', 3, 16, '6', 'lillian', 2, 'Changed approver_remarks.'),
(216, '2014-11-28 11:49:24', 3, 16, '5', 'lillian', 2, 'Changed approver_remarks.'),
(217, '2014-11-28 11:50:31', 3, 16, '6', 'lillian', 2, 'Changed approver_remarks.'),
(218, '2014-11-28 12:00:20', 3, 15, '14', 'RPND', 2, 'No fields changed.'),
(219, '2014-11-28 18:07:59', 2, 8, '28', 'Sobeys Quebec', 1, ''),
(220, '2014-11-28 18:08:07', 2, 8, '28', 'Sobeys Quebec', 2, 'No fields changed.'),
(221, '2014-11-28 18:17:16', 2, 8, '29', 'Sobeys Quebec ', 1, ''),
(222, '2014-11-28 18:17:50', 2, 8, '28', 'Sobeys Quebec', 3, ''),
(223, '2014-11-28 18:20:38', 1, 25, '20', 'US - None - C&S Wholesale Giant Carlisle - None', 1, ''),
(224, '2014-11-28 18:22:09', 1, 25, '13', 'Can - ONGKORN SEAFOOD THAILAND - None - VANCOUVER', 2, 'Changed customer.'),
(225, '2014-11-28 18:24:01', 1, 25, '20', 'US - Choice Trading Corporation - C&S Wholesale Giant Carlisle - None', 2, 'Changed packer.'),
(226, '2014-11-28 18:25:15', 1, 25, '20', 'US - Choice Trading Corporation - C&S Wholesale Giant Carlisle - NEW YORK', 2, 'Changed destination.'),
(227, '2014-11-28 18:56:34', 2, 13, '27', '10 x 340g', 1, ''),
(228, '2014-11-29 05:01:45', 2, 13, '27', '10X340 G', 2, 'Changed pack.'),
(229, '2014-11-29 13:42:27', 3, 11, '13', 'PRAWN SKEWER ', 1, ''),
(230, '2014-11-29 14:06:04', 3, 11, '13', 'PRAWN SKEWER PDT/ON ', 2, 'Changed name.'),
(231, '2014-11-29 14:07:59', 3, 11, '13', 'PRAWN SKEWER P&D TAIL-ON', 2, 'Changed name.'),
(232, '2014-11-29 14:09:11', 3, 12, '17', '50 CT', 1, ''),
(233, '2014-12-01 11:03:43', 3, 16, '7', 'lillian', 2, 'Changed status.'),
(234, '2014-12-01 12:03:16', 3, 16, '7', 'lillian', 2, 'Changed customer.'),
(235, '2014-12-01 12:12:42', 2, 13, '28', '4.5 lb bulk', 1, ''),
(236, '2014-12-01 12:12:52', 2, 13, '29', '10 lb bulk', 1, ''),
(237, '2014-12-01 14:57:03', 2, 13, '29', '10 LB', 2, 'Changed pack.'),
(238, '2014-12-01 14:57:11', 2, 13, '28', '4.5 LB', 2, 'Changed pack.'),
(239, '2014-12-01 15:03:08', 2, 13, '29', '10X1 LB', 2, 'Changed pack.'),
(240, '2014-12-01 15:03:17', 2, 13, '29', '10X1 LB', 2, 'No fields changed.'),
(241, '2014-12-01 15:03:24', 2, 13, '28', '4.5X1 LB', 2, 'Changed pack.'),
(242, '2014-12-02 17:33:24', 3, 15, '15', 'RPTO', 2, 'Changed quoted_price.'),
(243, '2014-12-02 17:36:36', 3, 15, '16', 'RPTO', 2, 'Changed quoted_price.'),
(244, '2014-12-02 17:37:35', 3, 15, '17', 'RPTO', 2, 'Changed quoted_price.'),
(245, '2014-12-02 17:38:14', 3, 15, '18', 'RPTO', 2, 'Changed quoted_price.'),
(246, '2014-12-03 13:17:13', 1, 8, '30', 'WHOLEY', 1, ''),
(247, '2014-12-05 11:19:12', 3, 16, '13', 'lillian', 2, 'Changed specifications and approver_remarks.'),
(248, '2014-12-05 11:27:41', 3, 15, '39', 'RPTO', 2, 'Changed quoted_price and currency.'),
(249, '2014-12-05 11:29:56', 3, 15, '39', 'RPTO', 2, 'Changed gross_profit.'),
(250, '2014-12-05 12:16:29', 3, 16, '13', 'lillian', 2, 'Changed status.'),
(251, '2014-12-08 17:53:06', 2, 13, '30', 'CHOICE HARVEST', 1, ''),
(252, '2014-12-08 17:54:17', 2, 14, '14', 'CHOICE HARVEST', 1, ''),
(253, '2014-12-08 17:54:49', 2, 14, '14', 'CHOICE HARVEST', 3, ''),
(254, '2014-12-08 17:55:34', 2, 13, '30', 'CHOICE HARVEST', 3, ''),
(255, '2014-12-08 17:56:14', 2, 14, '15', 'CHOICE HARVEST', 1, ''),
(256, '2014-12-10 17:04:10', 2, 8, '31', 'Albertsons SLC', 1, ''),
(257, '2014-12-11 17:51:52', 1, 16, '20', 'lillian', 2, 'Changed customer and specifications.'),
(258, '2014-12-12 06:44:03', 3, 15, '21', 'RPTO', 2, 'Changed final_price.'),
(259, '2014-12-12 06:49:20', 3, 15, '19', 'RPTO', 2, 'Changed final_price.'),
(260, '2014-12-12 07:03:43', 3, 15, '20', '20 - RPTO', 2, 'Changed gross_profit.'),
(261, '2014-12-12 19:59:07', 2, 11, '14', 'BF Marinated shell-on', 1, ''),
(262, '2014-12-15 17:16:25', 2, 11, '15', 'Marinated Shrimp with Lemongrass garlic (Chem Free)', 1, ''),
(263, '2014-12-15 17:18:08', 2, 11, '15', 'MARINATED SHRIMP WITH LEMONGRASS GARLIC (CHEM FREE)', 2, 'Changed name.'),
(264, '2014-12-15 17:19:28', 2, 11, '16', 'MARINATED SHRIMP WITH LEMONGRASS GARLIC (REGULAR TREATMENT)', 1, ''),
(265, '2014-12-15 17:22:51', 2, 13, '31', '12X1 KG', 1, ''),
(266, '2014-12-15 17:24:01', 2, 13, '32', '12X340 G', 1, ''),
(267, '2014-12-15 17:39:50', 2, 8, '32', 'Crystal Cruise Lines', 1, ''),
(268, '2014-12-15 18:38:00', 2, 13, '31', '12X1000 G', 2, 'Changed pack.'),
(269, '2014-12-16 03:50:17', 2, 16, '8', 'RFQ/Can/8 - lillian - rfq_generated - 2014-11-25', 2, 'Changed status.'),
(270, '2014-12-16 17:00:41', 2, 16, '5', 'RFQ/Can/5 - lillian - rfq_generated - 2014-11-26', 2, 'Changed status.'),
(271, '2014-12-17 14:53:41', 2, 8, '33', 'Galaxy Foods', 1, ''),
(272, '2014-12-17 15:20:54', 1, 25, '21', 'Can - None - Galaxy Foods, Inc. - None', 1, ''),
(273, '2014-12-17 15:22:47', 1, 25, '21', 'Can - None - Galaxy Foods, Inc. - None', 3, ''),
(274, '2014-12-17 15:23:07', 1, 25, '22', 'US - None - Galaxy Foods, Inc. - None', 1, ''),
(275, '2014-12-17 15:40:21', 2, 8, '34', 'Kikka Sushi', 1, ''),
(276, '2014-12-17 16:19:23', 2, 16, '22', 'RFQ/US/22 - lillian - response_received - 2014-12-15', 2, 'Changed customer.'),
(277, '2014-12-17 16:28:18', 2, 8, '35', 'Ocean Foods Sales', 1, ''),
(278, '2014-12-17 19:49:45', 2, 14, '16', 'Private Label', 1, ''),
(279, '2014-12-23 10:40:43', 3, 15, '71', '71 - RPTO', 2, 'Changed final_price.'),
(280, '2014-12-23 10:41:11', 3, 15, '74', '74 - RPTO', 2, 'Changed final_price.'),
(281, '2014-12-23 10:41:24', 3, 15, '75', '75 - RPTO', 2, 'Changed final_price.'),
(282, '2014-12-23 10:41:36', 3, 15, '76', '76 - CPTO', 2, 'Changed final_price.'),
(283, '2014-12-23 10:46:59', 3, 15, '72', '72 - RPTO', 2, 'Changed final_price.'),
(284, '2014-12-23 10:47:08', 3, 15, '73', '73 - RPTO', 2, 'Changed final_price.'),
(285, '2014-12-24 13:27:27', 1, 15, '72', '72 - RPTO', 2, 'Changed final_price.'),
(286, '2014-12-24 13:28:44', 1, 15, '73', '73 - RPTO', 2, 'Changed final_price.'),
(287, '2014-12-24 13:33:36', 1, 15, '5', '5 - RPTO', 2, 'Changed final_price.'),
(288, '2014-12-24 13:34:55', 1, 15, '6', '6 - RPTO', 2, 'Changed final_price.'),
(289, '2014-12-24 13:35:33', 1, 15, '7', '7 - RPTO', 2, 'Changed final_price.'),
(290, '2014-12-24 13:36:11', 1, 15, '8', '8 - RPTO', 2, 'Changed final_price.'),
(291, '2014-12-24 13:47:05', 1, 15, '9', '9 - RPTO', 2, 'Changed final_price.'),
(292, '2014-12-24 13:47:34', 1, 15, '10', '10 - CPTO', 2, 'Changed final_price.'),
(293, '2014-12-24 13:47:59', 1, 15, '11', '11 - CPTO', 2, 'Changed final_price.'),
(294, '2014-12-24 13:48:34', 1, 15, '12', '12 - CPTO', 2, 'Changed final_price.'),
(295, '2014-12-24 13:49:10', 1, 15, '13', '13 - CPTO', 2, 'Changed final_price.'),
(296, '2015-01-05 14:58:30', 1, 26, '6', 'Toronto', 1, ''),
(297, '2015-01-05 14:59:37', 1, 26, '6', 'TORONTO', 2, 'Changed name.'),
(298, '2015-01-05 15:08:36', 1, 25, '23', 'Can - None - None - TORONTO', 1, ''),
(299, '2015-01-05 15:10:53', 1, 25, '23', 'Can - None - None - TORONTO', 2, 'No fields changed.'),
(300, '2015-01-05 15:11:03', 1, 25, '23', 'Can - None - None - TORONTO', 2, 'No fields changed.'),
(301, '2015-01-05 15:17:54', 1, 11, '17', 'IQF HLSO PULLED VEIN', 1, ''),
(302, '2015-01-05 15:28:42', 2, 12, '18', '36/40', 1, ''),
(303, '2015-01-09 12:39:00', 3, 26, '7', 'MIAMI', 1, ''),
(304, '2015-01-09 12:39:05', 3, 26, '7', 'MIAMI', 2, 'No fields changed.'),
(305, '2015-01-09 12:58:29', 3, 16, '38', 'RFQ/US/38 - Phil_Bravo - response_received - 2014-12-02', 2, 'Changed requester.'),
(306, '2015-01-09 13:00:08', 3, 16, '37', 'RFQ/US/37 - Phil_Bravo - response_received - 2014-12-02', 2, 'Changed requester.'),
(307, '2015-01-09 13:00:18', 3, 16, '36', 'RFQ/US/36 - Phil_Bravo - response_received - 2014-12-02', 2, 'Changed requester.'),
(308, '2015-01-09 13:00:27', 3, 16, '35', 'RFQ/US/35 - Phil_Bravo - response_received - 2014-12-02', 2, 'Changed requester.'),
(309, '2015-01-09 13:00:39', 3, 16, '34', 'RFQ/US/34 - Phil_Bravo - response_received - 2014-12-02', 2, 'Changed requester.'),
(310, '2015-01-09 13:05:25', 3, 16, '37', 'RFQ/US/37 - Phil_Bravo - response_received - 2014-12-02', 2, 'Changed customer.'),
(311, '2015-01-09 13:07:19', 3, 9, '5', 'AVANTI FEED LTD', 1, ''),
(312, '2015-01-09 13:07:30', 3, 9, '6', 'SURYAMITRA EXIM PVT LTD', 1, ''),
(313, '2015-01-09 13:10:00', 3, 9, '7', 'TEY SENG COLD STORAGE CO LTD', 1, ''),
(314, '2015-01-09 13:10:05', 3, 9, '8', 'STAPIMEX', 1, ''),
(315, '2015-01-09 13:17:41', 3, 26, '8', 'QUAKERTOWN', 1, ''),
(316, '2015-01-09 13:18:45', 8, 14, '17', 'PLAIN', 1, ''),
(317, '2015-01-09 13:27:53', 3, 16, '44', 'RFQ/US/44 - Phil_Bravo - rfq_generated - 2014-12-26', 2, 'Changed delivery_date.'),
(318, '2015-01-09 13:41:42', 3, 26, '9', 'PITTSTON', 1, ''),
(319, '2015-01-09 15:12:29', 3, 12, '19', '100/150', 1, ''),
(320, '2015-01-09 15:13:17', 2, 13, '33', '1x22 lbs', 1, ''),
(321, '2015-01-09 15:13:27', 2, 13, '34', '1x22 lbs', 1, ''),
(322, '2015-01-09 16:40:14', 1, 16, '39', 'RFQ/US/39 - Phil_Bravo - po_issued - 2014-12-26', 2, 'Changed po.'),
(323, '2015-01-12 06:49:02', 8, 12, '20', '250/350', 1, ''),
(324, '2015-01-12 11:53:29', 3, 9, '9', 'PT BANCAR MAKMUR', 1, ''),
(325, '2015-01-12 11:53:44', 3, 9, '10', 'PT BAHARAI MAKMUR SEJATI', 1, ''),
(326, '2015-01-12 11:53:54', 3, 9, '11', 'PT SEKAR BUMI', 1, ''),
(327, '2015-01-12 11:55:58', 3, 26, '10', 'GOULDSBOROUGH', 1, ''),
(328, '2015-01-12 12:19:10', 3, 9, '12', 'PT BANCAR MAKMUR INDAH', 1, ''),
(329, '2015-01-12 17:06:38', 2, 12, '21', '13/15', 1, ''),
(330, '2015-01-19 21:31:56', 2, 8, '36', 'Slade Gorton', 1, ''),
(331, '2015-01-20 21:17:34', 2, 8, '37', 'Southwind Foods', 1, ''),
(332, '2015-01-20 21:20:28', 2, 12, '22', '150/250', 1, ''),
(333, '2015-01-28 09:28:51', 2, 13, '35', '20x340 gms', 1, ''),
(334, '2015-01-28 10:14:08', 3, 15, '161', '161 - CPTO', 2, 'Changed currency.'),
(335, '2015-01-28 10:14:12', 3, 15, '161', '161 - CPTO', 2, 'No fields changed.'),
(336, '2015-01-28 10:14:24', 3, 15, '160', '160 - CPND', 2, 'Changed currency.'),
(337, '2015-01-28 10:31:54', 2, 13, '36', '15x454 G', 1, ''),
(338, '2015-01-28 10:32:05', 2, 13, '37', '10X680 G', 1, ''),
(339, '2015-02-02 16:06:44', 1, 15, '156', '156 - RPTO', 2, 'Changed quoted_price.'),
(340, '2015-02-02 16:07:12', 1, 15, '157', '157 - RPND', 2, 'Changed quoted_price.'),
(341, '2015-02-02 16:07:37', 1, 15, '158', '158 - REZP', 2, 'Changed quoted_price.'),
(342, '2015-02-03 07:20:06', 3, 4, '11', 'nayana_mohan', 1, ''),
(343, '2015-02-03 07:21:15', 3, 4, '11', 'nayana_mohan', 2, 'Changed first_name.'),
(344, '2015-02-06 12:36:45', 1, 4, '12', 'Ernesto.Tagle', 1, ''),
(345, '2015-02-06 12:42:50', 2, 4, '12', 'Ernesto.Tagle', 2, 'Changed first_name, last_name, email and user_permissions.'),
(346, '2015-02-06 12:44:31', 2, 4, '13', 'Shawn', 1, ''),
(347, '2015-02-06 12:45:40', 2, 4, '13', 'Shawn', 2, 'Changed first_name, last_name, email and user_permissions.'),
(348, '2015-02-10 13:31:40', 1, 15, '177', '177 - RPTO', 2, 'No fields changed.'),
(349, '2015-02-10 13:32:37', 1, 15, '177', '177 - RPTO', 2, 'Changed final_price and counter_offer.'),
(350, '2015-02-13 19:04:34', 2, 8, '38', 'Big Lots', 1, ''),
(351, '2015-02-27 21:44:17', 2, 13, '38', '12 x 10 oz', 1, ''),
(352, '2015-03-02 05:27:44', 3, 4, '8', 'Phil_Bravo', 2, 'Changed is_active.'),
(353, '2015-03-02 05:28:31', 3, 4, '3', 'joan_mary', 2, 'Changed password.'),
(354, '2015-03-02 05:28:56', 3, 4, '8', 'Phil_Bravo', 2, 'No fields changed.'),
(355, '2015-03-02 17:10:58', 1, 4, '13', 'Shawn', 2, 'Changed is_active.'),
(356, '2015-03-02 17:11:30', 1, 4, '13', 'Shawn', 2, 'No fields changed.'),
(357, '2015-03-02 17:13:03', 1, 4, '13', 'Shawn', 2, 'Changed is_staff and user_permissions.'),
(358, '2015-03-02 17:14:39', 1, 4, '1', 'admin', 2, 'Changed password.'),
(359, '2015-03-02 17:14:41', 1, 4, '13', 'Shawn', 2, 'No fields changed.'),
(360, '2015-03-03 02:31:47', 2, 8, '39', 'Bashas', 1, ''),
(361, '2015-03-04 20:03:37', 1, 4, '1', 'admin', 2, 'Changed password.'),
(362, '2015-03-04 20:03:39', 1, 4, '12', 'Ernesto.Tagle', 2, 'No fields changed.'),
(363, '2015-03-09 16:57:57', 2, 13, '39', '20 x 340g', 1, ''),
(364, '2015-03-11 16:04:04', 2, 8, '40', 'Mariner Neptune/PFF', 1, ''),
(365, '2015-03-12 14:08:55', 2, 8, '41', 'Dollar General', 1, ''),
(366, '2015-03-23 20:32:09', 2, 12, '23', '21/30', 1, ''),
(367, '2015-03-23 20:38:40', 2, 13, '40', '1 x 10 lbs', 1, ''),
(368, '2015-03-23 20:41:46', 2, 11, '18', 'MARINATED SHRIMP WITH HERB & GARLIC (REGULAR TREATMENT)', 1, ''),
(369, '2015-03-23 20:42:06', 2, 11, '19', 'MARINATED SHRIMP WITH HERB & GARLIC (CHEM FREE)', 1, ''),
(370, '2015-03-27 15:54:11', 1, 15, '218', '218 - CPND', 2, 'Changed quoted_price and counter_offer.'),
(371, '2015-03-27 15:54:39', 1, 15, '219', '219 - CPND', 2, 'Changed quoted_price and counter_offer.'),
(372, '2015-03-27 15:54:54', 1, 15, '220', '220 - CPND', 2, 'Changed quoted_price and counter_offer.'),
(373, '2015-06-01 12:55:37', 3, 8, '42', 'PESEL S.A', 1, ''),
(374, '2015-06-01 13:19:38', 3, 11, '20', 'RHLS ', 1, ''),
(375, '2015-06-01 13:20:28', 3, 12, '24', '11/15', 1, ''),
(376, '2015-06-01 16:01:47', 2, 9, '13', 'Phuong Nam', 1, ''),
(377, '2015-06-01 16:02:05', 2, 9, '14', 'Pesel S.A.', 1, ''),
(378, '2015-06-01 16:03:13', 2, 11, '21', 'Argentina Red Shrimp HLSO 16-20', 1, ''),
(379, '2015-06-01 16:03:42', 2, 11, '22', 'Argentina Red Shrimp HLSO 11-15', 1, ''),
(380, '2015-06-01 16:04:28', 2, 11, '22', 'Argentina Red Shrimp HLSO ', 2, 'Changed name.'),
(381, '2015-06-01 16:04:41', 2, 11, '21', 'Argentina Red Shrimp HLSO 16-20', 3, ''),
(382, '2015-06-01 16:05:01', 2, 11, '23', 'Black Tiger CPTO', 1, ''),
(383, '2015-06-01 16:05:16', 2, 11, '24', 'Black Tiger EZPL', 1, ''),
(384, '2015-06-01 16:05:32', 2, 11, '24', 'Black Tiger EZ PL', 2, 'Changed name.'),
(385, '2015-06-01 16:15:04', 2, 12, '25', '31/40', 1, ''),
(386, '2015-06-01 16:15:48', 2, 12, '25', '31/40', 3, ''),
(387, '2015-06-01 16:41:46', 2, 14, '18', 'Compliments', 1, ''),
(388, '2015-06-01 16:42:18', 2, 14, '19', 'Irresistibles', 1, ''),
(389, '2015-06-01 16:49:03', 2, 13, '41', '12x227g', 1, ''),
(390, '2015-06-01 16:49:30', 2, 12, '26', '50-60 ct/ring', 1, ''),
(391, '2015-06-01 17:00:52', 2, 8, '43', 'Sobeys Corporate', 1, ''),
(392, '2015-06-01 17:12:28', 2, 8, '44', 'PRICE CHOPPER', 1, ''),
(393, '2015-06-01 17:12:34', 2, 8, '45', 'LEVITTOWN', 1, ''),
(394, '2015-06-02 17:18:25', 2, 11, '25', 'SF Appetizers', 1, ''),
(395, '2015-06-02 17:20:06', 2, 12, '27', '12 x 353g', 1, ''),
(396, '2015-06-02 17:21:26', 2, 12, '27', '12x353g', 2, 'Changed size.'),
(397, '2015-06-02 17:21:28', 2, 12, '27', '12x353g', 2, 'No fields changed.'),
(398, '2015-06-02 17:23:35', 2, 12, '27', '12x353g', 3, ''),
(399, '2015-06-02 17:24:01', 2, 13, '42', '12x353g', 1, ''),
(400, '2015-06-02 17:24:03', 2, 13, '42', '12x353g', 2, 'No fields changed.'),
(401, '2015-06-02 17:25:52', 2, 9, '15', 'Pakfood', 1, ''),
(402, '2015-06-02 17:26:02', 2, 9, '15', 'PAKFOOD', 2, 'Changed name.'),
(403, '2015-06-02 18:54:39', 2, 12, '28', 'App + Dipping Sauce', 1, ''),
(404, '2015-06-02 19:07:38', 2, 12, '28', 'App + Sauce', 2, 'Changed size.'),
(405, '2015-06-03 05:00:22', 3, 8, '46', 'Lipari', 1, ''),
(406, '2015-06-03 05:01:00', 3, 8, '47', 'Sobeys Corporate', 1, ''),
(407, '2015-06-03 05:01:28', 3, 8, '48', 'Sobeys Cuebec', 1, ''),
(408, '2015-06-03 05:04:23', 3, 9, '16', 'Star Agro', 1, ''),
(409, '2015-06-03 05:07:31', 3, 8, '47', 'Sobeys Corporate', 3, ''),
(410, '2015-06-03 05:10:58', 3, 26, '11', 'Detroit', 1, ''),
(411, '2015-06-03 05:11:46', 3, 26, '11', 'DETROIT', 2, 'Changed name.'),
(412, '2015-06-03 05:17:28', 3, 14, '20', 'Wholey', 1, ''),
(413, '2015-06-03 06:24:46', 3, 8, '46', 'Lipari', 2, 'No fields changed.'),
(414, '2015-06-03 06:30:29', 3, 16, '113', 'RFQ/US/113 - joan_mary - rfq_generated - 2015-06-03', 2, 'Changed destination.'),
(415, '2015-06-03 06:40:09', 3, 15, '265', '265 - RPTO', 1, ''),
(416, '2015-06-03 06:41:42', 3, 15, '265', '265 - RPTO', 2, 'Changed quantity_in_lbs.'),
(417, '2015-06-03 06:42:48', 3, 15, '265', '265 - RPTO', 3, ''),
(418, '2015-06-03 06:46:08', 3, 15, '266', '266 - RPTO', 1, ''),
(419, '2015-06-03 06:46:29', 3, 16, '113', 'RFQ/US/113 - joan_mary - rfq_generated - 2015-06-03', 2, 'No fields changed.'),
(420, '2015-06-03 06:47:52', 3, 15, '267', '267 - RPTO', 1, ''),
(421, '2015-06-03 06:48:30', 3, 15, '266', '266 - RPTO', 3, ''),
(422, '2015-06-03 06:49:54', 3, 16, '113', 'RFQ/US/113 - joan_mary - rfq_generated - 2015-06-03', 2, 'Changed items.'),
(423, '2015-06-03 06:53:11', 3, 16, '114', 'RFQ/US/114 - joan_mary - rfq_generated - 2015-06-03', 2, 'Changed customer, terms_of_sale and delivery_date.'),
(424, '2015-06-03 06:55:09', 3, 16, '114', 'RFQ/US/114 - joan_mary - rfq_generated - 2015-06-03', 2, 'Changed specifications.'),
(425, '2015-06-03 07:37:29', 3, 16, '104', 'RFQ/Can/104 - lillian - rfq_generated - 2015-05-29', 2, 'Changed terms_of_purchase.'),
(426, '2015-06-03 07:38:00', 3, 16, '105', 'RFQ/US/105 - lillian - rfq_generated - 2015-05-29', 2, 'Changed terms_of_purchase.'),
(427, '2015-06-03 09:34:43', 3, 16, '102', 'RFQ/Can/102 - lillian - generate_po - 2015-05-26', 2, 'Changed specifications and approver_remarks.'),
(428, '2015-06-03 09:40:28', 3, 16, '103', 'RFQ/Can/103 - lillian - counter_price_added - 2015-05-29', 2, 'Changed specifications and status.'),
(429, '2015-06-03 09:44:48', 3, 16, '101', 'RFQ/Can/101 - lillian - rfq_generated - 2015-06-01', 2, 'Changed status.'),
(430, '2015-06-03 09:51:08', 3, 15, '253', '253 - RPTO', 2, 'Changed pack, cases and quantity_in_lbs.'),
(431, '2015-06-03 09:51:28', 3, 16, '101', 'RFQ/Can/101 - lillian - rfq_generated - 2015-06-01', 2, 'Changed items.'),
(432, '2015-06-03 09:51:49', 3, 16, '101', 'RFQ/Can/101 - lillian - rfq_generated - 2015-06-01', 2, 'Changed specifications.'),
(433, '2015-06-03 09:58:58', 3, 16, '101', 'RFQ/Can/101 - lillian - rfq_generated - 2015-06-01', 2, 'Changed status.'),
(434, '2015-06-03 10:17:51', 3, 16, '116', 'RFQ/US/116 - joan_mary - generate_po - 2015-06-03', 2, 'Changed delivery_date and specifications.'),
(435, '2015-06-05 06:37:48', 3, 9, '17', 'Falcon', 1, ''),
(436, '2015-06-05 08:35:09', 3, 16, '125', 'RFQ/US/125 - joan_mary - rfq_generated - 2015-06-05', 2, 'No fields changed.'),
(437, '2015-06-05 08:35:46', 3, 16, '126', 'RFQ/US/126 - joan_mary - rfq_generated - 2015-06-05', 2, 'Changed delivery_date.'),
(438, '2015-06-05 08:36:21', 3, 16, '128', 'RFQ/US/128 - joan_mary - rfq_generated - 2015-06-05', 2, 'Changed delivery_date.'),
(439, '2015-06-05 08:36:52', 3, 16, '129', 'RFQ/US/129 - joan_mary - rfq_generated - 2015-06-05', 2, 'Changed delivery_date.'),
(440, '2015-06-05 08:37:18', 3, 16, '130', 'RFQ/US/130 - joan_mary - rfq_generated - 2015-06-05', 2, 'Changed delivery_date.'),
(441, '2015-06-05 08:37:35', 3, 16, '131', 'RFQ/US/131 - joan_mary - rfq_generated - 2015-06-05', 2, 'Changed delivery_date.'),
(442, '2015-06-05 08:38:04', 3, 16, '132', 'RFQ/US/132 - joan_mary - rfq_generated - 2015-06-05', 2, 'Changed delivery_date.'),
(443, '2015-06-05 08:38:22', 3, 16, '133', 'RFQ/US/133 - joan_mary - rfq_generated - 2015-06-05', 2, 'No fields changed.'),
(444, '2015-06-05 08:39:10', 3, 16, '128', 'RFQ/US/128 - joan_mary - rfq_generated - 2015-06-05', 2, 'No fields changed.'),
(445, '2015-06-05 08:40:06', 3, 16, '120', 'RFQ/US/120 - joan_mary - rfq_generated - 2015-06-05', 2, 'Changed delivery_date.'),
(446, '2015-06-05 08:40:29', 3, 16, '121', 'RFQ/US/121 - joan_mary - rfq_generated - 2015-06-05', 2, 'Changed delivery_date.'),
(447, '2015-06-05 08:40:48', 3, 16, '122', 'RFQ/US/122 - joan_mary - rfq_generated - 2015-06-05', 2, 'Changed delivery_date.'),
(448, '2015-06-06 08:09:26', 3, 16, '127', 'RFQ/US/127 - joan_mary - rfq_generated - 2015-06-05', 2, 'Changed delivery_date and specifications.'),
(449, '2015-06-06 08:11:35', 3, 16, '127', 'RFQ/US/127 - joan_mary - rfq_generated - 2015-06-05', 2, 'No fields changed.'),
(450, '2015-06-06 08:13:31', 3, 15, '287', '287 - EZPL', 1, ''),
(451, '2015-06-06 08:14:58', 3, 15, '287', '287 - REZP', 2, 'Changed item.'),
(452, '2015-06-06 08:15:32', 3, 16, '127', 'RFQ/US/127 - joan_mary - rfq_generated - 2015-06-05', 2, 'Changed items.'),
(453, '2015-06-06 08:20:53', 3, 16, '125', 'RFQ/US/125 - joan_mary - rfq_generated - 2015-06-05', 2, 'Changed delivery_date and specifications.'),
(454, '2015-06-06 08:25:18', 3, 16, '121', 'RFQ/US/121 - joan_mary - rfq_generated - 2015-06-05', 2, 'Changed delivery_date and specifications.'),
(455, '2015-06-06 08:26:20', 3, 16, '121', 'RFQ/US/121 - joan_mary - rfq_generated - 2015-06-05', 2, 'Changed destination.'),
(456, '2015-06-06 08:29:05', 3, 16, '120', 'RFQ/US/120 - joan_mary - rfq_generated - 2015-06-05', 2, 'Changed delivery_date and specifications.'),
(457, '2015-06-06 08:32:02', 3, 16, '122', 'RFQ/US/122 - joan_mary - rfq_generated - 2015-06-05', 2, 'Changed specifications.'),
(458, '2015-06-06 08:33:29', 3, 16, '123', 'RFQ/US/123 - joan_mary - rfq_generated - 2015-06-05', 2, 'Changed delivery_date and specifications.'),
(459, '2015-06-06 08:35:55', 3, 16, '124', 'RFQ/US/124 - joan_mary - rfq_generated - 2015-06-05', 2, 'Changed delivery_date and specifications.'),
(460, '2015-06-06 08:39:17', 3, 16, '128', 'RFQ/US/128 - joan_mary - rfq_generated - 2015-06-05', 2, 'Changed delivery_date and specifications.'),
(461, '2015-06-06 08:40:18', 3, 16, '129', 'RFQ/US/129 - joan_mary - rfq_generated - 2015-06-05', 2, 'Changed delivery_date and specifications.'),
(462, '2015-06-06 08:41:44', 3, 16, '130', 'RFQ/US/130 - joan_mary - rfq_generated - 2015-06-05', 2, 'Changed delivery_date and specifications.'),
(463, '2015-06-06 08:42:36', 3, 16, '131', 'RFQ/US/131 - joan_mary - rfq_generated - 2015-06-05', 2, 'Changed delivery_date and specifications.'),
(464, '2015-06-06 08:44:29', 3, 16, '132', 'RFQ/US/132 - joan_mary - rfq_generated - 2015-06-05', 2, 'Changed delivery_date and specifications.'),
(465, '2015-06-06 08:45:39', 3, 15, '286', '286 - REZP', 2, 'Changed cases and quantity_in_lbs.'),
(466, '2015-06-06 08:47:48', 3, 16, '133', 'RFQ/US/133 - joan_mary - rfq_generated - 2015-06-05', 2, 'Changed delivery_date and specifications.'),
(467, '2015-06-06 08:49:46', 3, 15, '288', '288 - REZP', 1, ''),
(468, '2015-06-06 08:50:13', 3, 16, '133', 'RFQ/US/133 - joan_mary - rfq_generated - 2015-06-05', 2, 'Changed items.'),
(469, '2015-06-06 09:42:27', 3, 16, '121', 'RFQ/US/121 - joan_mary - rfq_generated - 2015-06-05', 2, 'Changed status.'),
(470, '2015-06-10 08:40:54', 3, 15, '301', '301 - RPND', 2, 'Changed cases.'),
(471, '2015-06-10 08:41:05', 3, 15, '302', '302 - RPND', 2, 'Changed cases.'),
(472, '2015-06-10 08:41:24', 3, 15, '301', '301 - RPND', 2, 'No fields changed.'),
(473, '2015-06-10 08:43:13', 3, 15, '301', '301 - RPND', 2, 'Changed quantity_in_lbs.'),
(474, '2015-06-10 08:43:25', 3, 15, '302', '302 - RPND', 2, 'Changed quantity_in_lbs.'),
(475, '2015-06-10 08:49:31', 3, 15, '301', '301 - RPND', 2, 'Changed currency.'),
(476, '2015-06-15 10:32:52', 3, 9, '18', 'PT GRAHA MAKMUR CIPTA PRATAMA', 1, ''),
(477, '2015-06-15 10:46:54', 3, 16, '151', 'RFQ/US/151 - joan_mary - rfq_generated - 2015-06-15', 2, 'Changed status.'),
(478, '2015-06-15 10:48:24', 3, 16, '151', 'RFQ/US/151 - joan_mary - response_received - 2015-06-15', 2, 'Changed status.'),
(479, '2015-06-16 04:56:52', 3, 16, '143', 'RFQ/Can/143 - lillian - rfq_generated - 2015-05-20', 2, 'Changed specifications and status.'),
(480, '2015-06-16 04:57:04', 3, 16, '143', 'RFQ/Can/143 - lillian - rfq_generated - 2015-05-20', 2, 'No fields changed.'),
(481, '2015-06-18 10:59:57', 3, 9, '19', 'PT.BUMI MENARA INTERNUSA(SURABAYA)', 1, ''),
(482, '2015-06-18 11:13:57', 3, 15, '331', '331 - REZP', 2, 'Changed pack.'),
(483, '2015-06-19 10:13:38', 3, 16, '154', 'RFQ/US/154 - joan_mary - generate_po - 2015-06-18', 3, ''),
(484, '2015-06-19 10:14:00', 3, 16, '155', 'RFQ/US/155 - joan_mary - generate_po - 2015-06-18', 3, ''),
(485, '2015-06-30 12:39:44', 3, 9, '20', 'BMR EXPORTS', 1, ''),
(486, '2015-06-30 12:51:11', 1, 15, '336', '336 - REZP', 2, 'Changed quantity_in_lbs.'),
(487, '2015-06-30 12:59:44', 1, 15, '336', '336 - REZP', 2, 'Changed cases.'),
(488, '2015-07-27 15:55:59', 2, 8, '49', 'The Northwest Company', 1, ''),
(489, '2015-07-27 15:56:04', 2, 8, '49', 'The Northwest Company', 2, 'No fields changed.'),
(490, '2015-07-27 17:14:52', 1, 26, '12', 'Winnipeg', 1, ''),
(491, '2015-07-27 17:15:49', 1, 26, '12', ' WINNIPEG', 2, 'Changed name.'),
(492, '2015-08-11 14:06:04', 3, 11, '26', 'SHRIMP SKEWER', 1, ''),
(493, '2015-08-17 15:50:53', 2, 13, '43', '12 x 557g', 1, ''),
(494, '2015-08-17 15:51:49', 2, 11, '27', 'Seafood variety appetizer retail', 1, ''),
(495, '2015-08-21 22:36:21', 2, 14, '21', 'VOYAGEUR', 1, ''),
(496, '2015-09-15 13:37:44', 3, 9, '21', 'PT SATU TIGA ENAM DELAPAN', 1, ''),
(497, '2015-09-15 13:38:00', 3, 9, '22', 'CABANG MEDAN - BAHARI MAKMUR SEJATI, PT', 1, ''),
(498, '2015-09-15 13:38:17', 3, 9, '23', 'PT GRAHA MAKMUR CIPTA PRATAMA', 1, ''),
(499, '2015-09-15 16:44:48', 2, 11, '28', 'Bacon Wrapped Shrimp', 1, ''),
(500, '2015-09-15 16:45:19', 2, 11, '29', 'Festive Bites - Seafood App', 1, ''),
(501, '2015-09-15 16:46:21', 2, 14, '22', 'Co-op Gold', 1, ''),
(502, '2015-09-15 16:46:57', 2, 13, '44', '12 x 250g', 1, ''),
(503, '2015-09-15 16:47:01', 2, 13, '44', '12 x 250g', 2, 'No fields changed.'),
(504, '2015-09-15 16:48:30', 2, 13, '45', '12 x 557g', 1, ''),
(505, '2015-09-15 16:50:08', 2, 9, '24', 'Pearlmark', 1, ''),
(506, '2015-09-15 17:22:27', 2, 12, '29', 'CPTO+Sauce', 1, ''),
(507, '2015-09-15 17:25:13', 2, 8, '50', 'Various', 1, ''),
(508, '2015-09-15 17:27:34', 2, 8, '50', 'Various', 2, 'No fields changed.'),
(509, '2015-09-15 17:30:27', 2, 11, '30', 'CPTO White Shrimp', 1, ''),
(510, '2015-09-15 17:33:07', 2, 13, '46', '10 x 454g', 1, ''),
(511, '2015-09-16 05:48:26', 3, 9, '25', 'PT PANCA MITRA MULTIPERDANA', 1, ''),
(512, '2015-09-16 08:09:16', 3, 15, '468', '468 - CIST', 2, 'Changed quoted_price.'),
(513, '2015-10-09 05:48:07', 3, 4, '3', 'joan_mary', 2, 'Changed password.'),
(514, '2015-10-09 05:48:16', 3, 4, '5', 'james_joseph', 2, 'No fields changed.'),
(515, '2015-10-16 14:21:02', 2, 9, '26', 'Camau SF Processing', 1, ''),
(516, '2015-10-16 14:21:47', 2, 12, '30', '6/8', 1, ''),
(517, '2015-10-16 14:28:10', 2, 11, '31', 'Black Tiger HLSO', 1, ''),
(518, '2015-10-21 16:00:03', 2, 9, '27', 'OceanFood sales', 1, ''),
(519, '2015-11-10 15:02:21', 2, 9, '28', 'Ongkorn Cold Storage Co., Ltd.', 1, ''),
(520, '2015-11-10 15:02:25', 2, 9, '28', 'Ongkorn Cold Storage Co., Ltd.', 2, 'No fields changed.'),
(521, '2015-11-10 18:36:45', 2, 8, '48', 'Sobeys Quebec', 2, 'Changed name.'),
(522, '2015-11-23 15:40:45', 2, 9, '29', 'Calcutta SF Private Ltd.', 1, ''),
(523, '2015-11-23 15:41:57', 2, 11, '32', 'Freshwater EZPL', 1, ''),
(524, '2015-11-23 15:42:29', 2, 12, '31', '2/4', 1, ''),
(525, '2015-11-23 15:42:35', 2, 12, '32', '4/6', 1, ''),
(526, '2015-11-23 15:42:43', 2, 12, '33', '6/8', 1, '');

-- --------------------------------------------------------

--
-- Table structure for table `django_content_type`
--

CREATE TABLE IF NOT EXISTS `django_content_type` (
  `id` int(11) NOT NULL AUTO_INCREMENT,
  `name` varchar(100) NOT NULL,
  `app_label` varchar(100) NOT NULL,
  `model` varchar(100) NOT NULL,
  PRIMARY KEY (`id`),
  UNIQUE KEY `app_label` (`app_label`,`model`)
) ENGINE=InnoDB  DEFAULT CHARSET=latin1 AUTO_INCREMENT=29 ;

--
-- Dumping data for table `django_content_type`
--

INSERT INTO `django_content_type` (`id`, `name`, `app_label`, `model`) VALUES
(1, 'log entry', 'admin', 'logentry'),
(2, 'permission', 'auth', 'permission'),
(3, 'group', 'auth', 'group'),
(4, 'user', 'auth', 'user'),
(5, 'content type', 'contenttypes', 'contenttype'),
(6, 'session', 'sessions', 'session'),
(7, 'migration history', 'south', 'migrationhistory'),
(8, 'customer', 'quote', 'customer'),
(9, 'packer', 'quote', 'packer'),
(10, 'terms', 'quote', 'terms'),
(11, 'item', 'quote', 'item'),
(12, 'size', 'quote', 'size'),
(13, 'pack', 'quote', 'pack'),
(14, 'brand', 'quote', 'brand'),
(15, 'quote item', 'quote', 'quoteitem'),
(16, 'quote info', 'quote', 'quoteinfo'),
(17, 'profile', 'userprofile', 'profile'),
(18, 'product', 'urner', 'product'),
(19, 'product details', 'urner', 'productdetails'),
(20, 'yields', 'raw_materials', 'yields'),
(21, 'other price', 'raw_materials', 'otherprice'),
(22, 'rates', 'raw_materials', 'rates'),
(23, 'rm price', 'raw_materials', 'rmprice'),
(24, 'new', 'authentication', 'new'),
(25, 'location relation', 'quote', 'locationrelation'),
(26, 'destination', 'quote', 'destination'),
(27, 'alert', 'quote', 'alert'),
(28, 'remarks', 'quote', 'remarks');

-- --------------------------------------------------------

--
-- Table structure for table `django_session`
--

CREATE TABLE IF NOT EXISTS `django_session` (
  `session_key` varchar(40) NOT NULL,
  `session_data` longtext NOT NULL,
  `expire_date` datetime NOT NULL,
  PRIMARY KEY (`session_key`),
  KEY `django_session_b7b81f0c` (`expire_date`)
) ENGINE=InnoDB DEFAULT CHARSET=latin1;

--
-- Dumping data for table `django_session`
--

INSERT INTO `django_session` (`session_key`, `session_data`, `expire_date`) VALUES
('006zv111egehxzmccekzrizski2tjtdu', 'ZGIyZTJlYmEyMGFiZTZkYWQ1MGVjZjI1ZDk1NTgyZDFiZjVmODgzMjp7InR5cGUiOiJhZG1pbiIsIl9hdXRoX3VzZXJfYmFja2VuZCI6ImRqYW5nby5jb250cmliLmF1dGguYmFja2VuZHMuTW9kZWxCYWNrZW5kIiwiX2F1dGhfdXNlcl9pZCI6Nn0=', '2014-11-22 02:46:16'),
('043iq1oyurdcrlxw64hpitjvcglio38d', 'ZGIyZTJlYmEyMGFiZTZkYWQ1MGVjZjI1ZDk1NTgyZDFiZjVmODgzMjp7InR5cGUiOiJhZG1pbiIsIl9hdXRoX3VzZXJfYmFja2VuZCI6ImRqYW5nby5jb250cmliLmF1dGguYmFja2VuZHMuTW9kZWxCYWNrZW5kIiwiX2F1dGhfdXNlcl9pZCI6Nn0=', '2015-11-24 14:56:56'),
('0aw0n5qejrwv5ed9jxqor5fbxcww7nme', 'NWRkMjc2OGRjMWFkNzZlMjc5MWM1NGIzYWRmNDMzNWE3YjVjMWE4Yjp7InR5cGUiOiJzdXBlcmFkbWluIiwiX2F1dGhfdXNlcl9iYWNrZW5kIjoiZGphbmdvLmNvbnRyaWIuYXV0aC5iYWNrZW5kcy5Nb2RlbEJhY2tlbmQiLCJfYXV0aF91c2VyX2lkIjozfQ==', '2014-12-15 12:00:52'),
('0d2ofd4ulflyn4acg19ned3ndpi65z71', 'MzJhZWQxNWNlYjllYzM4Nzc5Y2JlZDExZDk0OWYzYzhiZTQ5MDY0NTp7InR5cGUiOiJ1c2VyIiwiX2F1dGhfdXNlcl9iYWNrZW5kIjoiZGphbmdvLmNvbnRyaWIuYXV0aC5iYWNrZW5kcy5Nb2RlbEJhY2tlbmQiLCJfYXV0aF91c2VyX2lkIjoyfQ==', '2014-12-17 19:58:23'),
('0fu6e0dyudmajfdpp3xvwqnx0zko9ogz', 'MDcxMTE5MTQ0MWQ4MWU3NDM1NzQ1ZGY0MGViODcwMzM2YWE5Y2Q2Mjp7fQ==', '2014-12-27 04:40:31'),
('0ilju0c8vnbis7xq0z7zw22j9axb51gq', 'ZGIyZTJlYmEyMGFiZTZkYWQ1MGVjZjI1ZDk1NTgyZDFiZjVmODgzMjp7InR5cGUiOiJhZG1pbiIsIl9hdXRoX3VzZXJfYmFja2VuZCI6ImRqYW5nby5jb250cmliLmF1dGguYmFja2VuZHMuTW9kZWxCYWNrZW5kIiwiX2F1dGhfdXNlcl9pZCI6Nn0=', '2014-12-11 17:21:47'),
('0im8dp96wpjlrlq4avf1n7cnc93oey6m', 'MzJhZWQxNWNlYjllYzM4Nzc5Y2JlZDExZDk0OWYzYzhiZTQ5MDY0NTp7InR5cGUiOiJ1c2VyIiwiX2F1dGhfdXNlcl9iYWNrZW5kIjoiZGphbmdvLmNvbnRyaWIuYXV0aC5iYWNrZW5kcy5Nb2RlbEJhY2tlbmQiLCJfYXV0aF91c2VyX2lkIjoyfQ==', '2014-10-22 06:28:25'),
('0isuwd6vraep714apv81u9y4dz3xck8w', 'ZGIyZTJlYmEyMGFiZTZkYWQ1MGVjZjI1ZDk1NTgyZDFiZjVmODgzMjp7InR5cGUiOiJhZG1pbiIsIl9hdXRoX3VzZXJfYmFja2VuZCI6ImRqYW5nby5jb250cmliLmF1dGguYmFja2VuZHMuTW9kZWxCYWNrZW5kIiwiX2F1dGhfdXNlcl9pZCI6Nn0=', '2015-07-14 13:06:34'),
('0kqaq2pin4cv38vsnkzgs64fbpjj2lkx', 'MDcxMTE5MTQ0MWQ4MWU3NDM1NzQ1ZGY0MGViODcwMzM2YWE5Y2Q2Mjp7fQ==', '2014-12-31 16:55:57'),
('0q3knrh3fckm93d3nr0uv5j880lq88bj', 'MDcxMTE5MTQ0MWQ4MWU3NDM1NzQ1ZGY0MGViODcwMzM2YWE5Y2Q2Mjp7fQ==', '2015-02-16 16:07:49'),
('0u9347e7anizjfr09h9nepcvq95xf8gz', 'YzMwZGRjYWI1N2NhNDNiZjk4ODc0NjAwNDhhNTFmM2VkZjM5NjIzNzp7InR5cGUiOiJvdGhlcnVzZXIiLCJfYXV0aF91c2VyX2JhY2tlbmQiOiJkamFuZ28uY29udHJpYi5hdXRoLmJhY2tlbmRzLk1vZGVsQmFja2VuZCIsIl9hdXRoX3VzZXJfaWQiOjR9', '2014-11-18 15:30:27'),
('0ylqwv7wlfpsvrk4tq20ezf1cutz1je7', 'YzMwZGRjYWI1N2NhNDNiZjk4ODc0NjAwNDhhNTFmM2VkZjM5NjIzNzp7InR5cGUiOiJvdGhlcnVzZXIiLCJfYXV0aF91c2VyX2JhY2tlbmQiOiJkamFuZ28uY29udHJpYi5hdXRoLmJhY2tlbmRzLk1vZGVsQmFja2VuZCIsIl9hdXRoX3VzZXJfaWQiOjR9', '2015-08-31 11:26:38'),
('0z84hw61uqu8g98qbpqo4yisq53ki7zt', 'ZGIyZTJlYmEyMGFiZTZkYWQ1MGVjZjI1ZDk1NTgyZDFiZjVmODgzMjp7InR5cGUiOiJhZG1pbiIsIl9hdXRoX3VzZXJfYmFja2VuZCI6ImRqYW5nby5jb250cmliLmF1dGguYmFja2VuZHMuTW9kZWxCYWNrZW5kIiwiX2F1dGhfdXNlcl9pZCI6Nn0=', '2015-04-13 05:10:48'),
('12j6g9omnj8kh5i9r0l1i0qhwr7vc6fd', 'ZGIyZTJlYmEyMGFiZTZkYWQ1MGVjZjI1ZDk1NTgyZDFiZjVmODgzMjp7InR5cGUiOiJhZG1pbiIsIl9hdXRoX3VzZXJfYmFja2VuZCI6ImRqYW5nby5jb250cmliLmF1dGguYmFja2VuZHMuTW9kZWxCYWNrZW5kIiwiX2F1dGhfdXNlcl9pZCI6Nn0=', '2015-09-01 15:57:05'),
('15fnrhmmzuai8506b6dt96hghq7m4nta', 'YzMwZGRjYWI1N2NhNDNiZjk4ODc0NjAwNDhhNTFmM2VkZjM5NjIzNzp7InR5cGUiOiJvdGhlcnVzZXIiLCJfYXV0aF91c2VyX2JhY2tlbmQiOiJkamFuZ28uY29udHJpYi5hdXRoLmJhY2tlbmRzLk1vZGVsQmFja2VuZCIsIl9hdXRoX3VzZXJfaWQiOjR9', '2015-02-26 12:37:42'),
('19i8wdwi4s5u3j6ciqr7q5ew7un1jtq2', 'NWRkMjc2OGRjMWFkNzZlMjc5MWM1NGIzYWRmNDMzNWE3YjVjMWE4Yjp7InR5cGUiOiJzdXBlcmFkbWluIiwiX2F1dGhfdXNlcl9iYWNrZW5kIjoiZGphbmdvLmNvbnRyaWIuYXV0aC5iYWNrZW5kcy5Nb2RlbEJhY2tlbmQiLCJfYXV0aF91c2VyX2lkIjozfQ==', '2015-06-17 08:53:41'),
('1fzs7cps83kv5k04am8nh3uhmbircdaz', 'MDcxMTE5MTQ0MWQ4MWU3NDM1NzQ1ZGY0MGViODcwMzM2YWE5Y2Q2Mjp7fQ==', '2014-12-29 08:07:13'),
('1hemjy3renh98o1ecmco6qp5whpdfn4k', 'ZGIyZTJlYmEyMGFiZTZkYWQ1MGVjZjI1ZDk1NTgyZDFiZjVmODgzMjp7InR5cGUiOiJhZG1pbiIsIl9hdXRoX3VzZXJfYmFja2VuZCI6ImRqYW5nby5jb250cmliLmF1dGguYmFja2VuZHMuTW9kZWxCYWNrZW5kIiwiX2F1dGhfdXNlcl9pZCI6Nn0=', '2015-06-20 16:34:19'),
('1kn37hj4xwspzy4rzzgwju9chcqcxpe1', 'MzJhZWQxNWNlYjllYzM4Nzc5Y2JlZDExZDk0OWYzYzhiZTQ5MDY0NTp7InR5cGUiOiJ1c2VyIiwiX2F1dGhfdXNlcl9iYWNrZW5kIjoiZGphbmdvLmNvbnRyaWIuYXV0aC5iYWNrZW5kcy5Nb2RlbEJhY2tlbmQiLCJfYXV0aF91c2VyX2lkIjoyfQ==', '2015-06-15 16:00:17'),
('1xh08cawl8ryzbwuy5a1doockcb9wefy', 'MzJhZWQxNWNlYjllYzM4Nzc5Y2JlZDExZDk0OWYzYzhiZTQ5MDY0NTp7InR5cGUiOiJ1c2VyIiwiX2F1dGhfdXNlcl9iYWNrZW5kIjoiZGphbmdvLmNvbnRyaWIuYXV0aC5iYWNrZW5kcy5Nb2RlbEJhY2tlbmQiLCJfYXV0aF91c2VyX2lkIjoyfQ==', '2014-10-21 05:48:39'),
('1zot4cm1zghscw88f1kagjxlv67ovwap', 'MzJhZWQxNWNlYjllYzM4Nzc5Y2JlZDExZDk0OWYzYzhiZTQ5MDY0NTp7InR5cGUiOiJ1c2VyIiwiX2F1dGhfdXNlcl9iYWNrZW5kIjoiZGphbmdvLmNvbnRyaWIuYXV0aC5iYWNrZW5kcy5Nb2RlbEJhY2tlbmQiLCJfYXV0aF91c2VyX2lkIjoyfQ==', '2015-03-17 02:31:07'),
('21l0pjp1yv0c7oq2hllto61zzptgjqhs', 'NjE1ODUyMDUwYjE3OTYwZGMzYmVlMmI5YzEwODg1OGUxOWMyZjRkMTp7InR5cGUiOiJ1c2VyIiwiX2F1dGhfdXNlcl9iYWNrZW5kIjoiZGphbmdvLmNvbnRyaWIuYXV0aC5iYWNrZW5kcy5Nb2RlbEJhY2tlbmQiLCJfYXV0aF91c2VyX2lkIjoxfQ==', '2014-11-15 05:04:05'),
('22wnrt8maw220wo5lnvrruvr67wrmffq', 'ZGIyZTJlYmEyMGFiZTZkYWQ1MGVjZjI1ZDk1NTgyZDFiZjVmODgzMjp7InR5cGUiOiJhZG1pbiIsIl9hdXRoX3VzZXJfYmFja2VuZCI6ImRqYW5nby5jb250cmliLmF1dGguYmFja2VuZHMuTW9kZWxCYWNrZW5kIiwiX2F1dGhfdXNlcl9pZCI6Nn0=', '2015-09-15 15:42:21'),
('24kwd57p9cwxfc2zx7hamipbie0xsi4y', 'MzJhZWQxNWNlYjllYzM4Nzc5Y2JlZDExZDk0OWYzYzhiZTQ5MDY0NTp7InR5cGUiOiJ1c2VyIiwiX2F1dGhfdXNlcl9iYWNrZW5kIjoiZGphbmdvLmNvbnRyaWIuYXV0aC5iYWNrZW5kcy5Nb2RlbEJhY2tlbmQiLCJfYXV0aF91c2VyX2lkIjoyfQ==', '2015-07-16 11:02:11'),
('2e2s7q8451lc9zuj9zjchr4dtbnldkri', 'MDcxMTE5MTQ0MWQ4MWU3NDM1NzQ1ZGY0MGViODcwMzM2YWE5Y2Q2Mjp7fQ==', '2015-01-24 01:26:08'),
('2giytys1biu3wwp7b41m4syb70qwur11', 'MzJhZWQxNWNlYjllYzM4Nzc5Y2JlZDExZDk0OWYzYzhiZTQ5MDY0NTp7InR5cGUiOiJ1c2VyIiwiX2F1dGhfdXNlcl9iYWNrZW5kIjoiZGphbmdvLmNvbnRyaWIuYXV0aC5iYWNrZW5kcy5Nb2RlbEJhY2tlbmQiLCJfYXV0aF91c2VyX2lkIjoyfQ==', '2015-06-17 21:17:54'),
('2gp2xel9zjggutycoiakk64g4cwyriuo', 'NjE1ODUyMDUwYjE3OTYwZGMzYmVlMmI5YzEwODg1OGUxOWMyZjRkMTp7InR5cGUiOiJ1c2VyIiwiX2F1dGhfdXNlcl9iYWNrZW5kIjoiZGphbmdvLmNvbnRyaWIuYXV0aC5iYWNrZW5kcy5Nb2RlbEJhY2tlbmQiLCJfYXV0aF91c2VyX2lkIjoxfQ==', '2014-10-20 13:24:41'),
('2qho5c6mi6iuuzt8otryfp4otrn9ne74', 'YzMwZGRjYWI1N2NhNDNiZjk4ODc0NjAwNDhhNTFmM2VkZjM5NjIzNzp7InR5cGUiOiJvdGhlcnVzZXIiLCJfYXV0aF91c2VyX2JhY2tlbmQiOiJkamFuZ28uY29udHJpYi5hdXRoLmJhY2tlbmRzLk1vZGVsQmFja2VuZCIsIl9hdXRoX3VzZXJfaWQiOjR9', '2015-06-20 07:58:57'),
('2yheeqjuho54xqev4gw2aw03s1y8b0zn', 'MDcxMTE5MTQ0MWQ4MWU3NDM1NzQ1ZGY0MGViODcwMzM2YWE5Y2Q2Mjp7fQ==', '2014-12-18 13:45:52'),
('32lpdrz8zap58srwsb28vhwt5q5rcrr4', 'ZGIyZTJlYmEyMGFiZTZkYWQ1MGVjZjI1ZDk1NTgyZDFiZjVmODgzMjp7InR5cGUiOiJhZG1pbiIsIl9hdXRoX3VzZXJfYmFja2VuZCI6ImRqYW5nby5jb250cmliLmF1dGguYmFja2VuZHMuTW9kZWxCYWNrZW5kIiwiX2F1dGhfdXNlcl9pZCI6Nn0=', '2014-10-21 05:53:59'),
('37048ah5jqkgi3jncf8ib5c3bhscikp3', 'MDcxMTE5MTQ0MWQ4MWU3NDM1NzQ1ZGY0MGViODcwMzM2YWE5Y2Q2Mjp7fQ==', '2015-03-13 12:22:51'),
('3bye31xy4ji0i9igfqdhoxobno070w59', 'MDcxMTE5MTQ0MWQ4MWU3NDM1NzQ1ZGY0MGViODcwMzM2YWE5Y2Q2Mjp7fQ==', '2015-07-24 14:39:43'),
('3kvrpja7sjt2jgsir1divvx3ox8id7nn', 'MDcxMTE5MTQ0MWQ4MWU3NDM1NzQ1ZGY0MGViODcwMzM2YWE5Y2Q2Mjp7fQ==', '2015-06-24 11:00:37'),
('3pj9qej0z8xvmgpo08oxtdx1sy5zpmv9', 'MzJhZWQxNWNlYjllYzM4Nzc5Y2JlZDExZDk0OWYzYzhiZTQ5MDY0NTp7InR5cGUiOiJ1c2VyIiwiX2F1dGhfdXNlcl9iYWNrZW5kIjoiZGphbmdvLmNvbnRyaWIuYXV0aC5iYWNrZW5kcy5Nb2RlbEJhY2tlbmQiLCJfYXV0aF91c2VyX2lkIjoyfQ==', '2015-10-30 14:16:49'),
('3px6bb45tm7e44i0xnkrdfxdvbf3pd5y', 'MzJhZWQxNWNlYjllYzM4Nzc5Y2JlZDExZDk0OWYzYzhiZTQ5MDY0NTp7InR5cGUiOiJ1c2VyIiwiX2F1dGhfdXNlcl9iYWNrZW5kIjoiZGphbmdvLmNvbnRyaWIuYXV0aC5iYWNrZW5kcy5Nb2RlbEJhY2tlbmQiLCJfYXV0aF91c2VyX2lkIjoyfQ==', '2015-06-23 22:49:55'),
('3te9doapt8cc7jzej9b9whdrf0p1fqss', 'NWRkMjc2OGRjMWFkNzZlMjc5MWM1NGIzYWRmNDMzNWE3YjVjMWE4Yjp7InR5cGUiOiJzdXBlcmFkbWluIiwiX2F1dGhfdXNlcl9iYWNrZW5kIjoiZGphbmdvLmNvbnRyaWIuYXV0aC5iYWNrZW5kcy5Nb2RlbEJhY2tlbmQiLCJfYXV0aF91c2VyX2lkIjozfQ==', '2014-10-25 11:03:14'),
('3y9kx9kpciug825ehcehz4746toxbkls', 'Y2NhMjVlNzM3ODRkYWU0YWE4YzU4MTFiNTI5NzliNTlmMTc2Mzk4ODp7InR5cGUiOiJ1c2VyIiwiX2F1dGhfdXNlcl9iYWNrZW5kIjoiZGphbmdvLmNvbnRyaWIuYXV0aC5iYWNrZW5kcy5Nb2RlbEJhY2tlbmQiLCJfYXV0aF91c2VyX2lkIjoxMn0=', '2015-04-24 13:05:12'),
('4blxce7dwcymad1y98rxjae03m6vzg4e', 'YzMwZGRjYWI1N2NhNDNiZjk4ODc0NjAwNDhhNTFmM2VkZjM5NjIzNzp7InR5cGUiOiJvdGhlcnVzZXIiLCJfYXV0aF91c2VyX2JhY2tlbmQiOiJkamFuZ28uY29udHJpYi5hdXRoLmJhY2tlbmRzLk1vZGVsQmFja2VuZCIsIl9hdXRoX3VzZXJfaWQiOjR9', '2015-10-13 13:57:48'),
('4fw8xeg2b01dbo75qj774a4yle17ydi7', 'NWRkMjc2OGRjMWFkNzZlMjc5MWM1NGIzYWRmNDMzNWE3YjVjMWE4Yjp7InR5cGUiOiJzdXBlcmFkbWluIiwiX2F1dGhfdXNlcl9iYWNrZW5kIjoiZGphbmdvLmNvbnRyaWIuYXV0aC5iYWNrZW5kcy5Nb2RlbEJhY2tlbmQiLCJfYXV0aF91c2VyX2lkIjozfQ==', '2015-01-26 11:42:36'),
('4h8tu1no41459i0xqyjq5eiytcj44i6f', 'ZGIyZTJlYmEyMGFiZTZkYWQ1MGVjZjI1ZDk1NTgyZDFiZjVmODgzMjp7InR5cGUiOiJhZG1pbiIsIl9hdXRoX3VzZXJfYmFja2VuZCI6ImRqYW5nby5jb250cmliLmF1dGguYmFja2VuZHMuTW9kZWxCYWNrZW5kIiwiX2F1dGhfdXNlcl9pZCI6Nn0=', '2015-08-07 12:18:05'),
('4mt7q3iw5pnqgzi07nsx3sq585t276gr', 'OGE2ZTZhMmVkZjRlOWQ3ZmM5YzgzODU4ZWNmYzFlZjZjY2FlZTE2Mjp7InR5cGUiOiJ1c2VyIiwiX2F1dGhfdXNlcl9iYWNrZW5kIjoiZGphbmdvLmNvbnRyaWIuYXV0aC5iYWNrZW5kcy5Nb2RlbEJhY2tlbmQiLCJfYXV0aF91c2VyX2lkIjo4fQ==', '2014-12-16 04:01:03'),
('4pd8ad29i3or9zkrvoovts2ulw8hxlje', 'MzJhZWQxNWNlYjllYzM4Nzc5Y2JlZDExZDk0OWYzYzhiZTQ5MDY0NTp7InR5cGUiOiJ1c2VyIiwiX2F1dGhfdXNlcl9iYWNrZW5kIjoiZGphbmdvLmNvbnRyaWIuYXV0aC5iYWNrZW5kcy5Nb2RlbEJhY2tlbmQiLCJfYXV0aF91c2VyX2lkIjoyfQ==', '2015-01-29 16:13:58'),
('4td891kljjzz936jy4ikph8lveg1q62z', 'NWRkMjc2OGRjMWFkNzZlMjc5MWM1NGIzYWRmNDMzNWE3YjVjMWE4Yjp7InR5cGUiOiJzdXBlcmFkbWluIiwiX2F1dGhfdXNlcl9iYWNrZW5kIjoiZGphbmdvLmNvbnRyaWIuYXV0aC5iYWNrZW5kcy5Nb2RlbEJhY2tlbmQiLCJfYXV0aF91c2VyX2lkIjozfQ==', '2014-11-06 09:35:34'),
('4wo9zm6s5w6spi4uqyxakc43blni9eie', 'MDcxMTE5MTQ0MWQ4MWU3NDM1NzQ1ZGY0MGViODcwMzM2YWE5Y2Q2Mjp7fQ==', '2015-06-19 08:41:02'),
('4x46zlarrfee7fhdhjx9qbzi67d35cac', 'MzJhZWQxNWNlYjllYzM4Nzc5Y2JlZDExZDk0OWYzYzhiZTQ5MDY0NTp7InR5cGUiOiJ1c2VyIiwiX2F1dGhfdXNlcl9iYWNrZW5kIjoiZGphbmdvLmNvbnRyaWIuYXV0aC5iYWNrZW5kcy5Nb2RlbEJhY2tlbmQiLCJfYXV0aF91c2VyX2lkIjoyfQ==', '2015-09-08 14:55:07'),
('51c1pv1n0npwli5oruqc2gy32fp1ps4e', 'MDcxMTE5MTQ0MWQ4MWU3NDM1NzQ1ZGY0MGViODcwMzM2YWE5Y2Q2Mjp7fQ==', '2015-04-10 15:55:03'),
('53jka7taplvntrv2cpa4pag87busjr7g', 'MDcxMTE5MTQ0MWQ4MWU3NDM1NzQ1ZGY0MGViODcwMzM2YWE5Y2Q2Mjp7fQ==', '2014-12-08 17:59:28'),
('54d8zd9g8duni106mmvlgj9hsotf5hyx', 'MDcxMTE5MTQ0MWQ4MWU3NDM1NzQ1ZGY0MGViODcwMzM2YWE5Y2Q2Mjp7fQ==', '2015-02-20 12:46:23'),
('565qcv7yc7qdyd311vwgywj3awxqwp4m', 'MDcxMTE5MTQ0MWQ4MWU3NDM1NzQ1ZGY0MGViODcwMzM2YWE5Y2Q2Mjp7fQ==', '2015-08-25 14:05:05'),
('56y5jdsimom9c98b09ia05590bfwfsrn', 'NWRkMjc2OGRjMWFkNzZlMjc5MWM1NGIzYWRmNDMzNWE3YjVjMWE4Yjp7InR5cGUiOiJzdXBlcmFkbWluIiwiX2F1dGhfdXNlcl9iYWNrZW5kIjoiZGphbmdvLmNvbnRyaWIuYXV0aC5iYWNrZW5kcy5Nb2RlbEJhY2tlbmQiLCJfYXV0aF91c2VyX2lkIjozfQ==', '2015-06-17 07:50:50'),
('57zs4my3ju1q5nkmbc1fm7jlzfclzr2s', 'MzJhZWQxNWNlYjllYzM4Nzc5Y2JlZDExZDk0OWYzYzhiZTQ5MDY0NTp7InR5cGUiOiJ1c2VyIiwiX2F1dGhfdXNlcl9iYWNrZW5kIjoiZGphbmdvLmNvbnRyaWIuYXV0aC5iYWNrZW5kcy5Nb2RlbEJhY2tlbmQiLCJfYXV0aF91c2VyX2lkIjoyfQ==', '2014-11-24 05:06:27'),
('5a5xfdxxv9qhr9ubcxnw354u3quhuz7e', 'NjE1ODUyMDUwYjE3OTYwZGMzYmVlMmI5YzEwODg1OGUxOWMyZjRkMTp7InR5cGUiOiJ1c2VyIiwiX2F1dGhfdXNlcl9iYWNrZW5kIjoiZGphbmdvLmNvbnRyaWIuYXV0aC5iYWNrZW5kcy5Nb2RlbEJhY2tlbmQiLCJfYXV0aF91c2VyX2lkIjoxfQ==', '2014-11-07 15:17:37'),
('5ez1iubima7v2uzeyrpi69di6ysv6pnd', 'ZGIyZTJlYmEyMGFiZTZkYWQ1MGVjZjI1ZDk1NTgyZDFiZjVmODgzMjp7InR5cGUiOiJhZG1pbiIsIl9hdXRoX3VzZXJfYmFja2VuZCI6ImRqYW5nby5jb250cmliLmF1dGguYmFja2VuZHMuTW9kZWxCYWNrZW5kIiwiX2F1dGhfdXNlcl9pZCI6Nn0=', '2015-01-23 13:23:54'),
('5j8ayxx0ua3nj64a9tnn9765tztqnko7', 'NjE1ODUyMDUwYjE3OTYwZGMzYmVlMmI5YzEwODg1OGUxOWMyZjRkMTp7InR5cGUiOiJ1c2VyIiwiX2F1dGhfdXNlcl9iYWNrZW5kIjoiZGphbmdvLmNvbnRyaWIuYXV0aC5iYWNrZW5kcy5Nb2RlbEJhY2tlbmQiLCJfYXV0aF91c2VyX2lkIjoxfQ==', '2014-11-18 05:41:29'),
('5k2etwxpj5yc4mcp58cs60hx8nkdon2i', 'NWRkMjc2OGRjMWFkNzZlMjc5MWM1NGIzYWRmNDMzNWE3YjVjMWE4Yjp7InR5cGUiOiJzdXBlcmFkbWluIiwiX2F1dGhfdXNlcl9iYWNrZW5kIjoiZGphbmdvLmNvbnRyaWIuYXV0aC5iYWNrZW5kcy5Nb2RlbEJhY2tlbmQiLCJfYXV0aF91c2VyX2lkIjozfQ==', '2015-06-20 09:40:48'),
('5m5jdw2p2fifincfrjbxqhkydzhvlzvz', 'MDcxMTE5MTQ0MWQ4MWU3NDM1NzQ1ZGY0MGViODcwMzM2YWE5Y2Q2Mjp7fQ==', '2014-11-08 11:40:47'),
('5mq1vdxl3yaujhqflcxa2pqfjlr0azbf', 'ZGIyZTJlYmEyMGFiZTZkYWQ1MGVjZjI1ZDk1NTgyZDFiZjVmODgzMjp7InR5cGUiOiJhZG1pbiIsIl9hdXRoX3VzZXJfYmFja2VuZCI6ImRqYW5nby5jb250cmliLmF1dGguYmFja2VuZHMuTW9kZWxCYWNrZW5kIiwiX2F1dGhfdXNlcl9pZCI6Nn0=', '2014-11-29 03:32:27'),
('5umgformx749ivn2dzqxf6fvhvr6sflm', 'MzJhZWQxNWNlYjllYzM4Nzc5Y2JlZDExZDk0OWYzYzhiZTQ5MDY0NTp7InR5cGUiOiJ1c2VyIiwiX2F1dGhfdXNlcl9iYWNrZW5kIjoiZGphbmdvLmNvbnRyaWIuYXV0aC5iYWNrZW5kcy5Nb2RlbEJhY2tlbmQiLCJfYXV0aF91c2VyX2lkIjoyfQ==', '2015-08-18 13:38:29'),
('5z3t7vzymqtu9u9m8jvyqwkey4j2zi8o', 'NWRkMjc2OGRjMWFkNzZlMjc5MWM1NGIzYWRmNDMzNWE3YjVjMWE4Yjp7InR5cGUiOiJzdXBlcmFkbWluIiwiX2F1dGhfdXNlcl9iYWNrZW5kIjoiZGphbmdvLmNvbnRyaWIuYXV0aC5iYWNrZW5kcy5Nb2RlbEJhY2tlbmQiLCJfYXV0aF91c2VyX2lkIjozfQ==', '2014-11-18 10:12:11'),
('62u8a60sabv5d9qdjjye3mo0goi6k083', 'MDcxMTE5MTQ0MWQ4MWU3NDM1NzQ1ZGY0MGViODcwMzM2YWE5Y2Q2Mjp7fQ==', '2015-02-13 08:55:48'),
('63bwlm5x3mtnyejsc4n6bwf6nsfg2fy2', 'NWRkMjc2OGRjMWFkNzZlMjc5MWM1NGIzYWRmNDMzNWE3YjVjMWE4Yjp7InR5cGUiOiJzdXBlcmFkbWluIiwiX2F1dGhfdXNlcl9iYWNrZW5kIjoiZGphbmdvLmNvbnRyaWIuYXV0aC5iYWNrZW5kcy5Nb2RlbEJhY2tlbmQiLCJfYXV0aF91c2VyX2lkIjozfQ==', '2015-04-20 12:42:01'),
('66yl6ugowukehlb50t6e7ut65l5qh4gv', 'MzJhZWQxNWNlYjllYzM4Nzc5Y2JlZDExZDk0OWYzYzhiZTQ5MDY0NTp7InR5cGUiOiJ1c2VyIiwiX2F1dGhfdXNlcl9iYWNrZW5kIjoiZGphbmdvLmNvbnRyaWIuYXV0aC5iYWNrZW5kcy5Nb2RlbEJhY2tlbmQiLCJfYXV0aF91c2VyX2lkIjoyfQ==', '2014-10-25 05:59:35'),
('6modbzolzngk9wimsnyqmp6hwi1fp2o8', 'MDcxMTE5MTQ0MWQ4MWU3NDM1NzQ1ZGY0MGViODcwMzM2YWE5Y2Q2Mjp7fQ==', '2015-08-25 14:06:31'),
('6pj7n5opr7n8eh1w2zvnbgv29l4mnqrk', 'NjE1ODUyMDUwYjE3OTYwZGMzYmVlMmI5YzEwODg1OGUxOWMyZjRkMTp7InR5cGUiOiJ1c2VyIiwiX2F1dGhfdXNlcl9iYWNrZW5kIjoiZGphbmdvLmNvbnRyaWIuYXV0aC5iYWNrZW5kcy5Nb2RlbEJhY2tlbmQiLCJfYXV0aF91c2VyX2lkIjoxfQ==', '2016-02-04 15:27:50'),
('6qlsyt827ximfgev3f83m9gc71ww0mjh', 'MzJhZWQxNWNlYjllYzM4Nzc5Y2JlZDExZDk0OWYzYzhiZTQ5MDY0NTp7InR5cGUiOiJ1c2VyIiwiX2F1dGhfdXNlcl9iYWNrZW5kIjoiZGphbmdvLmNvbnRyaWIuYXV0aC5iYWNrZW5kcy5Nb2RlbEJhY2tlbmQiLCJfYXV0aF91c2VyX2lkIjoyfQ==', '2015-07-14 16:22:55'),
('6xhtgpwblhkr0uuekqbju4u0ol5g2g8r', 'MzJhZWQxNWNlYjllYzM4Nzc5Y2JlZDExZDk0OWYzYzhiZTQ5MDY0NTp7InR5cGUiOiJ1c2VyIiwiX2F1dGhfdXNlcl9iYWNrZW5kIjoiZGphbmdvLmNvbnRyaWIuYXV0aC5iYWNrZW5kcy5Nb2RlbEJhY2tlbmQiLCJfYXV0aF91c2VyX2lkIjoyfQ==', '2015-03-13 21:40:24'),
('6yi5gkvto545ihi4dt1q6hjn5rk320u6', 'ZGIyZTJlYmEyMGFiZTZkYWQ1MGVjZjI1ZDk1NTgyZDFiZjVmODgzMjp7InR5cGUiOiJhZG1pbiIsIl9hdXRoX3VzZXJfYmFja2VuZCI6ImRqYW5nby5jb250cmliLmF1dGguYmFja2VuZHMuTW9kZWxCYWNrZW5kIiwiX2F1dGhfdXNlcl9pZCI6Nn0=', '2014-11-07 05:03:53'),
('71weicy0us36mgg42r11cl9arzn4a1bf', 'MzJhZWQxNWNlYjllYzM4Nzc5Y2JlZDExZDk0OWYzYzhiZTQ5MDY0NTp7InR5cGUiOiJ1c2VyIiwiX2F1dGhfdXNlcl9iYWNrZW5kIjoiZGphbmdvLmNvbnRyaWIuYXV0aC5iYWNrZW5kcy5Nb2RlbEJhY2tlbmQiLCJfYXV0aF91c2VyX2lkIjoyfQ==', '2016-01-04 16:44:56'),
('75y4hk6yxbtpsw27lkz4t9nmlyc575qw', 'YzMwZGRjYWI1N2NhNDNiZjk4ODc0NjAwNDhhNTFmM2VkZjM5NjIzNzp7InR5cGUiOiJvdGhlcnVzZXIiLCJfYXV0aF91c2VyX2JhY2tlbmQiOiJkamFuZ28uY29udHJpYi5hdXRoLmJhY2tlbmRzLk1vZGVsQmFja2VuZCIsIl9hdXRoX3VzZXJfaWQiOjR9', '2014-12-08 14:27:36'),
('76re500bp897q378yz9zwfxvg2fqbcw8', 'NjE1ODUyMDUwYjE3OTYwZGMzYmVlMmI5YzEwODg1OGUxOWMyZjRkMTp7InR5cGUiOiJ1c2VyIiwiX2F1dGhfdXNlcl9iYWNrZW5kIjoiZGphbmdvLmNvbnRyaWIuYXV0aC5iYWNrZW5kcy5Nb2RlbEJhY2tlbmQiLCJfYXV0aF91c2VyX2lkIjoxfQ==', '2014-12-31 15:18:59'),
('7cqlabeq1b1e8r4zize3qqtz3yzkf3ix', 'MzJhZWQxNWNlYjllYzM4Nzc5Y2JlZDExZDk0OWYzYzhiZTQ5MDY0NTp7InR5cGUiOiJ1c2VyIiwiX2F1dGhfdXNlcl9iYWNrZW5kIjoiZGphbmdvLmNvbnRyaWIuYXV0aC5iYWNrZW5kcy5Nb2RlbEJhY2tlbmQiLCJfYXV0aF91c2VyX2lkIjoyfQ==', '2015-09-29 16:43:47'),
('7gi70uzx9pfez2wyzxu6n0veju42ldzf', 'ZGIyZTJlYmEyMGFiZTZkYWQ1MGVjZjI1ZDk1NTgyZDFiZjVmODgzMjp7InR5cGUiOiJhZG1pbiIsIl9hdXRoX3VzZXJfYmFja2VuZCI6ImRqYW5nby5jb250cmliLmF1dGguYmFja2VuZHMuTW9kZWxCYWNrZW5kIiwiX2F1dGhfdXNlcl9pZCI6Nn0=', '2014-10-23 08:12:34'),
('7idj2ngs94zpqa0iqyay1qa0r020l1ey', 'MDcxMTE5MTQ0MWQ4MWU3NDM1NzQ1ZGY0MGViODcwMzM2YWE5Y2Q2Mjp7fQ==', '2014-11-20 06:02:20'),
('7ihghytlevtgm0imup451l50wa342pb4', 'NWRkMjc2OGRjMWFkNzZlMjc5MWM1NGIzYWRmNDMzNWE3YjVjMWE4Yjp7InR5cGUiOiJzdXBlcmFkbWluIiwiX2F1dGhfdXNlcl9iYWNrZW5kIjoiZGphbmdvLmNvbnRyaWIuYXV0aC5iYWNrZW5kcy5Nb2RlbEJhY2tlbmQiLCJfYXV0aF91c2VyX2lkIjozfQ==', '2015-04-10 04:43:58'),
('7ocfjya9nbl7dn2gzbx79lk2h7izik6e', 'MzJhZWQxNWNlYjllYzM4Nzc5Y2JlZDExZDk0OWYzYzhiZTQ5MDY0NTp7InR5cGUiOiJ1c2VyIiwiX2F1dGhfdXNlcl9iYWNrZW5kIjoiZGphbmdvLmNvbnRyaWIuYXV0aC5iYWNrZW5kcy5Nb2RlbEJhY2tlbmQiLCJfYXV0aF91c2VyX2lkIjoyfQ==', '2015-07-24 15:13:30'),
('7ol30pklmwrzh6az764z1pppl2i30c8o', 'NWRkMjc2OGRjMWFkNzZlMjc5MWM1NGIzYWRmNDMzNWE3YjVjMWE4Yjp7InR5cGUiOiJzdXBlcmFkbWluIiwiX2F1dGhfdXNlcl9iYWNrZW5kIjoiZGphbmdvLmNvbnRyaWIuYXV0aC5iYWNrZW5kcy5Nb2RlbEJhY2tlbmQiLCJfYXV0aF91c2VyX2lkIjozfQ==', '2014-11-18 15:24:34'),
('7tu49ka7mzxf8marn2ejaoz4fj3zgszi', 'ZGIyZTJlYmEyMGFiZTZkYWQ1MGVjZjI1ZDk1NTgyZDFiZjVmODgzMjp7InR5cGUiOiJhZG1pbiIsIl9hdXRoX3VzZXJfYmFja2VuZCI6ImRqYW5nby5jb250cmliLmF1dGguYmFja2VuZHMuTW9kZWxCYWNrZW5kIiwiX2F1dGhfdXNlcl9pZCI6Nn0=', '2014-11-18 15:11:09'),
('7u0hy2ulzdygg7jov73e53wlgv04fi5p', 'MDcxMTE5MTQ0MWQ4MWU3NDM1NzQ1ZGY0MGViODcwMzM2YWE5Y2Q2Mjp7fQ==', '2015-07-15 04:23:39'),
('7zlxi7d4bqlav9ui5n26y8hsagyfb28b', 'MzJhZWQxNWNlYjllYzM4Nzc5Y2JlZDExZDk0OWYzYzhiZTQ5MDY0NTp7InR5cGUiOiJ1c2VyIiwiX2F1dGhfdXNlcl9iYWNrZW5kIjoiZGphbmdvLmNvbnRyaWIuYXV0aC5iYWNrZW5kcy5Nb2RlbEJhY2tlbmQiLCJfYXV0aF91c2VyX2lkIjoyfQ==', '2015-06-30 16:50:44'),
('8a6istfg30jvppjbkpfgh2dunbiehr7d', 'MzJhZWQxNWNlYjllYzM4Nzc5Y2JlZDExZDk0OWYzYzhiZTQ5MDY0NTp7InR5cGUiOiJ1c2VyIiwiX2F1dGhfdXNlcl9iYWNrZW5kIjoiZGphbmdvLmNvbnRyaWIuYXV0aC5iYWNrZW5kcy5Nb2RlbEJhY2tlbmQiLCJfYXV0aF91c2VyX2lkIjoyfQ==', '2014-12-11 19:20:59'),
('8srz6szl26jbwufd6y4csp0jupr3euhv', 'MDcxMTE5MTQ0MWQ4MWU3NDM1NzQ1ZGY0MGViODcwMzM2YWE5Y2Q2Mjp7fQ==', '2014-12-11 20:00:44'),
('8wa6gh4eip6sc4txb4tz4lc4bk7fb31n', 'MzJhZWQxNWNlYjllYzM4Nzc5Y2JlZDExZDk0OWYzYzhiZTQ5MDY0NTp7InR5cGUiOiJ1c2VyIiwiX2F1dGhfdXNlcl9iYWNrZW5kIjoiZGphbmdvLmNvbnRyaWIuYXV0aC5iYWNrZW5kcy5Nb2RlbEJhY2tlbmQiLCJfYXV0aF91c2VyX2lkIjoyfQ==', '2014-12-10 14:55:38'),
('8wlheg98nc2dzqr26iecurd1qmlpycwa', 'Y2RjZTY2ZmYxNmI5Y2UyYzMwMzllNGIxYThkN2I1NmNmZDU0M2Q0Mjp7InR5cGUiOiJhcHByb3ZlciIsIl9hdXRoX3VzZXJfYmFja2VuZCI6ImRqYW5nby5jb250cmliLmF1dGguYmFja2VuZHMuTW9kZWxCYWNrZW5kIiwiX2F1dGhfdXNlcl9pZCI6NX0=', '2015-10-23 05:54:12'),
('8xs5xhw06qpl1ql8n4pngyqwkgosu6me', 'NjE1ODUyMDUwYjE3OTYwZGMzYmVlMmI5YzEwODg1OGUxOWMyZjRkMTp7InR5cGUiOiJ1c2VyIiwiX2F1dGhfdXNlcl9iYWNrZW5kIjoiZGphbmdvLmNvbnRyaWIuYXV0aC5iYWNrZW5kcy5Nb2RlbEJhY2tlbmQiLCJfYXV0aF91c2VyX2lkIjoxfQ==', '2015-04-15 04:23:17'),
('9ii83ibwhm55vxqzn2yxhlgv4d89y2xz', 'NWRkMjc2OGRjMWFkNzZlMjc5MWM1NGIzYWRmNDMzNWE3YjVjMWE4Yjp7InR5cGUiOiJzdXBlcmFkbWluIiwiX2F1dGhfdXNlcl9iYWNrZW5kIjoiZGphbmdvLmNvbnRyaWIuYXV0aC5iYWNrZW5kcy5Nb2RlbEJhY2tlbmQiLCJfYXV0aF91c2VyX2lkIjozfQ==', '2015-06-17 05:06:07'),
('9ogjsixosv5n725bim4f7n8ljhwmf2z1', 'Y2NhMjVlNzM3ODRkYWU0YWE4YzU4MTFiNTI5NzliNTlmMTc2Mzk4ODp7InR5cGUiOiJ1c2VyIiwiX2F1dGhfdXNlcl9iYWNrZW5kIjoiZGphbmdvLmNvbnRyaWIuYXV0aC5iYWNrZW5kcy5Nb2RlbEJhY2tlbmQiLCJfYXV0aF91c2VyX2lkIjoxMn0=', '2015-04-08 17:27:27'),
('9olimdgcwzlq5tjl99td0hlrpww60zr7', 'MDcxMTE5MTQ0MWQ4MWU3NDM1NzQ1ZGY0MGViODcwMzM2YWE5Y2Q2Mjp7fQ==', '2014-12-30 11:47:42'),
('9wtkyfy1tt4x77zsg5xo8zd1koyek1aa', 'YzMwZGRjYWI1N2NhNDNiZjk4ODc0NjAwNDhhNTFmM2VkZjM5NjIzNzp7InR5cGUiOiJvdGhlcnVzZXIiLCJfYXV0aF91c2VyX2JhY2tlbmQiOiJkamFuZ28uY29udHJpYi5hdXRoLmJhY2tlbmRzLk1vZGVsQmFja2VuZCIsIl9hdXRoX3VzZXJfaWQiOjR9', '2014-11-22 05:42:43'),
('a08k5no0ljmjv4clj3akb2jc1lo3be5m', 'ZGIyZTJlYmEyMGFiZTZkYWQ1MGVjZjI1ZDk1NTgyZDFiZjVmODgzMjp7InR5cGUiOiJhZG1pbiIsIl9hdXRoX3VzZXJfYmFja2VuZCI6ImRqYW5nby5jb250cmliLmF1dGguYmFja2VuZHMuTW9kZWxCYWNrZW5kIiwiX2F1dGhfdXNlcl9pZCI6Nn0=', '2014-11-25 10:12:58'),
('a2dq9os80pwcidp1k1pu6pjkfiwfzgwp', 'MDcxMTE5MTQ0MWQ4MWU3NDM1NzQ1ZGY0MGViODcwMzM2YWE5Y2Q2Mjp7fQ==', '2015-02-11 12:23:30'),
('a41ru9migwe96gq3forx6kbt8krg3xvq', 'NjE1ODUyMDUwYjE3OTYwZGMzYmVlMmI5YzEwODg1OGUxOWMyZjRkMTp7InR5cGUiOiJ1c2VyIiwiX2F1dGhfdXNlcl9iYWNrZW5kIjoiZGphbmdvLmNvbnRyaWIuYXV0aC5iYWNrZW5kcy5Nb2RlbEJhY2tlbmQiLCJfYXV0aF91c2VyX2lkIjoxfQ==', '2014-11-12 15:32:20'),
('argkfpqudpjj0p2pihjeini8szxpwqgs', 'MDcxMTE5MTQ0MWQ4MWU3NDM1NzQ1ZGY0MGViODcwMzM2YWE5Y2Q2Mjp7fQ==', '2015-12-14 22:43:27'),
('as4mlitlqgif86fdypxzabalxhehxjs0', 'MzJhZWQxNWNlYjllYzM4Nzc5Y2JlZDExZDk0OWYzYzhiZTQ5MDY0NTp7InR5cGUiOiJ1c2VyIiwiX2F1dGhfdXNlcl9iYWNrZW5kIjoiZGphbmdvLmNvbnRyaWIuYXV0aC5iYWNrZW5kcy5Nb2RlbEJhY2tlbmQiLCJfYXV0aF91c2VyX2lkIjoyfQ==', '2015-04-10 10:59:33'),
('axf6huvvb93mckihj29dcgbrguusvd6a', 'ZGIyZTJlYmEyMGFiZTZkYWQ1MGVjZjI1ZDk1NTgyZDFiZjVmODgzMjp7InR5cGUiOiJhZG1pbiIsIl9hdXRoX3VzZXJfYmFja2VuZCI6ImRqYW5nby5jb250cmliLmF1dGguYmFja2VuZHMuTW9kZWxCYWNrZW5kIiwiX2F1dGhfdXNlcl9pZCI6Nn0=', '2014-10-24 06:24:01'),
('ayyy7q8prpnckv2ovnawssol5gcv8rgk', 'MzJhZWQxNWNlYjllYzM4Nzc5Y2JlZDExZDk0OWYzYzhiZTQ5MDY0NTp7InR5cGUiOiJ1c2VyIiwiX2F1dGhfdXNlcl9iYWNrZW5kIjoiZGphbmdvLmNvbnRyaWIuYXV0aC5iYWNrZW5kcy5Nb2RlbEJhY2tlbmQiLCJfYXV0aF91c2VyX2lkIjoyfQ==', '2015-10-13 17:43:43'),
('azdv23qyqzh7ve5iva7ludzltrbrnaoh', 'NWRkMjc2OGRjMWFkNzZlMjc5MWM1NGIzYWRmNDMzNWE3YjVjMWE4Yjp7InR5cGUiOiJzdXBlcmFkbWluIiwiX2F1dGhfdXNlcl9iYWNrZW5kIjoiZGphbmdvLmNvbnRyaWIuYXV0aC5iYWNrZW5kcy5Nb2RlbEJhY2tlbmQiLCJfYXV0aF91c2VyX2lkIjozfQ==', '2015-09-30 08:07:32'),
('b2lrp3qc6403k9qbjtnw1olmdjwy9d8a', 'YzMwZGRjYWI1N2NhNDNiZjk4ODc0NjAwNDhhNTFmM2VkZjM5NjIzNzp7InR5cGUiOiJvdGhlcnVzZXIiLCJfYXV0aF91c2VyX2JhY2tlbmQiOiJkamFuZ28uY29udHJpYi5hdXRoLmJhY2tlbmRzLk1vZGVsQmFja2VuZCIsIl9hdXRoX3VzZXJfaWQiOjR9', '2015-08-31 07:43:16'),
('b3d4y9zacmb5k4xaqe29qanrjyajipci', 'ZGIyZTJlYmEyMGFiZTZkYWQ1MGVjZjI1ZDk1NTgyZDFiZjVmODgzMjp7InR5cGUiOiJhZG1pbiIsIl9hdXRoX3VzZXJfYmFja2VuZCI6ImRqYW5nby5jb250cmliLmF1dGguYmFja2VuZHMuTW9kZWxCYWNrZW5kIiwiX2F1dGhfdXNlcl9pZCI6Nn0=', '2015-01-27 15:51:31'),
('b3j4vgx0f4nm2cgda6x5w6vwarfcl6u4', 'MDcxMTE5MTQ0MWQ4MWU3NDM1NzQ1ZGY0MGViODcwMzM2YWE5Y2Q2Mjp7fQ==', '2015-02-25 18:46:17'),
('b3jppqllalty5tscpjzik1gur5m78542', 'YzMwZGRjYWI1N2NhNDNiZjk4ODc0NjAwNDhhNTFmM2VkZjM5NjIzNzp7InR5cGUiOiJvdGhlcnVzZXIiLCJfYXV0aF91c2VyX2JhY2tlbmQiOiJkamFuZ28uY29udHJpYi5hdXRoLmJhY2tlbmRzLk1vZGVsQmFja2VuZCIsIl9hdXRoX3VzZXJfaWQiOjR9', '2015-09-29 13:18:44'),
('boay64e6py9ql1mkgptjr2ibyfz23qzf', 'Y2RjZTY2ZmYxNmI5Y2UyYzMwMzllNGIxYThkN2I1NmNmZDU0M2Q0Mjp7InR5cGUiOiJhcHByb3ZlciIsIl9hdXRoX3VzZXJfYmFja2VuZCI6ImRqYW5nby5jb250cmliLmF1dGguYmFja2VuZHMuTW9kZWxCYWNrZW5kIiwiX2F1dGhfdXNlcl9pZCI6NX0=', '2015-05-21 16:42:38'),
('bu9e13hzyyc3bocwvstaz5gfh0vfpt0p', 'NWRkMjc2OGRjMWFkNzZlMjc5MWM1NGIzYWRmNDMzNWE3YjVjMWE4Yjp7InR5cGUiOiJzdXBlcmFkbWluIiwiX2F1dGhfdXNlcl9iYWNrZW5kIjoiZGphbmdvLmNvbnRyaWIuYXV0aC5iYWNrZW5kcy5Nb2RlbEJhY2tlbmQiLCJfYXV0aF91c2VyX2lkIjozfQ==', '2014-11-07 14:05:07'),
('c4uabmqyzz12kj0ktou835maf4o98gp6', 'MzJhZWQxNWNlYjllYzM4Nzc5Y2JlZDExZDk0OWYzYzhiZTQ5MDY0NTp7InR5cGUiOiJ1c2VyIiwiX2F1dGhfdXNlcl9iYWNrZW5kIjoiZGphbmdvLmNvbnRyaWIuYXV0aC5iYWNrZW5kcy5Nb2RlbEJhY2tlbmQiLCJfYXV0aF91c2VyX2lkIjoyfQ==', '2014-12-15 14:13:09'),
('cevxobbt1p5l3iw4am0lubpggklbexgl', 'MzJhZWQxNWNlYjllYzM4Nzc5Y2JlZDExZDk0OWYzYzhiZTQ5MDY0NTp7InR5cGUiOiJ1c2VyIiwiX2F1dGhfdXNlcl9iYWNrZW5kIjoiZGphbmdvLmNvbnRyaWIuYXV0aC5iYWNrZW5kcy5Nb2RlbEJhY2tlbmQiLCJfYXV0aF91c2VyX2lkIjoyfQ==', '2015-05-21 13:03:44'),
('cffts3iuzjnmakfm1kj1sabcbuxylsy2', 'ZGIyZTJlYmEyMGFiZTZkYWQ1MGVjZjI1ZDk1NTgyZDFiZjVmODgzMjp7InR5cGUiOiJhZG1pbiIsIl9hdXRoX3VzZXJfYmFja2VuZCI6ImRqYW5nby5jb250cmliLmF1dGguYmFja2VuZHMuTW9kZWxCYWNrZW5kIiwiX2F1dGhfdXNlcl9pZCI6Nn0=', '2014-11-27 09:41:11'),
('ck6l28gl6e3p4uwbdtsm24zcb1h2x4ey', 'NWRkMjc2OGRjMWFkNzZlMjc5MWM1NGIzYWRmNDMzNWE3YjVjMWE4Yjp7InR5cGUiOiJzdXBlcmFkbWluIiwiX2F1dGhfdXNlcl9iYWNrZW5kIjoiZGphbmdvLmNvbnRyaWIuYXV0aC5iYWNrZW5kcy5Nb2RlbEJhY2tlbmQiLCJfYXV0aF91c2VyX2lkIjozfQ==', '2015-06-19 06:38:07'),
('csj1v8m5cfx0dwjn6d0h791wn4d0orz7', 'ZGIyZTJlYmEyMGFiZTZkYWQ1MGVjZjI1ZDk1NTgyZDFiZjVmODgzMjp7InR5cGUiOiJhZG1pbiIsIl9hdXRoX3VzZXJfYmFja2VuZCI6ImRqYW5nby5jb250cmliLmF1dGguYmFja2VuZHMuTW9kZWxCYWNrZW5kIiwiX2F1dGhfdXNlcl9pZCI6Nn0=', '2015-04-08 16:35:09'),
('cu30udxba70yhbto8rhz5ieiee6ev119', 'MDcxMTE5MTQ0MWQ4MWU3NDM1NzQ1ZGY0MGViODcwMzM2YWE5Y2Q2Mjp7fQ==', '2014-11-20 10:22:12'),
('cud98rvah4quialufs1o33ihgfkfhefn', 'YzMwZGRjYWI1N2NhNDNiZjk4ODc0NjAwNDhhNTFmM2VkZjM5NjIzNzp7InR5cGUiOiJvdGhlcnVzZXIiLCJfYXV0aF91c2VyX2JhY2tlbmQiOiJkamFuZ28uY29udHJpYi5hdXRoLmJhY2tlbmRzLk1vZGVsQmFja2VuZCIsIl9hdXRoX3VzZXJfaWQiOjR9', '2015-02-11 14:03:29'),
('cvhxexmydeinlcoxt4t7iiujr5n3nnpv', 'NWRkMjc2OGRjMWFkNzZlMjc5MWM1NGIzYWRmNDMzNWE3YjVjMWE4Yjp7InR5cGUiOiJzdXBlcmFkbWluIiwiX2F1dGhfdXNlcl9iYWNrZW5kIjoiZGphbmdvLmNvbnRyaWIuYXV0aC5iYWNrZW5kcy5Nb2RlbEJhY2tlbmQiLCJfYXV0aF91c2VyX2lkIjozfQ==', '2015-04-06 04:52:21'),
('d1vbca4esgi70wnnridx3weav9pzuj7i', 'MzJhZWQxNWNlYjllYzM4Nzc5Y2JlZDExZDk0OWYzYzhiZTQ5MDY0NTp7InR5cGUiOiJ1c2VyIiwiX2F1dGhfdXNlcl9iYWNrZW5kIjoiZGphbmdvLmNvbnRyaWIuYXV0aC5iYWNrZW5kcy5Nb2RlbEJhY2tlbmQiLCJfYXV0aF91c2VyX2lkIjoyfQ==', '2014-12-11 14:12:10'),
('d2cldx0kzc16gc137tzqxpqfdqccga54', 'NWRkMjc2OGRjMWFkNzZlMjc5MWM1NGIzYWRmNDMzNWE3YjVjMWE4Yjp7InR5cGUiOiJzdXBlcmFkbWluIiwiX2F1dGhfdXNlcl9iYWNrZW5kIjoiZGphbmdvLmNvbnRyaWIuYXV0aC5iYWNrZW5kcy5Nb2RlbEJhY2tlbmQiLCJfYXV0aF91c2VyX2lkIjozfQ==', '2015-08-25 04:26:07'),
('d9zqfs8uvq0joqswmlei1zy1l9briebx', 'NWRkMjc2OGRjMWFkNzZlMjc5MWM1NGIzYWRmNDMzNWE3YjVjMWE4Yjp7InR5cGUiOiJzdXBlcmFkbWluIiwiX2F1dGhfdXNlcl9iYWNrZW5kIjoiZGphbmdvLmNvbnRyaWIuYXV0aC5iYWNrZW5kcy5Nb2RlbEJhY2tlbmQiLCJfYXV0aF91c2VyX2lkIjozfQ==', '2015-04-21 03:09:43'),
('de6temquikicjk6ft4m77l561enkqskb', 'ZGIyZTJlYmEyMGFiZTZkYWQ1MGVjZjI1ZDk1NTgyZDFiZjVmODgzMjp7InR5cGUiOiJhZG1pbiIsIl9hdXRoX3VzZXJfYmFja2VuZCI6ImRqYW5nby5jb250cmliLmF1dGguYmFja2VuZHMuTW9kZWxCYWNrZW5kIiwiX2F1dGhfdXNlcl9pZCI6Nn0=', '2015-09-09 05:41:50'),
('difdhgjnz6dkodqknftyagthijetdegt', 'MDcxMTE5MTQ0MWQ4MWU3NDM1NzQ1ZGY0MGViODcwMzM2YWE5Y2Q2Mjp7fQ==', '2015-04-25 07:02:45'),
('diyfrvu1ccjofwhzngvslgg41tsd8bz5', 'NjE1ODUyMDUwYjE3OTYwZGMzYmVlMmI5YzEwODg1OGUxOWMyZjRkMTp7InR5cGUiOiJ1c2VyIiwiX2F1dGhfdXNlcl9iYWNrZW5kIjoiZGphbmdvLmNvbnRyaWIuYXV0aC5iYWNrZW5kcy5Nb2RlbEJhY2tlbmQiLCJfYXV0aF91c2VyX2lkIjoxfQ==', '2014-10-22 15:01:31'),
('dj59dujjhj1974jjzu7k5p0gznt0o8df', 'MDcxMTE5MTQ0MWQ4MWU3NDM1NzQ1ZGY0MGViODcwMzM2YWE5Y2Q2Mjp7fQ==', '2015-04-24 14:27:55'),
('dmgmht0m0lxofsr2c6wy8f8nllft6c28', 'ZGIyZTJlYmEyMGFiZTZkYWQ1MGVjZjI1ZDk1NTgyZDFiZjVmODgzMjp7InR5cGUiOiJhZG1pbiIsIl9hdXRoX3VzZXJfYmFja2VuZCI6ImRqYW5nby5jb250cmliLmF1dGguYmFja2VuZHMuTW9kZWxCYWNrZW5kIiwiX2F1dGhfdXNlcl9pZCI6Nn0=', '2015-11-13 05:03:45'),
('dt7xspllq63z7lodva37rgmo926csxov', 'OGE2ZTZhMmVkZjRlOWQ3ZmM5YzgzODU4ZWNmYzFlZjZjY2FlZTE2Mjp7InR5cGUiOiJ1c2VyIiwiX2F1dGhfdXNlcl9iYWNrZW5kIjoiZGphbmdvLmNvbnRyaWIuYXV0aC5iYWNrZW5kcy5Nb2RlbEJhY2tlbmQiLCJfYXV0aF91c2VyX2lkIjo4fQ==', '2014-12-18 20:42:34'),
('dz0zhlih2ngfnzwltmbwatltpte724vi', 'ZGIyZTJlYmEyMGFiZTZkYWQ1MGVjZjI1ZDk1NTgyZDFiZjVmODgzMjp7InR5cGUiOiJhZG1pbiIsIl9hdXRoX3VzZXJfYmFja2VuZCI6ImRqYW5nby5jb250cmliLmF1dGguYmFja2VuZHMuTW9kZWxCYWNrZW5kIiwiX2F1dGhfdXNlcl9pZCI6Nn0=', '2014-12-16 04:48:33'),
('eb2t2fky8ootca7cbr1j4905y6sk6bgj', 'MzJhZWQxNWNlYjllYzM4Nzc5Y2JlZDExZDk0OWYzYzhiZTQ5MDY0NTp7InR5cGUiOiJ1c2VyIiwiX2F1dGhfdXNlcl9iYWNrZW5kIjoiZGphbmdvLmNvbnRyaWIuYXV0aC5iYWNrZW5kcy5Nb2RlbEJhY2tlbmQiLCJfYXV0aF91c2VyX2lkIjoyfQ==', '2015-02-12 17:41:54'),
('eg35ygo0jw2f0e619bg4s2ty5l5q62h7', 'ZGIyZTJlYmEyMGFiZTZkYWQ1MGVjZjI1ZDk1NTgyZDFiZjVmODgzMjp7InR5cGUiOiJhZG1pbiIsIl9hdXRoX3VzZXJfYmFja2VuZCI6ImRqYW5nby5jb250cmliLmF1dGguYmFja2VuZHMuTW9kZWxCYWNrZW5kIiwiX2F1dGhfdXNlcl9pZCI6Nn0=', '2015-09-01 15:55:32'),
('egwb5ydt8cu9ddfbitlfnn28ok49ejs7', 'MzJhZWQxNWNlYjllYzM4Nzc5Y2JlZDExZDk0OWYzYzhiZTQ5MDY0NTp7InR5cGUiOiJ1c2VyIiwiX2F1dGhfdXNlcl9iYWNrZW5kIjoiZGphbmdvLmNvbnRyaWIuYXV0aC5iYWNrZW5kcy5Nb2RlbEJhY2tlbmQiLCJfYXV0aF91c2VyX2lkIjoyfQ==', '2015-08-03 13:54:17'),
('emvjl6dbc6gpkze083i6gdm31u5e5s0v', 'MzJhZWQxNWNlYjllYzM4Nzc5Y2JlZDExZDk0OWYzYzhiZTQ5MDY0NTp7InR5cGUiOiJ1c2VyIiwiX2F1dGhfdXNlcl9iYWNrZW5kIjoiZGphbmdvLmNvbnRyaWIuYXV0aC5iYWNrZW5kcy5Nb2RlbEJhY2tlbmQiLCJfYXV0aF91c2VyX2lkIjoyfQ==', '2015-08-06 21:07:55'),
('encbak8a1784gfvi8hq5msuzk172qfrw', 'NjE1ODUyMDUwYjE3OTYwZGMzYmVlMmI5YzEwODg1OGUxOWMyZjRkMTp7InR5cGUiOiJ1c2VyIiwiX2F1dGhfdXNlcl9iYWNrZW5kIjoiZGphbmdvLmNvbnRyaWIuYXV0aC5iYWNrZW5kcy5Nb2RlbEJhY2tlbmQiLCJfYXV0aF91c2VyX2lkIjoxfQ==', '2014-12-16 04:50:21'),
('enr7zmyujw8hl08so43e5vlgf2mcy0ek', 'MzJhZWQxNWNlYjllYzM4Nzc5Y2JlZDExZDk0OWYzYzhiZTQ5MDY0NTp7InR5cGUiOiJ1c2VyIiwiX2F1dGhfdXNlcl9iYWNrZW5kIjoiZGphbmdvLmNvbnRyaWIuYXV0aC5iYWNrZW5kcy5Nb2RlbEJhY2tlbmQiLCJfYXV0aF91c2VyX2lkIjoyfQ==', '2015-06-30 13:33:16'),
('eq5zabeotfm82od63afywpk0nuf55f1m', 'ZGIyZTJlYmEyMGFiZTZkYWQ1MGVjZjI1ZDk1NTgyZDFiZjVmODgzMjp7InR5cGUiOiJhZG1pbiIsIl9hdXRoX3VzZXJfYmFja2VuZCI6ImRqYW5nby5jb250cmliLmF1dGguYmFja2VuZHMuTW9kZWxCYWNrZW5kIiwiX2F1dGhfdXNlcl9pZCI6Nn0=', '2015-02-16 17:49:48'),
('eqpiu9vtwv1vcqvk2ayzntry44c6ewop', 'MDcxMTE5MTQ0MWQ4MWU3NDM1NzQ1ZGY0MGViODcwMzM2YWE5Y2Q2Mjp7fQ==', '2014-12-02 17:37:47'),
('erxz9zao4y78ohxnms5mxwz178x44h5i', 'YzMwZGRjYWI1N2NhNDNiZjk4ODc0NjAwNDhhNTFmM2VkZjM5NjIzNzp7InR5cGUiOiJvdGhlcnVzZXIiLCJfYXV0aF91c2VyX2JhY2tlbmQiOiJkamFuZ28uY29udHJpYi5hdXRoLmJhY2tlbmRzLk1vZGVsQmFja2VuZCIsIl9hdXRoX3VzZXJfaWQiOjR9', '2015-08-14 09:53:40'),
('esq9frkxvvqmv4uic36sd8c98so36xwo', 'MDcxMTE5MTQ0MWQ4MWU3NDM1NzQ1ZGY0MGViODcwMzM2YWE5Y2Q2Mjp7fQ==', '2015-01-20 12:50:54'),
('evjmepe3etwmuyhdvlv1imq9o0yyon8e', 'NjE1ODUyMDUwYjE3OTYwZGMzYmVlMmI5YzEwODg1OGUxOWMyZjRkMTp7InR5cGUiOiJ1c2VyIiwiX2F1dGhfdXNlcl9iYWNrZW5kIjoiZGphbmdvLmNvbnRyaWIuYXV0aC5iYWNrZW5kcy5Nb2RlbEJhY2tlbmQiLCJfYXV0aF91c2VyX2lkIjoxfQ==', '2014-11-10 07:23:52'),
('f0mk5b0qa41bhdibywceyh9l2369a6lt', 'MzJhZWQxNWNlYjllYzM4Nzc5Y2JlZDExZDk0OWYzYzhiZTQ5MDY0NTp7InR5cGUiOiJ1c2VyIiwiX2F1dGhfdXNlcl9iYWNrZW5kIjoiZGphbmdvLmNvbnRyaWIuYXV0aC5iYWNrZW5kcy5Nb2RlbEJhY2tlbmQiLCJfYXV0aF91c2VyX2lkIjoyfQ==', '2014-12-08 17:48:42'),
('f1m222p43x780e3ush2dv8pdhtj2t9pg', 'MDcxMTE5MTQ0MWQ4MWU3NDM1NzQ1ZGY0MGViODcwMzM2YWE5Y2Q2Mjp7fQ==', '2015-01-19 06:21:53'),
('fb4gym69f1xja3j52o71eqea0pqz0cv6', 'MzJhZWQxNWNlYjllYzM4Nzc5Y2JlZDExZDk0OWYzYzhiZTQ5MDY0NTp7InR5cGUiOiJ1c2VyIiwiX2F1dGhfdXNlcl9iYWNrZW5kIjoiZGphbmdvLmNvbnRyaWIuYXV0aC5iYWNrZW5kcy5Nb2RlbEJhY2tlbmQiLCJfYXV0aF91c2VyX2lkIjoyfQ==', '2014-10-24 09:05:03'),
('fggu9haw38iuygjitsqg61i4248lv6k1', 'NWRkMjc2OGRjMWFkNzZlMjc5MWM1NGIzYWRmNDMzNWE3YjVjMWE4Yjp7InR5cGUiOiJzdXBlcmFkbWluIiwiX2F1dGhfdXNlcl9iYWNrZW5kIjoiZGphbmdvLmNvbnRyaWIuYXV0aC5iYWNrZW5kcy5Nb2RlbEJhY2tlbmQiLCJfYXV0aF91c2VyX2lkIjozfQ==', '2014-11-07 07:13:49'),
('fmzm0509vjiqi5gp536vqycw0eu1efna', 'MzJhZWQxNWNlYjllYzM4Nzc5Y2JlZDExZDk0OWYzYzhiZTQ5MDY0NTp7InR5cGUiOiJ1c2VyIiwiX2F1dGhfdXNlcl9iYWNrZW5kIjoiZGphbmdvLmNvbnRyaWIuYXV0aC5iYWNrZW5kcy5Nb2RlbEJhY2tlbmQiLCJfYXV0aF91c2VyX2lkIjoyfQ==', '2014-12-30 14:43:24'),
('fpip3ax5dg0c3m0eo2uyz89bo90u10dv', 'YzMwZGRjYWI1N2NhNDNiZjk4ODc0NjAwNDhhNTFmM2VkZjM5NjIzNzp7InR5cGUiOiJvdGhlcnVzZXIiLCJfYXV0aF91c2VyX2JhY2tlbmQiOiJkamFuZ28uY29udHJpYi5hdXRoLmJhY2tlbmRzLk1vZGVsQmFja2VuZCIsIl9hdXRoX3VzZXJfaWQiOjR9', '2014-12-16 17:44:59'),
('fq4v79ohaolebpzy8w001h9o1d0qghgx', 'ZGIyZTJlYmEyMGFiZTZkYWQ1MGVjZjI1ZDk1NTgyZDFiZjVmODgzMjp7InR5cGUiOiJhZG1pbiIsIl9hdXRoX3VzZXJfYmFja2VuZCI6ImRqYW5nby5jb250cmliLmF1dGguYmFja2VuZHMuTW9kZWxCYWNrZW5kIiwiX2F1dGhfdXNlcl9pZCI6Nn0=', '2015-05-29 13:17:08'),
('ftfgsb4k0adoyrvwuj8b7naztnag72n8', 'MDcxMTE5MTQ0MWQ4MWU3NDM1NzQ1ZGY0MGViODcwMzM2YWE5Y2Q2Mjp7fQ==', '2015-03-27 14:44:23'),
('ftz6mxy14zclnm312k00wsztjbetbn4v', 'ZGIyZTJlYmEyMGFiZTZkYWQ1MGVjZjI1ZDk1NTgyZDFiZjVmODgzMjp7InR5cGUiOiJhZG1pbiIsIl9hdXRoX3VzZXJfYmFja2VuZCI6ImRqYW5nby5jb250cmliLmF1dGguYmFja2VuZHMuTW9kZWxCYWNrZW5kIiwiX2F1dGhfdXNlcl9pZCI6Nn0=', '2014-11-27 09:39:21'),
('fv48ctertnyfzcz53sb1kj4grgy3ohv5', 'Y2RjZTY2ZmYxNmI5Y2UyYzMwMzllNGIxYThkN2I1NmNmZDU0M2Q0Mjp7InR5cGUiOiJhcHByb3ZlciIsIl9hdXRoX3VzZXJfYmFja2VuZCI6ImRqYW5nby5jb250cmliLmF1dGguYmFja2VuZHMuTW9kZWxCYWNrZW5kIiwiX2F1dGhfdXNlcl9pZCI6NX0=', '2015-03-16 16:33:53'),
('fvpqiamux2r76xv0mxnn9y9pet4m7wfq', 'YzMwZGRjYWI1N2NhNDNiZjk4ODc0NjAwNDhhNTFmM2VkZjM5NjIzNzp7InR5cGUiOiJvdGhlcnVzZXIiLCJfYXV0aF91c2VyX2JhY2tlbmQiOiJkamFuZ28uY29udHJpYi5hdXRoLmJhY2tlbmRzLk1vZGVsQmFja2VuZCIsIl9hdXRoX3VzZXJfaWQiOjR9', '2015-09-30 05:14:01'),
('fyjgiesx3cof4gdn8cwnvuz1jdtk0ebx', 'MDcxMTE5MTQ0MWQ4MWU3NDM1NzQ1ZGY0MGViODcwMzM2YWE5Y2Q2Mjp7fQ==', '2014-10-21 16:25:53'),
('g05trqpfyoqzwpgllleuiof91ij5gh83', 'MzJhZWQxNWNlYjllYzM4Nzc5Y2JlZDExZDk0OWYzYzhiZTQ5MDY0NTp7InR5cGUiOiJ1c2VyIiwiX2F1dGhfdXNlcl9iYWNrZW5kIjoiZGphbmdvLmNvbnRyaWIuYXV0aC5iYWNrZW5kcy5Nb2RlbEJhY2tlbmQiLCJfYXV0aF91c2VyX2lkIjoyfQ==', '2014-10-30 07:56:27'),
('gbpdbu9n8x4eee4e2z22isvu4r6s09gz', 'MzJhZWQxNWNlYjllYzM4Nzc5Y2JlZDExZDk0OWYzYzhiZTQ5MDY0NTp7InR5cGUiOiJ1c2VyIiwiX2F1dGhfdXNlcl9iYWNrZW5kIjoiZGphbmdvLmNvbnRyaWIuYXV0aC5iYWNrZW5kcy5Nb2RlbEJhY2tlbmQiLCJfYXV0aF91c2VyX2lkIjoyfQ==', '2016-02-08 15:32:09'),
('gdfwvdwin5vd7pndmc3nq28fr0w08esq', 'Y2RjZTY2ZmYxNmI5Y2UyYzMwMzllNGIxYThkN2I1NmNmZDU0M2Q0Mjp7InR5cGUiOiJhcHByb3ZlciIsIl9hdXRoX3VzZXJfYmFja2VuZCI6ImRqYW5nby5jb250cmliLmF1dGguYmFja2VuZHMuTW9kZWxCYWNrZW5kIiwiX2F1dGhfdXNlcl9pZCI6NX0=', '2014-10-24 06:11:03'),
('gh6p0dnruw027iz8q0vv620kkszfydlo', 'NWRkMjc2OGRjMWFkNzZlMjc5MWM1NGIzYWRmNDMzNWE3YjVjMWE4Yjp7InR5cGUiOiJzdXBlcmFkbWluIiwiX2F1dGhfdXNlcl9iYWNrZW5kIjoiZGphbmdvLmNvbnRyaWIuYXV0aC5iYWNrZW5kcy5Nb2RlbEJhY2tlbmQiLCJfYXV0aF91c2VyX2lkIjozfQ==', '2015-11-13 04:42:16'),
('gh9kaab9clwqavy2ign5rddebdidql5y', 'Y2RjZTY2ZmYxNmI5Y2UyYzMwMzllNGIxYThkN2I1NmNmZDU0M2Q0Mjp7InR5cGUiOiJhcHByb3ZlciIsIl9hdXRoX3VzZXJfYmFja2VuZCI6ImRqYW5nby5jb250cmliLmF1dGguYmFja2VuZHMuTW9kZWxCYWNrZW5kIiwiX2F1dGhfdXNlcl9pZCI6NX0=', '2015-01-14 04:57:37'),
('glukn3f29rn07zo8bmi93m3uec0icna1', 'NWRkMjc2OGRjMWFkNzZlMjc5MWM1NGIzYWRmNDMzNWE3YjVjMWE4Yjp7InR5cGUiOiJzdXBlcmFkbWluIiwiX2F1dGhfdXNlcl9iYWNrZW5kIjoiZGphbmdvLmNvbnRyaWIuYXV0aC5iYWNrZW5kcy5Nb2RlbEJhY2tlbmQiLCJfYXV0aF91c2VyX2lkIjozfQ==', '2015-04-10 12:18:44'),
('gw4mu881la478g8glp1rsqioo990cmnm', 'ZGIyZTJlYmEyMGFiZTZkYWQ1MGVjZjI1ZDk1NTgyZDFiZjVmODgzMjp7InR5cGUiOiJhZG1pbiIsIl9hdXRoX3VzZXJfYmFja2VuZCI6ImRqYW5nby5jb250cmliLmF1dGguYmFja2VuZHMuTW9kZWxCYWNrZW5kIiwiX2F1dGhfdXNlcl9pZCI6Nn0=', '2015-01-01 16:12:33'),
('gx84wjks2cec2r7w4cwq7hzizgbrl36h', 'MDcxMTE5MTQ0MWQ4MWU3NDM1NzQ1ZGY0MGViODcwMzM2YWE5Y2Q2Mjp7fQ==', '2014-11-20 10:22:07'),
('gxjlm8jxdwq120amiz4m9e6f9rrctbzx', 'MzJhZWQxNWNlYjllYzM4Nzc5Y2JlZDExZDk0OWYzYzhiZTQ5MDY0NTp7InR5cGUiOiJ1c2VyIiwiX2F1dGhfdXNlcl9iYWNrZW5kIjoiZGphbmdvLmNvbnRyaWIuYXV0aC5iYWNrZW5kcy5Nb2RlbEJhY2tlbmQiLCJfYXV0aF91c2VyX2lkIjoyfQ==', '2014-10-25 11:38:34'),
('h0frl3t5xwm33vcv4kzznp5kmmthezjk', 'MDcxMTE5MTQ0MWQ4MWU3NDM1NzQ1ZGY0MGViODcwMzM2YWE5Y2Q2Mjp7fQ==', '2015-06-29 10:33:37'),
('hadgg9k10w6e2evq9az41e716pam6b47', 'MDcxMTE5MTQ0MWQ4MWU3NDM1NzQ1ZGY0MGViODcwMzM2YWE5Y2Q2Mjp7fQ==', '2014-12-01 05:12:51'),
('hbizonlz69mahdhq396uzriuan6glqyj', 'MDcxMTE5MTQ0MWQ4MWU3NDM1NzQ1ZGY0MGViODcwMzM2YWE5Y2Q2Mjp7fQ==', '2015-03-17 07:23:03'),
('hd7t62b2m26ywaiq3gtog9jyz9sc37kr', 'MDcxMTE5MTQ0MWQ4MWU3NDM1NzQ1ZGY0MGViODcwMzM2YWE5Y2Q2Mjp7fQ==', '2015-06-15 16:19:27'),
('hfnkix1hpjlf48zqut3se9tomhzwr1tw', 'Y2RjZTY2ZmYxNmI5Y2UyYzMwMzllNGIxYThkN2I1NmNmZDU0M2Q0Mjp7InR5cGUiOiJhcHByb3ZlciIsIl9hdXRoX3VzZXJfYmFja2VuZCI6ImRqYW5nby5jb250cmliLmF1dGguYmFja2VuZHMuTW9kZWxCYWNrZW5kIiwiX2F1dGhfdXNlcl9pZCI6NX0=', '2014-11-20 05:43:22'),
('hhekrj3i4tnhnry8repdag2p53f2xwus', 'MDcxMTE5MTQ0MWQ4MWU3NDM1NzQ1ZGY0MGViODcwMzM2YWE5Y2Q2Mjp7fQ==', '2014-12-16 17:47:20'),
('hib5vjlljdxe5fo7ux5u3a5dxiqyq4tp', 'ZGIyZTJlYmEyMGFiZTZkYWQ1MGVjZjI1ZDk1NTgyZDFiZjVmODgzMjp7InR5cGUiOiJhZG1pbiIsIl9hdXRoX3VzZXJfYmFja2VuZCI6ImRqYW5nby5jb250cmliLmF1dGguYmFja2VuZHMuTW9kZWxCYWNrZW5kIiwiX2F1dGhfdXNlcl9pZCI6Nn0=', '2014-10-30 07:54:55'),
('hpltficwsubmjtfoc6rrculjre7z4gx0', 'ZGIyZTJlYmEyMGFiZTZkYWQ1MGVjZjI1ZDk1NTgyZDFiZjVmODgzMjp7InR5cGUiOiJhZG1pbiIsIl9hdXRoX3VzZXJfYmFja2VuZCI6ImRqYW5nby5jb250cmliLmF1dGguYmFja2VuZHMuTW9kZWxCYWNrZW5kIiwiX2F1dGhfdXNlcl9pZCI6Nn0=', '2015-11-12 04:58:50'),
('hrcwqcc78u8amrq5of3an072hio49asp', 'YzMwZGRjYWI1N2NhNDNiZjk4ODc0NjAwNDhhNTFmM2VkZjM5NjIzNzp7InR5cGUiOiJvdGhlcnVzZXIiLCJfYXV0aF91c2VyX2JhY2tlbmQiOiJkamFuZ28uY29udHJpYi5hdXRoLmJhY2tlbmRzLk1vZGVsQmFja2VuZCIsIl9hdXRoX3VzZXJfaWQiOjR9', '2015-07-22 10:38:18'),
('hrp2fs98ojw9vc2wk3g7ia4jshe7139a', 'NWRkMjc2OGRjMWFkNzZlMjc5MWM1NGIzYWRmNDMzNWE3YjVjMWE4Yjp7InR5cGUiOiJzdXBlcmFkbWluIiwiX2F1dGhfdXNlcl9iYWNrZW5kIjoiZGphbmdvLmNvbnRyaWIuYXV0aC5iYWNrZW5kcy5Nb2RlbEJhY2tlbmQiLCJfYXV0aF91c2VyX2lkIjozfQ==', '2015-07-02 11:31:46'),
('i4i9erke41v9uxqryj8nacyhwdasxjk7', 'MzJhZWQxNWNlYjllYzM4Nzc5Y2JlZDExZDk0OWYzYzhiZTQ5MDY0NTp7InR5cGUiOiJ1c2VyIiwiX2F1dGhfdXNlcl9iYWNrZW5kIjoiZGphbmdvLmNvbnRyaWIuYXV0aC5iYWNrZW5kcy5Nb2RlbEJhY2tlbmQiLCJfYXV0aF91c2VyX2lkIjoyfQ==', '2015-10-28 14:45:45'),
('i6txk5kc87fowmt10k9n2a9ncacx70s8', 'MzJhZWQxNWNlYjllYzM4Nzc5Y2JlZDExZDk0OWYzYzhiZTQ5MDY0NTp7InR5cGUiOiJ1c2VyIiwiX2F1dGhfdXNlcl9iYWNrZW5kIjoiZGphbmdvLmNvbnRyaWIuYXV0aC5iYWNrZW5kcy5Nb2RlbEJhY2tlbmQiLCJfYXV0aF91c2VyX2lkIjoyfQ==', '2014-12-11 05:27:32'),
('idht4t3lv8czfxld69dtmrogkeacag5k', 'YzMwZGRjYWI1N2NhNDNiZjk4ODc0NjAwNDhhNTFmM2VkZjM5NjIzNzp7InR5cGUiOiJvdGhlcnVzZXIiLCJfYXV0aF91c2VyX2JhY2tlbmQiOiJkamFuZ28uY29udHJpYi5hdXRoLmJhY2tlbmRzLk1vZGVsQmFja2VuZCIsIl9hdXRoX3VzZXJfaWQiOjR9', '2015-10-28 14:39:47'),
('iir4dox8qn5np4vgj3qx5p7buam1q07s', 'ZGIyZTJlYmEyMGFiZTZkYWQ1MGVjZjI1ZDk1NTgyZDFiZjVmODgzMjp7InR5cGUiOiJhZG1pbiIsIl9hdXRoX3VzZXJfYmFja2VuZCI6ImRqYW5nby5jb250cmliLmF1dGguYmFja2VuZHMuTW9kZWxCYWNrZW5kIiwiX2F1dGhfdXNlcl9pZCI6Nn0=', '2015-03-23 10:06:30'),
('irafh3q8xe3v52kqyzoz8csvku2o9drn', 'NWRkMjc2OGRjMWFkNzZlMjc5MWM1NGIzYWRmNDMzNWE3YjVjMWE4Yjp7InR5cGUiOiJzdXBlcmFkbWluIiwiX2F1dGhfdXNlcl9iYWNrZW5kIjoiZGphbmdvLmNvbnRyaWIuYXV0aC5iYWNrZW5kcy5Nb2RlbEJhY2tlbmQiLCJfYXV0aF91c2VyX2lkIjozfQ==', '2015-06-17 05:06:22'),
('irp9lab6of47f42vzgov4e9uxfket305', 'NjE1ODUyMDUwYjE3OTYwZGMzYmVlMmI5YzEwODg1OGUxOWMyZjRkMTp7InR5cGUiOiJ1c2VyIiwiX2F1dGhfdXNlcl9iYWNrZW5kIjoiZGphbmdvLmNvbnRyaWIuYXV0aC5iYWNrZW5kcy5Nb2RlbEJhY2tlbmQiLCJfYXV0aF91c2VyX2lkIjoxfQ==', '2014-10-20 14:04:51'),
('itbuefnhpqg29ffcldounchohumwt8td', 'ZGIyZTJlYmEyMGFiZTZkYWQ1MGVjZjI1ZDk1NTgyZDFiZjVmODgzMjp7InR5cGUiOiJhZG1pbiIsIl9hdXRoX3VzZXJfYmFja2VuZCI6ImRqYW5nby5jb250cmliLmF1dGguYmFja2VuZHMuTW9kZWxCYWNrZW5kIiwiX2F1dGhfdXNlcl9pZCI6Nn0=', '2015-04-15 06:29:13'),
('j0jo5v1vamsbsjp7aazv0jumjjfbj7k2', 'MzJhZWQxNWNlYjllYzM4Nzc5Y2JlZDExZDk0OWYzYzhiZTQ5MDY0NTp7InR5cGUiOiJ1c2VyIiwiX2F1dGhfdXNlcl9iYWNrZW5kIjoiZGphbmdvLmNvbnRyaWIuYXV0aC5iYWNrZW5kcy5Nb2RlbEJhY2tlbmQiLCJfYXV0aF91c2VyX2lkIjoyfQ==', '2015-06-15 15:53:23'),
('j13yg1i21kmtv27fn08020inrp2i0vpv', 'YzMwZGRjYWI1N2NhNDNiZjk4ODc0NjAwNDhhNTFmM2VkZjM5NjIzNzp7InR5cGUiOiJvdGhlcnVzZXIiLCJfYXV0aF91c2VyX2JhY2tlbmQiOiJkamFuZ28uY29udHJpYi5hdXRoLmJhY2tlbmRzLk1vZGVsQmFja2VuZCIsIl9hdXRoX3VzZXJfaWQiOjR9', '2015-06-16 08:30:18'),
('j83pdky7tlbd83v3rynn57jy49c3kle4', 'MDcxMTE5MTQ0MWQ4MWU3NDM1NzQ1ZGY0MGViODcwMzM2YWE5Y2Q2Mjp7fQ==', '2014-12-10 09:22:09'),
('ja09bko6a1pyxq1d8k03qb5a1wrvjqli', 'MzJhZWQxNWNlYjllYzM4Nzc5Y2JlZDExZDk0OWYzYzhiZTQ5MDY0NTp7InR5cGUiOiJ1c2VyIiwiX2F1dGhfdXNlcl9iYWNrZW5kIjoiZGphbmdvLmNvbnRyaWIuYXV0aC5iYWNrZW5kcy5Nb2RlbEJhY2tlbmQiLCJfYXV0aF91c2VyX2lkIjoyfQ==', '2015-11-02 17:17:48'),
('jg8vhifqxxg9mz07oc0q51flne8x1q5p', 'Y2NhMjVlNzM3ODRkYWU0YWE4YzU4MTFiNTI5NzliNTlmMTc2Mzk4ODp7InR5cGUiOiJ1c2VyIiwiX2F1dGhfdXNlcl9iYWNrZW5kIjoiZGphbmdvLmNvbnRyaWIuYXV0aC5iYWNrZW5kcy5Nb2RlbEJhY2tlbmQiLCJfYXV0aF91c2VyX2lkIjoxMn0=', '2015-03-18 21:25:21'),
('jhxwexlrhrbzelwfrk4zmwu5jtqgu077', 'YzMwZGRjYWI1N2NhNDNiZjk4ODc0NjAwNDhhNTFmM2VkZjM5NjIzNzp7InR5cGUiOiJvdGhlcnVzZXIiLCJfYXV0aF91c2VyX2JhY2tlbmQiOiJkamFuZ28uY29udHJpYi5hdXRoLmJhY2tlbmRzLk1vZGVsQmFja2VuZCIsIl9hdXRoX3VzZXJfaWQiOjR9', '2015-07-08 09:08:35'),
('jl2f96gxjagvdnndgr8g7tjswlw6zc82', 'ZGIyZTJlYmEyMGFiZTZkYWQ1MGVjZjI1ZDk1NTgyZDFiZjVmODgzMjp7InR5cGUiOiJhZG1pbiIsIl9hdXRoX3VzZXJfYmFja2VuZCI6ImRqYW5nby5jb250cmliLmF1dGguYmFja2VuZHMuTW9kZWxCYWNrZW5kIiwiX2F1dGhfdXNlcl9pZCI6Nn0=', '2015-09-01 15:53:35'),
('jvf03ss6qloik70umxf696jepo7kum32', 'NjE1ODUyMDUwYjE3OTYwZGMzYmVlMmI5YzEwODg1OGUxOWMyZjRkMTp7InR5cGUiOiJ1c2VyIiwiX2F1dGhfdXNlcl9iYWNrZW5kIjoiZGphbmdvLmNvbnRyaWIuYXV0aC5iYWNrZW5kcy5Nb2RlbEJhY2tlbmQiLCJfYXV0aF91c2VyX2lkIjoxfQ==', '2015-04-10 16:08:00'),
('jvtsz9h9lnovz7ko5mbzp8qi3w4hpfr4', 'MzJhZWQxNWNlYjllYzM4Nzc5Y2JlZDExZDk0OWYzYzhiZTQ5MDY0NTp7InR5cGUiOiJ1c2VyIiwiX2F1dGhfdXNlcl9iYWNrZW5kIjoiZGphbmdvLmNvbnRyaWIuYXV0aC5iYWNrZW5kcy5Nb2RlbEJhY2tlbmQiLCJfYXV0aF91c2VyX2lkIjoyfQ==', '2014-11-19 11:37:41'),
('k4xebbre4yyqtdc13xta9eygofwtpq1p', 'MDcxMTE5MTQ0MWQ4MWU3NDM1NzQ1ZGY0MGViODcwMzM2YWE5Y2Q2Mjp7fQ==', '2014-11-25 08:23:40'),
('k5gklworsf3owauphcpivqi8c8bxctvj', 'MzJhZWQxNWNlYjllYzM4Nzc5Y2JlZDExZDk0OWYzYzhiZTQ5MDY0NTp7InR5cGUiOiJ1c2VyIiwiX2F1dGhfdXNlcl9iYWNrZW5kIjoiZGphbmdvLmNvbnRyaWIuYXV0aC5iYWNrZW5kcy5Nb2RlbEJhY2tlbmQiLCJfYXV0aF91c2VyX2lkIjoyfQ==', '2015-08-06 21:07:55'),
('k6ebfqhlwslw6ci0fl243n6y784txfbu', 'ZGIyZTJlYmEyMGFiZTZkYWQ1MGVjZjI1ZDk1NTgyZDFiZjVmODgzMjp7InR5cGUiOiJhZG1pbiIsIl9hdXRoX3VzZXJfYmFja2VuZCI6ImRqYW5nby5jb250cmliLmF1dGguYmFja2VuZHMuTW9kZWxCYWNrZW5kIiwiX2F1dGhfdXNlcl9pZCI6Nn0=', '2015-10-28 15:10:00'),
('k90v0fp2z06ceruk4pmsu4jf4obczncq', 'MDcxMTE5MTQ0MWQ4MWU3NDM1NzQ1ZGY0MGViODcwMzM2YWE5Y2Q2Mjp7fQ==', '2014-12-08 18:09:18'),
('kch9hcf90gl3wr2jfmvj91lg78obfolb', 'MDcxMTE5MTQ0MWQ4MWU3NDM1NzQ1ZGY0MGViODcwMzM2YWE5Y2Q2Mjp7fQ==', '2015-04-20 14:11:54'),
('kg5mgjw4b468nre999bjlpce4xk0iwdt', 'MzJhZWQxNWNlYjllYzM4Nzc5Y2JlZDExZDk0OWYzYzhiZTQ5MDY0NTp7InR5cGUiOiJ1c2VyIiwiX2F1dGhfdXNlcl9iYWNrZW5kIjoiZGphbmdvLmNvbnRyaWIuYXV0aC5iYWNrZW5kcy5Nb2RlbEJhY2tlbmQiLCJfYXV0aF91c2VyX2lkIjoyfQ==', '2014-12-23 16:38:16'),
('khdbk7j7213oz3fvf3ltjqxw1uldkncc', 'MDcxMTE5MTQ0MWQ4MWU3NDM1NzQ1ZGY0MGViODcwMzM2YWE5Y2Q2Mjp7fQ==', '2015-04-07 02:14:42'),
('ki6rt88d2tzapd6qizfuthqpbvd40nw3', 'NWRkMjc2OGRjMWFkNzZlMjc5MWM1NGIzYWRmNDMzNWE3YjVjMWE4Yjp7InR5cGUiOiJzdXBlcmFkbWluIiwiX2F1dGhfdXNlcl9iYWNrZW5kIjoiZGphbmdvLmNvbnRyaWIuYXV0aC5iYWNrZW5kcy5Nb2RlbEJhY2tlbmQiLCJfYXV0aF91c2VyX2lkIjozfQ==', '2014-12-11 05:07:33'),
('klkk5jh9oitcyzfcc5tih794j16ksae4', 'ZGIyZTJlYmEyMGFiZTZkYWQ1MGVjZjI1ZDk1NTgyZDFiZjVmODgzMjp7InR5cGUiOiJhZG1pbiIsIl9hdXRoX3VzZXJfYmFja2VuZCI6ImRqYW5nby5jb250cmliLmF1dGguYmFja2VuZHMuTW9kZWxCYWNrZW5kIiwiX2F1dGhfdXNlcl9pZCI6Nn0=', '2015-03-16 05:37:11'),
('klv27310cmyhqrrluv59j9tf7njez4ws', 'NjE1ODUyMDUwYjE3OTYwZGMzYmVlMmI5YzEwODg1OGUxOWMyZjRkMTp7InR5cGUiOiJ1c2VyIiwiX2F1dGhfdXNlcl9iYWNrZW5kIjoiZGphbmdvLmNvbnRyaWIuYXV0aC5iYWNrZW5kcy5Nb2RlbEJhY2tlbmQiLCJfYXV0aF91c2VyX2lkIjoxfQ==', '2014-12-31 15:22:23'),
('ko7w47n215ioesg66l0u4vuxh8lwhr7c', 'MzJhZWQxNWNlYjllYzM4Nzc5Y2JlZDExZDk0OWYzYzhiZTQ5MDY0NTp7InR5cGUiOiJ1c2VyIiwiX2F1dGhfdXNlcl9iYWNrZW5kIjoiZGphbmdvLmNvbnRyaWIuYXV0aC5iYWNrZW5kcy5Nb2RlbEJhY2tlbmQiLCJfYXV0aF91c2VyX2lkIjoyfQ==', '2015-08-24 20:23:42'),
('krr9ytuw6ujecxy9jxjb0zapll43sfco', 'ZGIyZTJlYmEyMGFiZTZkYWQ1MGVjZjI1ZDk1NTgyZDFiZjVmODgzMjp7InR5cGUiOiJhZG1pbiIsIl9hdXRoX3VzZXJfYmFja2VuZCI6ImRqYW5nby5jb250cmliLmF1dGguYmFja2VuZHMuTW9kZWxCYWNrZW5kIiwiX2F1dGhfdXNlcl9pZCI6Nn0=', '2014-12-26 16:13:57'),
('kz30h7jnpncaxe2ki2pf207mka0g9wsr', 'ZGIyZTJlYmEyMGFiZTZkYWQ1MGVjZjI1ZDk1NTgyZDFiZjVmODgzMjp7InR5cGUiOiJhZG1pbiIsIl9hdXRoX3VzZXJfYmFja2VuZCI6ImRqYW5nby5jb250cmliLmF1dGguYmFja2VuZHMuTW9kZWxCYWNrZW5kIiwiX2F1dGhfdXNlcl9pZCI6Nn0=', '2014-12-11 01:55:11'),
('l2j4lj69hjka8gheidjnwfpkcarsjj3h', 'YzMwZGRjYWI1N2NhNDNiZjk4ODc0NjAwNDhhNTFmM2VkZjM5NjIzNzp7InR5cGUiOiJvdGhlcnVzZXIiLCJfYXV0aF91c2VyX2JhY2tlbmQiOiJkamFuZ28uY29udHJpYi5hdXRoLmJhY2tlbmRzLk1vZGVsQmFja2VuZCIsIl9hdXRoX3VzZXJfaWQiOjR9', '2014-10-24 06:08:49'),
('l59cx73bsax1723qdh1gyb8yin3hpgo8', 'ZGIyZTJlYmEyMGFiZTZkYWQ1MGVjZjI1ZDk1NTgyZDFiZjVmODgzMjp7InR5cGUiOiJhZG1pbiIsIl9hdXRoX3VzZXJfYmFja2VuZCI6ImRqYW5nby5jb250cmliLmF1dGguYmFja2VuZHMuTW9kZWxCYWNrZW5kIiwiX2F1dGhfdXNlcl9pZCI6Nn0=', '2015-01-05 20:53:21'),
('lby82iot3239h8b9g9um0ixsrmlsvgb6', 'ZGIyZTJlYmEyMGFiZTZkYWQ1MGVjZjI1ZDk1NTgyZDFiZjVmODgzMjp7InR5cGUiOiJhZG1pbiIsIl9hdXRoX3VzZXJfYmFja2VuZCI6ImRqYW5nby5jb250cmliLmF1dGguYmFja2VuZHMuTW9kZWxCYWNrZW5kIiwiX2F1dGhfdXNlcl9pZCI6Nn0=', '2015-11-12 04:58:49'),
('lftt26rumnwkexrioyfeld2fy416s8rc', 'ZGIyZTJlYmEyMGFiZTZkYWQ1MGVjZjI1ZDk1NTgyZDFiZjVmODgzMjp7InR5cGUiOiJhZG1pbiIsIl9hdXRoX3VzZXJfYmFja2VuZCI6ImRqYW5nby5jb250cmliLmF1dGguYmFja2VuZHMuTW9kZWxCYWNrZW5kIiwiX2F1dGhfdXNlcl9pZCI6Nn0=', '2015-03-05 03:51:15'),
('lphua357fpjd4fyi4dxiem5ddompfpib', 'Y2NhMjVlNzM3ODRkYWU0YWE4YzU4MTFiNTI5NzliNTlmMTc2Mzk4ODp7InR5cGUiOiJ1c2VyIiwiX2F1dGhfdXNlcl9iYWNrZW5kIjoiZGphbmdvLmNvbnRyaWIuYXV0aC5iYWNrZW5kcy5Nb2RlbEJhY2tlbmQiLCJfYXV0aF91c2VyX2lkIjoxMn0=', '2015-04-24 12:45:42'),
('lpu0i78kt13dlp0r9ju1dyu5kakwhe85', 'NWRkMjc2OGRjMWFkNzZlMjc5MWM1NGIzYWRmNDMzNWE3YjVjMWE4Yjp7InR5cGUiOiJzdXBlcmFkbWluIiwiX2F1dGhfdXNlcl9iYWNrZW5kIjoiZGphbmdvLmNvbnRyaWIuYXV0aC5iYWNrZW5kcy5Nb2RlbEJhY2tlbmQiLCJfYXV0aF91c2VyX2lkIjozfQ==', '2015-07-07 09:39:53'),
('lta179wwmyod14z4weejq07j7cuuyome', 'MzJhZWQxNWNlYjllYzM4Nzc5Y2JlZDExZDk0OWYzYzhiZTQ5MDY0NTp7InR5cGUiOiJ1c2VyIiwiX2F1dGhfdXNlcl9iYWNrZW5kIjoiZGphbmdvLmNvbnRyaWIuYXV0aC5iYWNrZW5kcy5Nb2RlbEJhY2tlbmQiLCJfYXV0aF91c2VyX2lkIjoyfQ==', '2015-01-13 15:08:15'),
('lurfcd11ah8iw42vsmqdolcec7f2mceu', 'MDcxMTE5MTQ0MWQ4MWU3NDM1NzQ1ZGY0MGViODcwMzM2YWE5Y2Q2Mjp7fQ==', '2014-10-22 21:55:56'),
('lv3cv01gjd0vtw5qua4hir8d8uazrkqo', 'MzJhZWQxNWNlYjllYzM4Nzc5Y2JlZDExZDk0OWYzYzhiZTQ5MDY0NTp7InR5cGUiOiJ1c2VyIiwiX2F1dGhfdXNlcl9iYWNrZW5kIjoiZGphbmdvLmNvbnRyaWIuYXV0aC5iYWNrZW5kcy5Nb2RlbEJhY2tlbmQiLCJfYXV0aF91c2VyX2lkIjoyfQ==', '2015-12-08 17:02:27'),
('lxvgpru6l5c9wa2rm170epvo2kslxqe5', 'ZGIyZTJlYmEyMGFiZTZkYWQ1MGVjZjI1ZDk1NTgyZDFiZjVmODgzMjp7InR5cGUiOiJhZG1pbiIsIl9hdXRoX3VzZXJfYmFja2VuZCI6ImRqYW5nby5jb250cmliLmF1dGguYmFja2VuZHMuTW9kZWxCYWNrZW5kIiwiX2F1dGhfdXNlcl9pZCI6Nn0=', '2015-08-31 15:14:36'),
('mcokun6x2zuqklf9hgc2tifmh3qv68nh', 'ZGIyZTJlYmEyMGFiZTZkYWQ1MGVjZjI1ZDk1NTgyZDFiZjVmODgzMjp7InR5cGUiOiJhZG1pbiIsIl9hdXRoX3VzZXJfYmFja2VuZCI6ImRqYW5nby5jb250cmliLmF1dGguYmFja2VuZHMuTW9kZWxCYWNrZW5kIiwiX2F1dGhfdXNlcl9pZCI6Nn0=', '2015-10-09 23:43:23'),
('mhra6ja9t3haa4oe9c0lxcjwgwgdg8n7', 'Y2NhMjVlNzM3ODRkYWU0YWE4YzU4MTFiNTI5NzliNTlmMTc2Mzk4ODp7InR5cGUiOiJ1c2VyIiwiX2F1dGhfdXNlcl9iYWNrZW5kIjoiZGphbmdvLmNvbnRyaWIuYXV0aC5iYWNrZW5kcy5Nb2RlbEJhY2tlbmQiLCJfYXV0aF91c2VyX2lkIjoxMn0=', '2015-02-25 15:29:15'),
('mlx9zxvmg9gokacizrgk68l16ncfsihv', 'NWRkMjc2OGRjMWFkNzZlMjc5MWM1NGIzYWRmNDMzNWE3YjVjMWE4Yjp7InR5cGUiOiJzdXBlcmFkbWluIiwiX2F1dGhfdXNlcl9iYWNrZW5kIjoiZGphbmdvLmNvbnRyaWIuYXV0aC5iYWNrZW5kcy5Nb2RlbEJhY2tlbmQiLCJfYXV0aF91c2VyX2lkIjozfQ==', '2014-12-19 05:22:56'),
('mnu6sivjj4k899vj02depm43crbs1ztu', 'MDcxMTE5MTQ0MWQ4MWU3NDM1NzQ1ZGY0MGViODcwMzM2YWE5Y2Q2Mjp7fQ==', '2015-02-25 20:13:03'),
('myeo0x7ynfdoy6mynl1ybqcij72yn9g0', 'ZGIyZTJlYmEyMGFiZTZkYWQ1MGVjZjI1ZDk1NTgyZDFiZjVmODgzMjp7InR5cGUiOiJhZG1pbiIsIl9hdXRoX3VzZXJfYmFja2VuZCI6ImRqYW5nby5jb250cmliLmF1dGguYmFja2VuZHMuTW9kZWxCYWNrZW5kIiwiX2F1dGhfdXNlcl9pZCI6Nn0=', '2014-10-23 15:39:31'),
('myhr8svaezssw46vnvd3v0jrg344rg49', 'MzJhZWQxNWNlYjllYzM4Nzc5Y2JlZDExZDk0OWYzYzhiZTQ5MDY0NTp7InR5cGUiOiJ1c2VyIiwiX2F1dGhfdXNlcl9iYWNrZW5kIjoiZGphbmdvLmNvbnRyaWIuYXV0aC5iYWNrZW5kcy5Nb2RlbEJhY2tlbmQiLCJfYXV0aF91c2VyX2lkIjoyfQ==', '2015-01-14 15:48:28'),
('n0s78nvgu5iv4idl2j8m3awk4v593hxa', 'YzMwZGRjYWI1N2NhNDNiZjk4ODc0NjAwNDhhNTFmM2VkZjM5NjIzNzp7InR5cGUiOiJvdGhlcnVzZXIiLCJfYXV0aF91c2VyX2JhY2tlbmQiOiJkamFuZ28uY29udHJpYi5hdXRoLmJhY2tlbmRzLk1vZGVsQmFja2VuZCIsIl9hdXRoX3VzZXJfaWQiOjR9', '2014-12-12 13:15:22'),
('n3u3qjfoo7nqpihsbhx8ytspo8lfkcmf', 'MDcxMTE5MTQ0MWQ4MWU3NDM1NzQ1ZGY0MGViODcwMzM2YWE5Y2Q2Mjp7fQ==', '2014-10-20 17:18:03'),
('nc4o7ss2xx17qingm4vkfcdh1zct4c8s', 'MzJhZWQxNWNlYjllYzM4Nzc5Y2JlZDExZDk0OWYzYzhiZTQ5MDY0NTp7InR5cGUiOiJ1c2VyIiwiX2F1dGhfdXNlcl9iYWNrZW5kIjoiZGphbmdvLmNvbnRyaWIuYXV0aC5iYWNrZW5kcy5Nb2RlbEJhY2tlbmQiLCJfYXV0aF91c2VyX2lkIjoyfQ==', '2015-04-21 19:30:52'),
('ngp5ql4gz02glt53jm79fb8auph2p8t3', 'ZGIyZTJlYmEyMGFiZTZkYWQ1MGVjZjI1ZDk1NTgyZDFiZjVmODgzMjp7InR5cGUiOiJhZG1pbiIsIl9hdXRoX3VzZXJfYmFja2VuZCI6ImRqYW5nby5jb250cmliLmF1dGguYmFja2VuZHMuTW9kZWxCYWNrZW5kIiwiX2F1dGhfdXNlcl9pZCI6Nn0=', '2014-12-10 17:49:57'),
('nhtro6fc9m04n0e25cbe4iqc29tjkbdn', 'MzJhZWQxNWNlYjllYzM4Nzc5Y2JlZDExZDk0OWYzYzhiZTQ5MDY0NTp7InR5cGUiOiJ1c2VyIiwiX2F1dGhfdXNlcl9iYWNrZW5kIjoiZGphbmdvLmNvbnRyaWIuYXV0aC5iYWNrZW5kcy5Nb2RlbEJhY2tlbmQiLCJfYXV0aF91c2VyX2lkIjoyfQ==', '2015-02-13 22:38:42'),
('njnsx3x659hq59ftuuhiyuoy7xng205k', 'Y2RjZTY2ZmYxNmI5Y2UyYzMwMzllNGIxYThkN2I1NmNmZDU0M2Q0Mjp7InR5cGUiOiJhcHByb3ZlciIsIl9hdXRoX3VzZXJfYmFja2VuZCI6ImRqYW5nby5jb250cmliLmF1dGguYmFja2VuZHMuTW9kZWxCYWNrZW5kIiwiX2F1dGhfdXNlcl9pZCI6NX0=', '2015-02-03 04:36:48'),
('nu72x895g566cgo6mf68hn3l4mdycgzz', 'MzJhZWQxNWNlYjllYzM4Nzc5Y2JlZDExZDk0OWYzYzhiZTQ5MDY0NTp7InR5cGUiOiJ1c2VyIiwiX2F1dGhfdXNlcl9iYWNrZW5kIjoiZGphbmdvLmNvbnRyaWIuYXV0aC5iYWNrZW5kcy5Nb2RlbEJhY2tlbmQiLCJfYXV0aF91c2VyX2lkIjoyfQ==', '2014-12-16 14:08:18'),
('num1om4x3vt0phsg1v784do5allojur9', 'ZGIyZTJlYmEyMGFiZTZkYWQ1MGVjZjI1ZDk1NTgyZDFiZjVmODgzMjp7InR5cGUiOiJhZG1pbiIsIl9hdXRoX3VzZXJfYmFja2VuZCI6ImRqYW5nby5jb250cmliLmF1dGguYmFja2VuZHMuTW9kZWxCYWNrZW5kIiwiX2F1dGhfdXNlcl9pZCI6Nn0=', '2014-12-26 05:30:37'),
('nx8d0p65ukp3hq8pxinla97ykl8z093x', 'MzJhZWQxNWNlYjllYzM4Nzc5Y2JlZDExZDk0OWYzYzhiZTQ5MDY0NTp7InR5cGUiOiJ1c2VyIiwiX2F1dGhfdXNlcl9iYWNrZW5kIjoiZGphbmdvLmNvbnRyaWIuYXV0aC5iYWNrZW5kcy5Nb2RlbEJhY2tlbmQiLCJfYXV0aF91c2VyX2lkIjoyfQ==', '2014-12-12 20:01:15'),
('o14ebt53xzl4s6odb5vpua6rycwf7k7t', 'ZGIyZTJlYmEyMGFiZTZkYWQ1MGVjZjI1ZDk1NTgyZDFiZjVmODgzMjp7InR5cGUiOiJhZG1pbiIsIl9hdXRoX3VzZXJfYmFja2VuZCI6ImRqYW5nby5jb250cmliLmF1dGguYmFja2VuZHMuTW9kZWxCYWNrZW5kIiwiX2F1dGhfdXNlcl9pZCI6Nn0=', '2015-09-04 13:16:21'),
('o4d5vr8eetcmiyu6gblfg8g2s0n0wv20', 'NjE1ODUyMDUwYjE3OTYwZGMzYmVlMmI5YzEwODg1OGUxOWMyZjRkMTp7InR5cGUiOiJ1c2VyIiwiX2F1dGhfdXNlcl9iYWNrZW5kIjoiZGphbmdvLmNvbnRyaWIuYXV0aC5iYWNrZW5kcy5Nb2RlbEJhY2tlbmQiLCJfYXV0aF91c2VyX2lkIjoxfQ==', '2014-10-20 13:25:00'),
('o8ofeqf44ou2ma3r1n80nxnva4le1qtc', 'Y2RjZTY2ZmYxNmI5Y2UyYzMwMzllNGIxYThkN2I1NmNmZDU0M2Q0Mjp7InR5cGUiOiJhcHByb3ZlciIsIl9hdXRoX3VzZXJfYmFja2VuZCI6ImRqYW5nby5jb250cmliLmF1dGguYmFja2VuZHMuTW9kZWxCYWNrZW5kIiwiX2F1dGhfdXNlcl9pZCI6NX0=', '2014-12-10 11:49:53'),
('oa1990ym9d2w3amunjcv6hhnp6posw9a', 'MDcxMTE5MTQ0MWQ4MWU3NDM1NzQ1ZGY0MGViODcwMzM2YWE5Y2Q2Mjp7fQ==', '2015-04-20 14:04:07'),
('ob3kie9z2nn5vkzrqxay3ym5j8a42qqy', 'MDcxMTE5MTQ0MWQ4MWU3NDM1NzQ1ZGY0MGViODcwMzM2YWE5Y2Q2Mjp7fQ==', '2015-06-20 12:30:27'),
('obiexcy8t031wqwjl6cxg3mnanc4utd4', 'MzJhZWQxNWNlYjllYzM4Nzc5Y2JlZDExZDk0OWYzYzhiZTQ5MDY0NTp7InR5cGUiOiJ1c2VyIiwiX2F1dGhfdXNlcl9iYWNrZW5kIjoiZGphbmdvLmNvbnRyaWIuYXV0aC5iYWNrZW5kcy5Nb2RlbEJhY2tlbmQiLCJfYXV0aF91c2VyX2lkIjoyfQ==', '2015-06-29 18:24:18');
INSERT INTO `django_session` (`session_key`, `session_data`, `expire_date`) VALUES
('oeod92pfhfaaxzqhnzd9z60d1fodse9a', 'MDcxMTE5MTQ0MWQ4MWU3NDM1NzQ1ZGY0MGViODcwMzM2YWE5Y2Q2Mjp7fQ==', '2014-11-19 14:27:26'),
('ohy121j92ztc5taq5qntrt6yytaajr54', 'NWRkMjc2OGRjMWFkNzZlMjc5MWM1NGIzYWRmNDMzNWE3YjVjMWE4Yjp7InR5cGUiOiJzdXBlcmFkbWluIiwiX2F1dGhfdXNlcl9iYWNrZW5kIjoiZGphbmdvLmNvbnRyaWIuYXV0aC5iYWNrZW5kcy5Nb2RlbEJhY2tlbmQiLCJfYXV0aF91c2VyX2lkIjozfQ==', '2014-11-13 07:04:52'),
('ouf0rhlv5vg3wn24gc0qeeuo9fa7usgt', 'MDcxMTE5MTQ0MWQ4MWU3NDM1NzQ1ZGY0MGViODcwMzM2YWE5Y2Q2Mjp7fQ==', '2014-12-08 16:26:10'),
('ov677dwz5ytds68h9rgi9v5j87ipdgb8', 'ZGIyZTJlYmEyMGFiZTZkYWQ1MGVjZjI1ZDk1NTgyZDFiZjVmODgzMjp7InR5cGUiOiJhZG1pbiIsIl9hdXRoX3VzZXJfYmFja2VuZCI6ImRqYW5nby5jb250cmliLmF1dGguYmFja2VuZHMuTW9kZWxCYWNrZW5kIiwiX2F1dGhfdXNlcl9pZCI6Nn0=', '2014-10-24 13:06:11'),
('oymri4774bltifm33df08b8m9yxl1tkh', 'MDcxMTE5MTQ0MWQ4MWU3NDM1NzQ1ZGY0MGViODcwMzM2YWE5Y2Q2Mjp7fQ==', '2014-11-20 10:15:37'),
('oyz6ar0ccycs9ybfouqnnt3cv0gv42e1', 'MDcxMTE5MTQ0MWQ4MWU3NDM1NzQ1ZGY0MGViODcwMzM2YWE5Y2Q2Mjp7fQ==', '2015-05-16 06:29:56'),
('p3ss78w7lnsh0o99sc4vql1tm8scagm6', 'OGE2ZTZhMmVkZjRlOWQ3ZmM5YzgzODU4ZWNmYzFlZjZjY2FlZTE2Mjp7InR5cGUiOiJ1c2VyIiwiX2F1dGhfdXNlcl9iYWNrZW5kIjoiZGphbmdvLmNvbnRyaWIuYXV0aC5iYWNrZW5kcy5Nb2RlbEJhY2tlbmQiLCJfYXV0aF91c2VyX2lkIjo4fQ==', '2015-03-05 15:07:53'),
('p535e7y5la85z846ckn2rx3a0723jbp8', 'YzMwZGRjYWI1N2NhNDNiZjk4ODc0NjAwNDhhNTFmM2VkZjM5NjIzNzp7InR5cGUiOiJvdGhlcnVzZXIiLCJfYXV0aF91c2VyX2JhY2tlbmQiOiJkamFuZ28uY29udHJpYi5hdXRoLmJhY2tlbmRzLk1vZGVsQmFja2VuZCIsIl9hdXRoX3VzZXJfaWQiOjR9', '2014-12-04 13:44:10'),
('p6clhpfi9k1oschqt18s0qegnrl9soxu', 'NWRkMjc2OGRjMWFkNzZlMjc5MWM1NGIzYWRmNDMzNWE3YjVjMWE4Yjp7InR5cGUiOiJzdXBlcmFkbWluIiwiX2F1dGhfdXNlcl9iYWNrZW5kIjoiZGphbmdvLmNvbnRyaWIuYXV0aC5iYWNrZW5kcy5Nb2RlbEJhY2tlbmQiLCJfYXV0aF91c2VyX2lkIjozfQ==', '2015-01-26 06:41:36'),
('p86aai71prytck8hdyet8s5h67xwlvco', 'Y2RjZTY2ZmYxNmI5Y2UyYzMwMzllNGIxYThkN2I1NmNmZDU0M2Q0Mjp7InR5cGUiOiJhcHByb3ZlciIsIl9hdXRoX3VzZXJfYmFja2VuZCI6ImRqYW5nby5jb250cmliLmF1dGguYmFja2VuZHMuTW9kZWxCYWNrZW5kIiwiX2F1dGhfdXNlcl9pZCI6NX0=', '2014-11-22 05:30:08'),
('pfk9swq9hg23ws6e1yym0frlyhmcvqln', 'NWRkMjc2OGRjMWFkNzZlMjc5MWM1NGIzYWRmNDMzNWE3YjVjMWE4Yjp7InR5cGUiOiJzdXBlcmFkbWluIiwiX2F1dGhfdXNlcl9iYWNrZW5kIjoiZGphbmdvLmNvbnRyaWIuYXV0aC5iYWNrZW5kcy5Nb2RlbEJhY2tlbmQiLCJfYXV0aF91c2VyX2lkIjozfQ==', '2015-07-14 12:58:53'),
('pfvv0dh3hahfo2ybocmommm1sh28cquk', 'MDcxMTE5MTQ0MWQ4MWU3NDM1NzQ1ZGY0MGViODcwMzM2YWE5Y2Q2Mjp7fQ==', '2015-04-25 05:05:37'),
('plov5a2masav6wcs859qzubqfxl0c69e', 'OGE2ZTZhMmVkZjRlOWQ3ZmM5YzgzODU4ZWNmYzFlZjZjY2FlZTE2Mjp7InR5cGUiOiJ1c2VyIiwiX2F1dGhfdXNlcl9iYWNrZW5kIjoiZGphbmdvLmNvbnRyaWIuYXV0aC5iYWNrZW5kcy5Nb2RlbEJhY2tlbmQiLCJfYXV0aF91c2VyX2lkIjo4fQ==', '2014-12-08 14:14:27'),
('poquyy62kpv3r8qfgfqr83njnycbgwwc', 'MzJhZWQxNWNlYjllYzM4Nzc5Y2JlZDExZDk0OWYzYzhiZTQ5MDY0NTp7InR5cGUiOiJ1c2VyIiwiX2F1dGhfdXNlcl9iYWNrZW5kIjoiZGphbmdvLmNvbnRyaWIuYXV0aC5iYWNrZW5kcy5Nb2RlbEJhY2tlbmQiLCJfYXV0aF91c2VyX2lkIjoyfQ==', '2015-01-28 16:23:10'),
('pqh8yt026gm3wh9ztzod46r0qgpn3jmy', 'MDcxMTE5MTQ0MWQ4MWU3NDM1NzQ1ZGY0MGViODcwMzM2YWE5Y2Q2Mjp7fQ==', '2015-07-15 04:23:37'),
('pqv4dn3ezmtnzl3g9ro2v8lbhx15kqp9', 'ZGIyZTJlYmEyMGFiZTZkYWQ1MGVjZjI1ZDk1NTgyZDFiZjVmODgzMjp7InR5cGUiOiJhZG1pbiIsIl9hdXRoX3VzZXJfYmFja2VuZCI6ImRqYW5nby5jb250cmliLmF1dGguYmFja2VuZHMuTW9kZWxCYWNrZW5kIiwiX2F1dGhfdXNlcl9pZCI6Nn0=', '2014-10-25 10:41:43'),
('pvakmhyoawn4asnae2fs29lyibj2f3ws', 'NWRkMjc2OGRjMWFkNzZlMjc5MWM1NGIzYWRmNDMzNWE3YjVjMWE4Yjp7InR5cGUiOiJzdXBlcmFkbWluIiwiX2F1dGhfdXNlcl9iYWNrZW5kIjoiZGphbmdvLmNvbnRyaWIuYXV0aC5iYWNrZW5kcy5Nb2RlbEJhY2tlbmQiLCJfYXV0aF91c2VyX2lkIjozfQ==', '2014-11-07 07:12:30'),
('q2i8c5nfyqxlzldeha5ixsnpq4uc7drf', 'MDcxMTE5MTQ0MWQ4MWU3NDM1NzQ1ZGY0MGViODcwMzM2YWE5Y2Q2Mjp7fQ==', '2014-11-22 02:50:51'),
('q50jb8etaixrjc249inrvgeelmjfxm1u', 'NWRkMjc2OGRjMWFkNzZlMjc5MWM1NGIzYWRmNDMzNWE3YjVjMWE4Yjp7InR5cGUiOiJzdXBlcmFkbWluIiwiX2F1dGhfdXNlcl9iYWNrZW5kIjoiZGphbmdvLmNvbnRyaWIuYXV0aC5iYWNrZW5kcy5Nb2RlbEJhY2tlbmQiLCJfYXV0aF91c2VyX2lkIjozfQ==', '2015-03-16 05:26:58'),
('q7gk6xoctkjrwobe6y7zpoxz029v23dq', 'MDcxMTE5MTQ0MWQ4MWU3NDM1NzQ1ZGY0MGViODcwMzM2YWE5Y2Q2Mjp7fQ==', '2014-11-14 20:56:04'),
('qc2eprsckxnhd0iazbyqowddy9shtmva', 'MDcxMTE5MTQ0MWQ4MWU3NDM1NzQ1ZGY0MGViODcwMzM2YWE5Y2Q2Mjp7fQ==', '2014-12-15 22:16:10'),
('qc961gzu7ez9yvqu7masg11w2im2pc43', 'ZGIyZTJlYmEyMGFiZTZkYWQ1MGVjZjI1ZDk1NTgyZDFiZjVmODgzMjp7InR5cGUiOiJhZG1pbiIsIl9hdXRoX3VzZXJfYmFja2VuZCI6ImRqYW5nby5jb250cmliLmF1dGguYmFja2VuZHMuTW9kZWxCYWNrZW5kIiwiX2F1dGhfdXNlcl9pZCI6Nn0=', '2015-02-13 08:58:57'),
('qfyafwfplxpa70wm2lzkoveklo2s6c0j', 'MDcxMTE5MTQ0MWQ4MWU3NDM1NzQ1ZGY0MGViODcwMzM2YWE5Y2Q2Mjp7fQ==', '2015-04-20 09:59:14'),
('qjr278s5tohymcy55gaqtp2z4igyykqa', 'NWRkMjc2OGRjMWFkNzZlMjc5MWM1NGIzYWRmNDMzNWE3YjVjMWE4Yjp7InR5cGUiOiJzdXBlcmFkbWluIiwiX2F1dGhfdXNlcl9iYWNrZW5kIjoiZGphbmdvLmNvbnRyaWIuYXV0aC5iYWNrZW5kcy5Nb2RlbEJhY2tlbmQiLCJfYXV0aF91c2VyX2lkIjozfQ==', '2014-10-24 10:53:38'),
('qp3iswbqvksb3r3pnbgvvwc6gqwpxnhx', 'NjE1ODUyMDUwYjE3OTYwZGMzYmVlMmI5YzEwODg1OGUxOWMyZjRkMTp7InR5cGUiOiJ1c2VyIiwiX2F1dGhfdXNlcl9iYWNrZW5kIjoiZGphbmdvLmNvbnRyaWIuYXV0aC5iYWNrZW5kcy5Nb2RlbEJhY2tlbmQiLCJfYXV0aF91c2VyX2lkIjoxfQ==', '2015-01-07 13:23:46'),
('qs179wozvmhfahl33f5eaqswcx61ydgc', 'YzMwZGRjYWI1N2NhNDNiZjk4ODc0NjAwNDhhNTFmM2VkZjM5NjIzNzp7InR5cGUiOiJvdGhlcnVzZXIiLCJfYXV0aF91c2VyX2JhY2tlbmQiOiJkamFuZ28uY29udHJpYi5hdXRoLmJhY2tlbmRzLk1vZGVsQmFja2VuZCIsIl9hdXRoX3VzZXJfaWQiOjR9', '2015-01-02 18:22:29'),
('qsqxtca6znxv41zetnvlxnn35hjsojrb', 'ZGIyZTJlYmEyMGFiZTZkYWQ1MGVjZjI1ZDk1NTgyZDFiZjVmODgzMjp7InR5cGUiOiJhZG1pbiIsIl9hdXRoX3VzZXJfYmFja2VuZCI6ImRqYW5nby5jb250cmliLmF1dGguYmFja2VuZHMuTW9kZWxCYWNrZW5kIiwiX2F1dGhfdXNlcl9pZCI6Nn0=', '2014-12-11 17:15:16'),
('qvfa9sc71jdmkuh6hpxt8s6eybvzsmnv', 'Nzc2NDQ3MzBhZDI3MGViNWNlODc5ZmM3NWIxMDk1YjQwZTJlMzY0ODp7Il9hdXRoX3VzZXJfYmFja2VuZCI6ImRqYW5nby5jb250cmliLmF1dGguYmFja2VuZHMuTW9kZWxCYWNrZW5kIiwiX2F1dGhfdXNlcl9pZCI6MX0=', '2014-12-10 14:52:03'),
('qx4ytpzukr11fye7sq1u80u7uib2r7ji', 'ZGIyZTJlYmEyMGFiZTZkYWQ1MGVjZjI1ZDk1NTgyZDFiZjVmODgzMjp7InR5cGUiOiJhZG1pbiIsIl9hdXRoX3VzZXJfYmFja2VuZCI6ImRqYW5nby5jb250cmliLmF1dGguYmFja2VuZHMuTW9kZWxCYWNrZW5kIiwiX2F1dGhfdXNlcl9pZCI6Nn0=', '2015-01-26 15:50:07'),
('qz9h6wdcekgg5k8fbipjb14kjqyabv66', 'NjE1ODUyMDUwYjE3OTYwZGMzYmVlMmI5YzEwODg1OGUxOWMyZjRkMTp7InR5cGUiOiJ1c2VyIiwiX2F1dGhfdXNlcl9iYWNrZW5kIjoiZGphbmdvLmNvbnRyaWIuYXV0aC5iYWNrZW5kcy5Nb2RlbEJhY2tlbmQiLCJfYXV0aF91c2VyX2lkIjoxfQ==', '2014-12-16 05:17:45'),
('r6lppgqmjhazapr8gfriv2zr7nv3fbci', 'NjE1ODUyMDUwYjE3OTYwZGMzYmVlMmI5YzEwODg1OGUxOWMyZjRkMTp7InR5cGUiOiJ1c2VyIiwiX2F1dGhfdXNlcl9iYWNrZW5kIjoiZGphbmdvLmNvbnRyaWIuYXV0aC5iYWNrZW5kcy5Nb2RlbEJhY2tlbmQiLCJfYXV0aF91c2VyX2lkIjoxfQ==', '2014-10-23 18:37:37'),
('r6oypkdbzqov1yta6kdzrq99niypk44k', 'MDcxMTE5MTQ0MWQ4MWU3NDM1NzQ1ZGY0MGViODcwMzM2YWE5Y2Q2Mjp7fQ==', '2015-03-18 20:03:59'),
('r7gvr26p4e1qx2f52lv0oy5tt2z5sioh', 'MDcxMTE5MTQ0MWQ4MWU3NDM1NzQ1ZGY0MGViODcwMzM2YWE5Y2Q2Mjp7fQ==', '2015-02-20 18:16:01'),
('rb5jacvhzjvr028ls7mfu20kedvviqqw', 'MzJhZWQxNWNlYjllYzM4Nzc5Y2JlZDExZDk0OWYzYzhiZTQ5MDY0NTp7InR5cGUiOiJ1c2VyIiwiX2F1dGhfdXNlcl9iYWNrZW5kIjoiZGphbmdvLmNvbnRyaWIuYXV0aC5iYWNrZW5kcy5Nb2RlbEJhY2tlbmQiLCJfYXV0aF91c2VyX2lkIjoyfQ==', '2014-10-24 06:13:30'),
('re6uns86g6js3zbi9la2q9p004u8smf6', 'MzJhZWQxNWNlYjllYzM4Nzc5Y2JlZDExZDk0OWYzYzhiZTQ5MDY0NTp7InR5cGUiOiJ1c2VyIiwiX2F1dGhfdXNlcl9iYWNrZW5kIjoiZGphbmdvLmNvbnRyaWIuYXV0aC5iYWNrZW5kcy5Nb2RlbEJhY2tlbmQiLCJfYXV0aF91c2VyX2lkIjoyfQ==', '2014-12-31 15:12:31'),
('rfbcxwltg8lsgwjh7zv20rhldhlen6en', 'MDcxMTE5MTQ0MWQ4MWU3NDM1NzQ1ZGY0MGViODcwMzM2YWE5Y2Q2Mjp7fQ==', '2014-12-11 13:26:38'),
('rhguimum955hcc2xedysg3nd5tc1gpm5', 'NWRkMjc2OGRjMWFkNzZlMjc5MWM1NGIzYWRmNDMzNWE3YjVjMWE4Yjp7InR5cGUiOiJzdXBlcmFkbWluIiwiX2F1dGhfdXNlcl9iYWNrZW5kIjoiZGphbmdvLmNvbnRyaWIuYXV0aC5iYWNrZW5kcy5Nb2RlbEJhY2tlbmQiLCJfYXV0aF91c2VyX2lkIjozfQ==', '2014-12-26 06:26:56'),
('rnpsygk9i4blcd86selcjgkam4ythcmh', 'NjE1ODUyMDUwYjE3OTYwZGMzYmVlMmI5YzEwODg1OGUxOWMyZjRkMTp7InR5cGUiOiJ1c2VyIiwiX2F1dGhfdXNlcl9iYWNrZW5kIjoiZGphbmdvLmNvbnRyaWIuYXV0aC5iYWNrZW5kcy5Nb2RlbEJhY2tlbmQiLCJfYXV0aF91c2VyX2lkIjoxfQ==', '2015-04-14 06:45:31'),
('ro4ehr7mrllzb3ctvghtz01s8lr110sj', 'Y2NhMjVlNzM3ODRkYWU0YWE4YzU4MTFiNTI5NzliNTlmMTc2Mzk4ODp7InR5cGUiOiJ1c2VyIiwiX2F1dGhfdXNlcl9iYWNrZW5kIjoiZGphbmdvLmNvbnRyaWIuYXV0aC5iYWNrZW5kcy5Nb2RlbEJhY2tlbmQiLCJfYXV0aF91c2VyX2lkIjoxMn0=', '2015-05-28 16:08:19'),
('rvimdg4hysjz5hfdxhjcigmhke09frqk', 'ZGIyZTJlYmEyMGFiZTZkYWQ1MGVjZjI1ZDk1NTgyZDFiZjVmODgzMjp7InR5cGUiOiJhZG1pbiIsIl9hdXRoX3VzZXJfYmFja2VuZCI6ImRqYW5nby5jb250cmliLmF1dGguYmFja2VuZHMuTW9kZWxCYWNrZW5kIiwiX2F1dGhfdXNlcl9pZCI6Nn0=', '2015-02-23 03:51:34'),
('rztey8ii9av6kgani7ap0sbej409xtco', 'NWRkMjc2OGRjMWFkNzZlMjc5MWM1NGIzYWRmNDMzNWE3YjVjMWE4Yjp7InR5cGUiOiJzdXBlcmFkbWluIiwiX2F1dGhfdXNlcl9iYWNrZW5kIjoiZGphbmdvLmNvbnRyaWIuYXV0aC5iYWNrZW5kcy5Nb2RlbEJhY2tlbmQiLCJfYXV0aF91c2VyX2lkIjozfQ==', '2014-11-06 09:53:26'),
('sb6i5164unwt0w75n871zfjf4h05gnoo', 'MDcxMTE5MTQ0MWQ4MWU3NDM1NzQ1ZGY0MGViODcwMzM2YWE5Y2Q2Mjp7fQ==', '2015-02-24 13:51:50'),
('sf8xjl885v3ye8wl8209su5zuylrkeme', 'MzJhZWQxNWNlYjllYzM4Nzc5Y2JlZDExZDk0OWYzYzhiZTQ5MDY0NTp7InR5cGUiOiJ1c2VyIiwiX2F1dGhfdXNlcl9iYWNrZW5kIjoiZGphbmdvLmNvbnRyaWIuYXV0aC5iYWNrZW5kcy5Nb2RlbEJhY2tlbmQiLCJfYXV0aF91c2VyX2lkIjoyfQ==', '2015-02-27 17:08:46'),
('ski6k7o5w6p0mvtgbix4oana0unfll3f', 'MDcxMTE5MTQ0MWQ4MWU3NDM1NzQ1ZGY0MGViODcwMzM2YWE5Y2Q2Mjp7fQ==', '2015-01-06 11:01:29'),
('srchh9y93ebo2kv6hnqzcpld17qikioh', 'ZGIyZTJlYmEyMGFiZTZkYWQ1MGVjZjI1ZDk1NTgyZDFiZjVmODgzMjp7InR5cGUiOiJhZG1pbiIsIl9hdXRoX3VzZXJfYmFja2VuZCI6ImRqYW5nby5jb250cmliLmF1dGguYmFja2VuZHMuTW9kZWxCYWNrZW5kIiwiX2F1dGhfdXNlcl9pZCI6Nn0=', '2014-12-31 18:33:47'),
('svqfi5a6cnwubx73enl249a0lmxpsprz', 'YzMwZGRjYWI1N2NhNDNiZjk4ODc0NjAwNDhhNTFmM2VkZjM5NjIzNzp7InR5cGUiOiJvdGhlcnVzZXIiLCJfYXV0aF91c2VyX2JhY2tlbmQiOiJkamFuZ28uY29udHJpYi5hdXRoLmJhY2tlbmRzLk1vZGVsQmFja2VuZCIsIl9hdXRoX3VzZXJfaWQiOjR9', '2015-06-13 06:00:50'),
('szct0fsj5p70qpihmxp118sbpqo4435w', 'MDcxMTE5MTQ0MWQ4MWU3NDM1NzQ1ZGY0MGViODcwMzM2YWE5Y2Q2Mjp7fQ==', '2015-10-23 05:48:29'),
('t2fdwra9tklcbhwkb1fcs9wmoyt3zn4i', 'Y2RjZTY2ZmYxNmI5Y2UyYzMwMzllNGIxYThkN2I1NmNmZDU0M2Q0Mjp7InR5cGUiOiJhcHByb3ZlciIsIl9hdXRoX3VzZXJfYmFja2VuZCI6ImRqYW5nby5jb250cmliLmF1dGguYmFja2VuZHMuTW9kZWxCYWNrZW5kIiwiX2F1dGhfdXNlcl9pZCI6NX0=', '2014-12-16 07:04:26'),
('t3n0y6lwqf1tpo72yej3l3wd8pzkebso', 'MzJhZWQxNWNlYjllYzM4Nzc5Y2JlZDExZDk0OWYzYzhiZTQ5MDY0NTp7InR5cGUiOiJ1c2VyIiwiX2F1dGhfdXNlcl9iYWNrZW5kIjoiZGphbmdvLmNvbnRyaWIuYXV0aC5iYWNrZW5kcy5Nb2RlbEJhY2tlbmQiLCJfYXV0aF91c2VyX2lkIjoyfQ==', '2015-01-19 15:18:12'),
('t4f4erg3fp799izi93zqv0k191r2m9n8', 'NWRkMjc2OGRjMWFkNzZlMjc5MWM1NGIzYWRmNDMzNWE3YjVjMWE4Yjp7InR5cGUiOiJzdXBlcmFkbWluIiwiX2F1dGhfdXNlcl9iYWNrZW5kIjoiZGphbmdvLmNvbnRyaWIuYXV0aC5iYWNrZW5kcy5Nb2RlbEJhY2tlbmQiLCJfYXV0aF91c2VyX2lkIjozfQ==', '2015-04-21 03:09:43'),
('t713sfqv19jr8qrnr5tf67vikcbpitrh', 'MzJhZWQxNWNlYjllYzM4Nzc5Y2JlZDExZDk0OWYzYzhiZTQ5MDY0NTp7InR5cGUiOiJ1c2VyIiwiX2F1dGhfdXNlcl9iYWNrZW5kIjoiZGphbmdvLmNvbnRyaWIuYXV0aC5iYWNrZW5kcy5Nb2RlbEJhY2tlbmQiLCJfYXV0aF91c2VyX2lkIjoyfQ==', '2015-07-28 13:35:53'),
('tkfdsftwhkjuyhjo1u890yd30ccfe61a', 'MzJhZWQxNWNlYjllYzM4Nzc5Y2JlZDExZDk0OWYzYzhiZTQ5MDY0NTp7InR5cGUiOiJ1c2VyIiwiX2F1dGhfdXNlcl9iYWNrZW5kIjoiZGphbmdvLmNvbnRyaWIuYXV0aC5iYWNrZW5kcy5Nb2RlbEJhY2tlbmQiLCJfYXV0aF91c2VyX2lkIjoyfQ==', '2014-10-24 11:08:04'),
('tlt67pzd7ielezcss0p2vren6exhwr1i', 'NWRkMjc2OGRjMWFkNzZlMjc5MWM1NGIzYWRmNDMzNWE3YjVjMWE4Yjp7InR5cGUiOiJzdXBlcmFkbWluIiwiX2F1dGhfdXNlcl9iYWNrZW5kIjoiZGphbmdvLmNvbnRyaWIuYXV0aC5iYWNrZW5kcy5Nb2RlbEJhY2tlbmQiLCJfYXV0aF91c2VyX2lkIjozfQ==', '2014-10-22 01:59:50'),
('toddc9qo6r4z6hibftt7yzubr32817nn', 'OGE2ZTZhMmVkZjRlOWQ3ZmM5YzgzODU4ZWNmYzFlZjZjY2FlZTE2Mjp7InR5cGUiOiJ1c2VyIiwiX2F1dGhfdXNlcl9iYWNrZW5kIjoiZGphbmdvLmNvbnRyaWIuYXV0aC5iYWNrZW5kcy5Nb2RlbEJhY2tlbmQiLCJfYXV0aF91c2VyX2lkIjo4fQ==', '2015-01-19 14:27:34'),
('tqbafmlruojj5hz8dp14021swsczznce', 'ZGIyZTJlYmEyMGFiZTZkYWQ1MGVjZjI1ZDk1NTgyZDFiZjVmODgzMjp7InR5cGUiOiJhZG1pbiIsIl9hdXRoX3VzZXJfYmFja2VuZCI6ImRqYW5nby5jb250cmliLmF1dGguYmFja2VuZHMuTW9kZWxCYWNrZW5kIiwiX2F1dGhfdXNlcl9pZCI6Nn0=', '2015-09-04 13:16:21'),
('ttca8dtj6m03kwj15zc9yalgr7uos45s', 'NWRkMjc2OGRjMWFkNzZlMjc5MWM1NGIzYWRmNDMzNWE3YjVjMWE4Yjp7InR5cGUiOiJzdXBlcmFkbWluIiwiX2F1dGhfdXNlcl9iYWNrZW5kIjoiZGphbmdvLmNvbnRyaWIuYXV0aC5iYWNrZW5kcy5Nb2RlbEJhY2tlbmQiLCJfYXV0aF91c2VyX2lkIjozfQ==', '2014-12-26 07:13:11'),
('ttklz36ja2r45hqp3d0wdmgczz34z8ne', 'MDcxMTE5MTQ0MWQ4MWU3NDM1NzQ1ZGY0MGViODcwMzM2YWE5Y2Q2Mjp7fQ==', '2015-08-10 17:16:16'),
('tvd9ds7bvqn3x8pk5lxszz3ddxgibjzi', 'Y2RjZTY2ZmYxNmI5Y2UyYzMwMzllNGIxYThkN2I1NmNmZDU0M2Q0Mjp7InR5cGUiOiJhcHByb3ZlciIsIl9hdXRoX3VzZXJfYmFja2VuZCI6ImRqYW5nby5jb250cmliLmF1dGguYmFja2VuZHMuTW9kZWxCYWNrZW5kIiwiX2F1dGhfdXNlcl9pZCI6NX0=', '2015-10-23 06:02:36'),
('uar7xt61recyahf8k36wjd41bs8y952o', 'MzJhZWQxNWNlYjllYzM4Nzc5Y2JlZDExZDk0OWYzYzhiZTQ5MDY0NTp7InR5cGUiOiJ1c2VyIiwiX2F1dGhfdXNlcl9iYWNrZW5kIjoiZGphbmdvLmNvbnRyaWIuYXV0aC5iYWNrZW5kcy5Nb2RlbEJhY2tlbmQiLCJfYXV0aF91c2VyX2lkIjoyfQ==', '2014-12-10 10:30:13'),
('uhp7osikai8heb1cuaedh5jxemofmq95', 'MzJhZWQxNWNlYjllYzM4Nzc5Y2JlZDExZDk0OWYzYzhiZTQ5MDY0NTp7InR5cGUiOiJ1c2VyIiwiX2F1dGhfdXNlcl9iYWNrZW5kIjoiZGphbmdvLmNvbnRyaWIuYXV0aC5iYWNrZW5kcy5Nb2RlbEJhY2tlbmQiLCJfYXV0aF91c2VyX2lkIjoyfQ==', '2014-11-22 05:29:16'),
('uhut4pdqje7ii99tpiv4aux32aipl0ms', 'ZGIyZTJlYmEyMGFiZTZkYWQ1MGVjZjI1ZDk1NTgyZDFiZjVmODgzMjp7InR5cGUiOiJhZG1pbiIsIl9hdXRoX3VzZXJfYmFja2VuZCI6ImRqYW5nby5jb250cmliLmF1dGguYmFja2VuZHMuTW9kZWxCYWNrZW5kIiwiX2F1dGhfdXNlcl9pZCI6Nn0=', '2015-03-16 05:23:34'),
('uluyvtc7urq5ru7fcttxbpb7kmwdow0y', 'MzJhZWQxNWNlYjllYzM4Nzc5Y2JlZDExZDk0OWYzYzhiZTQ5MDY0NTp7InR5cGUiOiJ1c2VyIiwiX2F1dGhfdXNlcl9iYWNrZW5kIjoiZGphbmdvLmNvbnRyaWIuYXV0aC5iYWNrZW5kcy5Nb2RlbEJhY2tlbmQiLCJfYXV0aF91c2VyX2lkIjoyfQ==', '2015-06-02 15:57:40'),
('unf95b4o4bs6j0aeg1dp7o2vmklhl326', 'ZGIyZTJlYmEyMGFiZTZkYWQ1MGVjZjI1ZDk1NTgyZDFiZjVmODgzMjp7InR5cGUiOiJhZG1pbiIsIl9hdXRoX3VzZXJfYmFja2VuZCI6ImRqYW5nby5jb250cmliLmF1dGguYmFja2VuZHMuTW9kZWxCYWNrZW5kIiwiX2F1dGhfdXNlcl9pZCI6Nn0=', '2014-12-15 14:43:07'),
('uz565czvna5hk6wi3ehiqlzb7adxw137', 'OGE2ZTZhMmVkZjRlOWQ3ZmM5YzgzODU4ZWNmYzFlZjZjY2FlZTE2Mjp7InR5cGUiOiJ1c2VyIiwiX2F1dGhfdXNlcl9iYWNrZW5kIjoiZGphbmdvLmNvbnRyaWIuYXV0aC5iYWNrZW5kcy5Nb2RlbEJhY2tlbmQiLCJfYXV0aF91c2VyX2lkIjo4fQ==', '2014-12-30 15:52:01'),
('v36vqfjoi9ppj2l8n97mxl7a52keess8', 'MzJhZWQxNWNlYjllYzM4Nzc5Y2JlZDExZDk0OWYzYzhiZTQ5MDY0NTp7InR5cGUiOiJ1c2VyIiwiX2F1dGhfdXNlcl9iYWNrZW5kIjoiZGphbmdvLmNvbnRyaWIuYXV0aC5iYWNrZW5kcy5Nb2RlbEJhY2tlbmQiLCJfYXV0aF91c2VyX2lkIjoyfQ==', '2014-10-23 15:31:02'),
('vca6hvzulhc5hlopcprupr8utpfxb4qg', 'NWRkMjc2OGRjMWFkNzZlMjc5MWM1NGIzYWRmNDMzNWE3YjVjMWE4Yjp7InR5cGUiOiJzdXBlcmFkbWluIiwiX2F1dGhfdXNlcl9iYWNrZW5kIjoiZGphbmdvLmNvbnRyaWIuYXV0aC5iYWNrZW5kcy5Nb2RlbEJhY2tlbmQiLCJfYXV0aF91c2VyX2lkIjozfQ==', '2015-04-15 02:17:56'),
('vfz2ugktjic88erazhtrhk0nw1tmynid', 'ZGIyZTJlYmEyMGFiZTZkYWQ1MGVjZjI1ZDk1NTgyZDFiZjVmODgzMjp7InR5cGUiOiJhZG1pbiIsIl9hdXRoX3VzZXJfYmFja2VuZCI6ImRqYW5nby5jb250cmliLmF1dGguYmFja2VuZHMuTW9kZWxCYWNrZW5kIiwiX2F1dGhfdXNlcl9pZCI6Nn0=', '2014-12-10 17:49:05'),
('vifcs3b22ez6migu0anf8q6612ozgpvy', 'NjE1ODUyMDUwYjE3OTYwZGMzYmVlMmI5YzEwODg1OGUxOWMyZjRkMTp7InR5cGUiOiJ1c2VyIiwiX2F1dGhfdXNlcl9iYWNrZW5kIjoiZGphbmdvLmNvbnRyaWIuYXV0aC5iYWNrZW5kcy5Nb2RlbEJhY2tlbmQiLCJfYXV0aF91c2VyX2lkIjoxfQ==', '2015-05-22 16:20:14'),
('vk0hwbuwwq0bbhr2hgzqn8y6j95ulpd6', 'MDcxMTE5MTQ0MWQ4MWU3NDM1NzQ1ZGY0MGViODcwMzM2YWE5Y2Q2Mjp7fQ==', '2015-09-30 05:48:53'),
('vkk062qgyvz7p5kgci5antdwcx4qjhgf', 'MDcxMTE5MTQ0MWQ4MWU3NDM1NzQ1ZGY0MGViODcwMzM2YWE5Y2Q2Mjp7fQ==', '2015-07-02 11:03:33'),
('vo4qf09khzfxahe3eoe9f9o4wodpuie8', 'Y2RjZTY2ZmYxNmI5Y2UyYzMwMzllNGIxYThkN2I1NmNmZDU0M2Q0Mjp7InR5cGUiOiJhcHByb3ZlciIsIl9hdXRoX3VzZXJfYmFja2VuZCI6ImRqYW5nby5jb250cmliLmF1dGguYmFja2VuZHMuTW9kZWxCYWNrZW5kIiwiX2F1dGhfdXNlcl9pZCI6NX0=', '2014-12-16 15:41:51'),
('vod9q5bw3fd2lr3iozo3m5iwbdt6hbgr', 'ZGIyZTJlYmEyMGFiZTZkYWQ1MGVjZjI1ZDk1NTgyZDFiZjVmODgzMjp7InR5cGUiOiJhZG1pbiIsIl9hdXRoX3VzZXJfYmFja2VuZCI6ImRqYW5nby5jb250cmliLmF1dGguYmFja2VuZHMuTW9kZWxCYWNrZW5kIiwiX2F1dGhfdXNlcl9pZCI6Nn0=', '2015-05-16 06:33:19'),
('vpibrwbuj3fjlqyj9bw3w920a5zfnjfg', 'MDcxMTE5MTQ0MWQ4MWU3NDM1NzQ1ZGY0MGViODcwMzM2YWE5Y2Q2Mjp7fQ==', '2014-12-04 13:46:06'),
('vppzpperiwuay0pbmdd0r1eeckc0slo5', 'NWRkMjc2OGRjMWFkNzZlMjc5MWM1NGIzYWRmNDMzNWE3YjVjMWE4Yjp7InR5cGUiOiJzdXBlcmFkbWluIiwiX2F1dGhfdXNlcl9iYWNrZW5kIjoiZGphbmdvLmNvbnRyaWIuYXV0aC5iYWNrZW5kcy5Nb2RlbEJhY2tlbmQiLCJfYXV0aF91c2VyX2lkIjozfQ==', '2015-01-14 10:57:43'),
('vsbn94r425v1jeazmnkdv6u9zgskb2c1', 'NjE1ODUyMDUwYjE3OTYwZGMzYmVlMmI5YzEwODg1OGUxOWMyZjRkMTp7InR5cGUiOiJ1c2VyIiwiX2F1dGhfdXNlcl9iYWNrZW5kIjoiZGphbmdvLmNvbnRyaWIuYXV0aC5iYWNrZW5kcy5Nb2RlbEJhY2tlbmQiLCJfYXV0aF91c2VyX2lkIjoxfQ==', '2015-02-02 03:46:54'),
('vtuluke7fcflznhi0rmrlgr55wax4z2t', 'NWRkMjc2OGRjMWFkNzZlMjc5MWM1NGIzYWRmNDMzNWE3YjVjMWE4Yjp7InR5cGUiOiJzdXBlcmFkbWluIiwiX2F1dGhfdXNlcl9iYWNrZW5kIjoiZGphbmdvLmNvbnRyaWIuYXV0aC5iYWNrZW5kcy5Nb2RlbEJhY2tlbmQiLCJfYXV0aF91c2VyX2lkIjozfQ==', '2014-10-24 10:46:46'),
('w0prt1vq6747qtf44y46j33nz1vyhlp9', 'NWRkMjc2OGRjMWFkNzZlMjc5MWM1NGIzYWRmNDMzNWE3YjVjMWE4Yjp7InR5cGUiOiJzdXBlcmFkbWluIiwiX2F1dGhfdXNlcl9iYWNrZW5kIjoiZGphbmdvLmNvbnRyaWIuYXV0aC5iYWNrZW5kcy5Nb2RlbEJhY2tlbmQiLCJfYXV0aF91c2VyX2lkIjozfQ==', '2015-04-14 08:16:01'),
('w7qaem83n5njsenaeehua78ci5hzx3du', 'YzMwZGRjYWI1N2NhNDNiZjk4ODc0NjAwNDhhNTFmM2VkZjM5NjIzNzp7InR5cGUiOiJvdGhlcnVzZXIiLCJfYXV0aF91c2VyX2JhY2tlbmQiOiJkamFuZ28uY29udHJpYi5hdXRoLmJhY2tlbmRzLk1vZGVsQmFja2VuZCIsIl9hdXRoX3VzZXJfaWQiOjR9', '2014-12-12 13:33:43'),
('wd7mo723648lzl08i861g1wu5ojhhmu5', 'YzMwZGRjYWI1N2NhNDNiZjk4ODc0NjAwNDhhNTFmM2VkZjM5NjIzNzp7InR5cGUiOiJvdGhlcnVzZXIiLCJfYXV0aF91c2VyX2JhY2tlbmQiOiJkamFuZ28uY29udHJpYi5hdXRoLmJhY2tlbmRzLk1vZGVsQmFja2VuZCIsIl9hdXRoX3VzZXJfaWQiOjR9', '2015-06-23 16:41:49'),
('wdye1mbth9qo9zpjkp00dd1oysz3neaj', 'OGE2ZTZhMmVkZjRlOWQ3ZmM5YzgzODU4ZWNmYzFlZjZjY2FlZTE2Mjp7InR5cGUiOiJ1c2VyIiwiX2F1dGhfdXNlcl9iYWNrZW5kIjoiZGphbmdvLmNvbnRyaWIuYXV0aC5iYWNrZW5kcy5Nb2RlbEJhY2tlbmQiLCJfYXV0aF91c2VyX2lkIjo4fQ==', '2014-12-16 14:18:16'),
('ww9k45kanoksoi9c80ybb5txqwl2e5qu', 'NWRkMjc2OGRjMWFkNzZlMjc5MWM1NGIzYWRmNDMzNWE3YjVjMWE4Yjp7InR5cGUiOiJzdXBlcmFkbWluIiwiX2F1dGhfdXNlcl9iYWNrZW5kIjoiZGphbmdvLmNvbnRyaWIuYXV0aC5iYWNrZW5kcy5Nb2RlbEJhY2tlbmQiLCJfYXV0aF91c2VyX2lkIjozfQ==', '2014-10-20 14:43:32'),
('x07eesxk6zlrzgcye8s2rblkmy6ew9p9', 'NWRkMjc2OGRjMWFkNzZlMjc5MWM1NGIzYWRmNDMzNWE3YjVjMWE4Yjp7InR5cGUiOiJzdXBlcmFkbWluIiwiX2F1dGhfdXNlcl9iYWNrZW5kIjoiZGphbmdvLmNvbnRyaWIuYXV0aC5iYWNrZW5kcy5Nb2RlbEJhY2tlbmQiLCJfYXV0aF91c2VyX2lkIjozfQ==', '2015-06-17 06:17:44'),
('x0ex94wfi3bg5h9ycxba1yvugw9t5umi', 'MzJhZWQxNWNlYjllYzM4Nzc5Y2JlZDExZDk0OWYzYzhiZTQ5MDY0NTp7InR5cGUiOiJ1c2VyIiwiX2F1dGhfdXNlcl9iYWNrZW5kIjoiZGphbmdvLmNvbnRyaWIuYXV0aC5iYWNrZW5kcy5Nb2RlbEJhY2tlbmQiLCJfYXV0aF91c2VyX2lkIjoyfQ==', '2015-11-24 14:58:52'),
('x0yvkexzi9g9ntcxi0hvxt92hnpah98c', 'MzJhZWQxNWNlYjllYzM4Nzc5Y2JlZDExZDk0OWYzYzhiZTQ5MDY0NTp7InR5cGUiOiJ1c2VyIiwiX2F1dGhfdXNlcl9iYWNrZW5kIjoiZGphbmdvLmNvbnRyaWIuYXV0aC5iYWNrZW5kcy5Nb2RlbEJhY2tlbmQiLCJfYXV0aF91c2VyX2lkIjoyfQ==', '2014-10-23 08:15:09'),
('x10fuvxahnvkwdrswf9jponwwy8st5ld', 'MzJhZWQxNWNlYjllYzM4Nzc5Y2JlZDExZDk0OWYzYzhiZTQ5MDY0NTp7InR5cGUiOiJ1c2VyIiwiX2F1dGhfdXNlcl9iYWNrZW5kIjoiZGphbmdvLmNvbnRyaWIuYXV0aC5iYWNrZW5kcy5Nb2RlbEJhY2tlbmQiLCJfYXV0aF91c2VyX2lkIjoyfQ==', '2014-11-22 05:30:38'),
('x4u3c7ghfmkpxbr608qjdhwgme3ydf6i', 'NjE1ODUyMDUwYjE3OTYwZGMzYmVlMmI5YzEwODg1OGUxOWMyZjRkMTp7InR5cGUiOiJ1c2VyIiwiX2F1dGhfdXNlcl9iYWNrZW5kIjoiZGphbmdvLmNvbnRyaWIuYXV0aC5iYWNrZW5kcy5Nb2RlbEJhY2tlbmQiLCJfYXV0aF91c2VyX2lkIjoxfQ==', '2015-04-09 09:31:46'),
('xakxs2pqh6k9sm9qu7uk1apzbhiyrd18', 'ZGIyZTJlYmEyMGFiZTZkYWQ1MGVjZjI1ZDk1NTgyZDFiZjVmODgzMjp7InR5cGUiOiJhZG1pbiIsIl9hdXRoX3VzZXJfYmFja2VuZCI6ImRqYW5nby5jb250cmliLmF1dGguYmFja2VuZHMuTW9kZWxCYWNrZW5kIiwiX2F1dGhfdXNlcl9pZCI6Nn0=', '2014-12-16 17:59:43'),
('xehlmaeclw7tsmor5pamctikbdfn00j7', 'Y2RjZTY2ZmYxNmI5Y2UyYzMwMzllNGIxYThkN2I1NmNmZDU0M2Q0Mjp7InR5cGUiOiJhcHByb3ZlciIsIl9hdXRoX3VzZXJfYmFja2VuZCI6ImRqYW5nby5jb250cmliLmF1dGguYmFja2VuZHMuTW9kZWxCYWNrZW5kIiwiX2F1dGhfdXNlcl9pZCI6NX0=', '2014-12-08 17:49:54'),
('xfo3xjupa2xrlti9fci5jxqkdwd8l2jl', 'MDcxMTE5MTQ0MWQ4MWU3NDM1NzQ1ZGY0MGViODcwMzM2YWE5Y2Q2Mjp7fQ==', '2015-06-16 18:12:51'),
('xn5b6zxt0kkh9nd8fk38y72gwz65pta4', 'NjE1ODUyMDUwYjE3OTYwZGMzYmVlMmI5YzEwODg1OGUxOWMyZjRkMTp7InR5cGUiOiJ1c2VyIiwiX2F1dGhfdXNlcl9iYWNrZW5kIjoiZGphbmdvLmNvbnRyaWIuYXV0aC5iYWNrZW5kcy5Nb2RlbEJhY2tlbmQiLCJfYXV0aF91c2VyX2lkIjoxfQ==', '2015-04-09 09:25:45'),
('xpkqjvm7pa3uir81tiw0l5ghd3tp2vqg', 'ZGIyZTJlYmEyMGFiZTZkYWQ1MGVjZjI1ZDk1NTgyZDFiZjVmODgzMjp7InR5cGUiOiJhZG1pbiIsIl9hdXRoX3VzZXJfYmFja2VuZCI6ImRqYW5nby5jb250cmliLmF1dGguYmFja2VuZHMuTW9kZWxCYWNrZW5kIiwiX2F1dGhfdXNlcl9pZCI6Nn0=', '2014-12-19 11:11:51'),
('xthfvzasrlw0cqmu1i9kyw7eksuchgem', 'MzJhZWQxNWNlYjllYzM4Nzc5Y2JlZDExZDk0OWYzYzhiZTQ5MDY0NTp7InR5cGUiOiJ1c2VyIiwiX2F1dGhfdXNlcl9iYWNrZW5kIjoiZGphbmdvLmNvbnRyaWIuYXV0aC5iYWNrZW5kcy5Nb2RlbEJhY2tlbmQiLCJfYXV0aF91c2VyX2lkIjoyfQ==', '2014-10-20 17:15:53'),
('xuw7qvxgxzy5clmhahrm1qwi5je0xlh7', 'MDcxMTE5MTQ0MWQ4MWU3NDM1NzQ1ZGY0MGViODcwMzM2YWE5Y2Q2Mjp7fQ==', '2015-04-24 14:39:35'),
('xzmaj49puljurjxl2zw5llm3ci571yev', 'MzJhZWQxNWNlYjllYzM4Nzc5Y2JlZDExZDk0OWYzYzhiZTQ5MDY0NTp7InR5cGUiOiJ1c2VyIiwiX2F1dGhfdXNlcl9iYWNrZW5kIjoiZGphbmdvLmNvbnRyaWIuYXV0aC5iYWNrZW5kcy5Nb2RlbEJhY2tlbmQiLCJfYXV0aF91c2VyX2lkIjoyfQ==', '2015-09-01 13:55:33'),
('ycnazw73yiyusktpi1c3snc72jcf407a', 'NjE1ODUyMDUwYjE3OTYwZGMzYmVlMmI5YzEwODg1OGUxOWMyZjRkMTp7InR5cGUiOiJ1c2VyIiwiX2F1dGhfdXNlcl9iYWNrZW5kIjoiZGphbmdvLmNvbnRyaWIuYXV0aC5iYWNrZW5kcy5Nb2RlbEJhY2tlbmQiLCJfYXV0aF91c2VyX2lkIjoxfQ==', '2015-04-20 13:28:06'),
('ydrk74gl9ado5qylrqangnqjra1b3rmj', 'MDcxMTE5MTQ0MWQ4MWU3NDM1NzQ1ZGY0MGViODcwMzM2YWE5Y2Q2Mjp7fQ==', '2015-02-23 15:30:01'),
('ye5ic62574bxd90flcjnocstub1gvvof', 'MzJhZWQxNWNlYjllYzM4Nzc5Y2JlZDExZDk0OWYzYzhiZTQ5MDY0NTp7InR5cGUiOiJ1c2VyIiwiX2F1dGhfdXNlcl9iYWNrZW5kIjoiZGphbmdvLmNvbnRyaWIuYXV0aC5iYWNrZW5kcy5Nb2RlbEJhY2tlbmQiLCJfYXV0aF91c2VyX2lkIjoyfQ==', '2014-10-25 07:44:37'),
('yecyn2xbu3yvdnvv4smg6uozwgjawlaw', 'OGE2ZTZhMmVkZjRlOWQ3ZmM5YzgzODU4ZWNmYzFlZjZjY2FlZTE2Mjp7InR5cGUiOiJ1c2VyIiwiX2F1dGhfdXNlcl9iYWNrZW5kIjoiZGphbmdvLmNvbnRyaWIuYXV0aC5iYWNrZW5kcy5Nb2RlbEJhY2tlbmQiLCJfYXV0aF91c2VyX2lkIjo4fQ==', '2015-02-04 00:00:23'),
('yf53yk6p5mcq2d8f3abzzx3rth2w4huq', 'NWRkMjc2OGRjMWFkNzZlMjc5MWM1NGIzYWRmNDMzNWE3YjVjMWE4Yjp7InR5cGUiOiJzdXBlcmFkbWluIiwiX2F1dGhfdXNlcl9iYWNrZW5kIjoiZGphbmdvLmNvbnRyaWIuYXV0aC5iYWNrZW5kcy5Nb2RlbEJhY2tlbmQiLCJfYXV0aF91c2VyX2lkIjozfQ==', '2014-11-26 11:34:46'),
('yf6z8gd28x04fuc9cturrozms393wbq2', 'YzMwZGRjYWI1N2NhNDNiZjk4ODc0NjAwNDhhNTFmM2VkZjM5NjIzNzp7InR5cGUiOiJvdGhlcnVzZXIiLCJfYXV0aF91c2VyX2JhY2tlbmQiOiJkamFuZ28uY29udHJpYi5hdXRoLmJhY2tlbmRzLk1vZGVsQmFja2VuZCIsIl9hdXRoX3VzZXJfaWQiOjR9', '2014-12-16 17:39:40'),
('yfovyn1hozgzbedcibkoq47hi31lfa97', 'MzJhZWQxNWNlYjllYzM4Nzc5Y2JlZDExZDk0OWYzYzhiZTQ5MDY0NTp7InR5cGUiOiJ1c2VyIiwiX2F1dGhfdXNlcl9iYWNrZW5kIjoiZGphbmdvLmNvbnRyaWIuYXV0aC5iYWNrZW5kcy5Nb2RlbEJhY2tlbmQiLCJfYXV0aF91c2VyX2lkIjoyfQ==', '2014-12-10 17:18:56'),
('ygtamiq3dn9eebrltznek83j03u5lrcr', 'MzJhZWQxNWNlYjllYzM4Nzc5Y2JlZDExZDk0OWYzYzhiZTQ5MDY0NTp7InR5cGUiOiJ1c2VyIiwiX2F1dGhfdXNlcl9iYWNrZW5kIjoiZGphbmdvLmNvbnRyaWIuYXV0aC5iYWNrZW5kcy5Nb2RlbEJhY2tlbmQiLCJfYXV0aF91c2VyX2lkIjoyfQ==', '2015-04-10 18:26:22'),
('ykztfz13gfb1fpsifeb7qzutz7jfnge4', 'MDcxMTE5MTQ0MWQ4MWU3NDM1NzQ1ZGY0MGViODcwMzM2YWE5Y2Q2Mjp7fQ==', '2015-02-16 16:07:57'),
('yr696octu7wuj8oa90ql98n8duae51m1', 'MzJhZWQxNWNlYjllYzM4Nzc5Y2JlZDExZDk0OWYzYzhiZTQ5MDY0NTp7InR5cGUiOiJ1c2VyIiwiX2F1dGhfdXNlcl9iYWNrZW5kIjoiZGphbmdvLmNvbnRyaWIuYXV0aC5iYWNrZW5kcy5Nb2RlbEJhY2tlbmQiLCJfYXV0aF91c2VyX2lkIjoyfQ==', '2014-12-12 18:05:03'),
('ys3vi1k1y4ic7y9zwlb3ghmy4k0obkgw', 'MDcxMTE5MTQ0MWQ4MWU3NDM1NzQ1ZGY0MGViODcwMzM2YWE5Y2Q2Mjp7fQ==', '2015-04-24 13:31:26'),
('ysngslumy1egp9i2uzt443me031abu8m', 'MDcxMTE5MTQ0MWQ4MWU3NDM1NzQ1ZGY0MGViODcwMzM2YWE5Y2Q2Mjp7fQ==', '2015-07-02 12:37:59'),
('ytki4hqrazlyj4zz4833q1gtexu6p6hk', 'Y2RjZTY2ZmYxNmI5Y2UyYzMwMzllNGIxYThkN2I1NmNmZDU0M2Q0Mjp7InR5cGUiOiJhcHByb3ZlciIsIl9hdXRoX3VzZXJfYmFja2VuZCI6ImRqYW5nby5jb250cmliLmF1dGguYmFja2VuZHMuTW9kZWxCYWNrZW5kIiwiX2F1dGhfdXNlcl9pZCI6NX0=', '2015-02-25 10:07:08'),
('yvrn629w0jwliu0kby8nvcaadkp1gaff', 'MDcxMTE5MTQ0MWQ4MWU3NDM1NzQ1ZGY0MGViODcwMzM2YWE5Y2Q2Mjp7fQ==', '2015-06-24 12:57:23'),
('yzajfyurau579ie57oc7ghxkrq1lw8y7', 'MzJhZWQxNWNlYjllYzM4Nzc5Y2JlZDExZDk0OWYzYzhiZTQ5MDY0NTp7InR5cGUiOiJ1c2VyIiwiX2F1dGhfdXNlcl9iYWNrZW5kIjoiZGphbmdvLmNvbnRyaWIuYXV0aC5iYWNrZW5kcy5Nb2RlbEJhY2tlbmQiLCJfYXV0aF91c2VyX2lkIjoyfQ==', '2015-12-18 15:13:47'),
('z2swgkc3oadbnk77ytydrd5doa8k4xdn', 'MzJhZWQxNWNlYjllYzM4Nzc5Y2JlZDExZDk0OWYzYzhiZTQ5MDY0NTp7InR5cGUiOiJ1c2VyIiwiX2F1dGhfdXNlcl9iYWNrZW5kIjoiZGphbmdvLmNvbnRyaWIuYXV0aC5iYWNrZW5kcy5Nb2RlbEJhY2tlbmQiLCJfYXV0aF91c2VyX2lkIjoyfQ==', '2015-07-17 14:47:58'),
('z4bap2cys6jr7v23aedbjh9t2pj5rjic', 'ZGIyZTJlYmEyMGFiZTZkYWQ1MGVjZjI1ZDk1NTgyZDFiZjVmODgzMjp7InR5cGUiOiJhZG1pbiIsIl9hdXRoX3VzZXJfYmFja2VuZCI6ImRqYW5nby5jb250cmliLmF1dGguYmFja2VuZHMuTW9kZWxCYWNrZW5kIiwiX2F1dGhfdXNlcl9pZCI6Nn0=', '2015-09-30 07:15:50'),
('z6agaz3u6guwkmzwct8ttsi3buirknh7', 'NWRkMjc2OGRjMWFkNzZlMjc5MWM1NGIzYWRmNDMzNWE3YjVjMWE4Yjp7InR5cGUiOiJzdXBlcmFkbWluIiwiX2F1dGhfdXNlcl9iYWNrZW5kIjoiZGphbmdvLmNvbnRyaWIuYXV0aC5iYWNrZW5kcy5Nb2RlbEJhY2tlbmQiLCJfYXV0aF91c2VyX2lkIjozfQ==', '2015-08-05 05:35:35'),
('z8bcyeu07d6d71uu4ey914nmred7p0qm', 'YzMwZGRjYWI1N2NhNDNiZjk4ODc0NjAwNDhhNTFmM2VkZjM5NjIzNzp7InR5cGUiOiJvdGhlcnVzZXIiLCJfYXV0aF91c2VyX2JhY2tlbmQiOiJkamFuZ28uY29udHJpYi5hdXRoLmJhY2tlbmRzLk1vZGVsQmFja2VuZCIsIl9hdXRoX3VzZXJfaWQiOjR9', '2015-01-23 16:41:41'),
('zhqfge1xuh2baz4o1jjqapckh37nvqlj', 'ZGIyZTJlYmEyMGFiZTZkYWQ1MGVjZjI1ZDk1NTgyZDFiZjVmODgzMjp7InR5cGUiOiJhZG1pbiIsIl9hdXRoX3VzZXJfYmFja2VuZCI6ImRqYW5nby5jb250cmliLmF1dGguYmFja2VuZHMuTW9kZWxCYWNrZW5kIiwiX2F1dGhfdXNlcl9pZCI6Nn0=', '2015-02-02 17:45:22'),
('zi5ygdsofadazdvqdix0qjlifu1bg87r', 'NWRkMjc2OGRjMWFkNzZlMjc5MWM1NGIzYWRmNDMzNWE3YjVjMWE4Yjp7InR5cGUiOiJzdXBlcmFkbWluIiwiX2F1dGhfdXNlcl9iYWNrZW5kIjoiZGphbmdvLmNvbnRyaWIuYXV0aC5iYWNrZW5kcy5Nb2RlbEJhY2tlbmQiLCJfYXV0aF91c2VyX2lkIjozfQ==', '2015-02-17 07:18:20'),
('zj6gejwrvr2ikipl5yj0kjr9qtkzqekx', 'MzJhZWQxNWNlYjllYzM4Nzc5Y2JlZDExZDk0OWYzYzhiZTQ5MDY0NTp7InR5cGUiOiJ1c2VyIiwiX2F1dGhfdXNlcl9iYWNrZW5kIjoiZGphbmdvLmNvbnRyaWIuYXV0aC5iYWNrZW5kcy5Nb2RlbEJhY2tlbmQiLCJfYXV0aF91c2VyX2lkIjoyfQ==', '2015-04-02 20:36:42'),
('zjt59p61u7a8pzk8rfv171b8ds30ebyc', 'MDcxMTE5MTQ0MWQ4MWU3NDM1NzQ1ZGY0MGViODcwMzM2YWE5Y2Q2Mjp7fQ==', '2015-03-24 14:03:59'),
('zzy75bq6w58aksa6mrcypx0xmw5gk7nq', 'MDcxMTE5MTQ0MWQ4MWU3NDM1NzQ1ZGY0MGViODcwMzM2YWE5Y2Q2Mjp7fQ==', '2014-12-13 14:14:04');

-- --------------------------------------------------------

--
-- Table structure for table `quote_alert`
--

CREATE TABLE IF NOT EXISTS `quote_alert` (
  `id` int(11) NOT NULL AUTO_INCREMENT,
  `to_user_id` int(11) DEFAULT NULL,
  `from_user_id` int(11) DEFAULT NULL,
  `itm_id` int(11) DEFAULT NULL,
  `alert` tinyint(1) NOT NULL,
  PRIMARY KEY (`id`),
  UNIQUE KEY `to_user_id` (`to_user_id`),
  UNIQUE KEY `from_user_id` (`from_user_id`),
  KEY `quote_alert_c4092dd4` (`itm_id`)
) ENGINE=InnoDB DEFAULT CHARSET=latin1 AUTO_INCREMENT=1 ;

-- --------------------------------------------------------

--
-- Table structure for table `quote_brand`
--

CREATE TABLE IF NOT EXISTS `quote_brand` (
  `id` int(11) NOT NULL AUTO_INCREMENT,
  `name` varchar(200) NOT NULL,
  PRIMARY KEY (`id`)
) ENGINE=InnoDB  DEFAULT CHARSET=latin1 AUTO_INCREMENT=23 ;

--
-- Dumping data for table `quote_brand`
--

INSERT INTO `quote_brand` (`id`, `name`) VALUES
(1, 'TASTEE CHOICE'),
(5, 'TC-COSTCO'),
(7, 'PEARLMARK'),
(9, 'CENTSIBLES'),
(10, 'ALIMENT PEARLMARK'),
(11, 'AHOLD'),
(12, 'PRICE CHOPPER'),
(13, 'WALMART'),
(15, 'CHOICE HARVEST'),
(16, 'Private Label'),
(17, 'PLAIN'),
(18, 'Compliments'),
(19, 'Irresistibles'),
(20, 'Wholey'),
(21, 'VOYAGEUR'),
(22, 'Co-op Gold');

-- --------------------------------------------------------

--
-- Table structure for table `quote_customer`
--

CREATE TABLE IF NOT EXISTS `quote_customer` (
  `id` int(11) NOT NULL AUTO_INCREMENT,
  `name` varchar(200) NOT NULL,
  `country` varchar(200) DEFAULT NULL,
  PRIMARY KEY (`id`)
) ENGINE=InnoDB  DEFAULT CHARSET=latin1 AUTO_INCREMENT=51 ;

--
-- Dumping data for table `quote_customer`
--

INSERT INTO `quote_customer` (`id`, `name`, `country`) VALUES
(1, 'C&S Wholesale Giant Carlisle', 'US'),
(2, 'Censea Inc', 'US'),
(3, '4FC Food Corp', 'Canada'),
(4, '7 Seas', 'Canada'),
(5, 'Costco Wholesale Canada Ltd - A/P', 'Canada'),
(6, 'Pacific Fresh Fish', 'Canada'),
(7, 'Galaxy Foods, Inc.', 'Canada'),
(8, 'Great White Food Service Ltd', 'Canada'),
(9, 'Metro', 'Canada'),
(10, 'Multinational', 'Canada'),
(11, 'Maximum', 'Canada'),
(12, 'B&C Foods', ''),
(13, 'Safeway Canada', 'Canada'),
(14, 'WAKEFERN FOOD CORPORATION', 'US'),
(15, 'C&S WHOLESALE GIANT CARLISLE', 'US'),
(16, 'BURRIS FOODS INC', 'US'),
(17, 'C&S GIANT LANDOVER', 'US'),
(18, 'GOLUB', 'US'),
(19, 'WALL-MART', 'US'),
(20, 'NORTH COAST', 'US'),
(21, 'PANERA', 'US'),
(22, 'SAFEWAY', ''),
(23, 'AHOLD', ''),
(24, 'CARNIVAL CRUISE', ''),
(25, 'FEDERATED COOP LTD', 'CANADA'),
(26, 'Pearlmark Foods ', 'Canada'),
(27, 'Restaurant Depot', 'Canada'),
(29, 'Sobeys Quebec ', 'Canada'),
(30, 'WHOLEY', 'USA'),
(31, 'Albertsons SLC', 'US'),
(32, 'Crystal Cruise Lines', 'US'),
(33, 'Galaxy Foods', 'USA'),
(34, 'Kikka Sushi', 'USA'),
(35, 'Ocean Foods Sales', 'Canada'),
(36, 'Slade Gorton', 'USA'),
(37, 'Southwind Foods', 'USA'),
(38, 'Big Lots', 'US'),
(39, 'Bashas', 'USA'),
(40, 'Mariner Neptune/PFF', 'Canada'),
(41, 'Dollar General', 'USA'),
(42, 'PESEL S.A', 'CANADA'),
(43, 'Sobeys Corporate', ''),
(44, 'PRICE CHOPPER', ''),
(45, 'LEVITTOWN', ''),
(46, 'Lipari', 'USA'),
(48, 'Sobeys Quebec', 'CANADA'),
(49, 'The Northwest Company', 'Canada'),
(50, 'Various', 'Canada');

-- --------------------------------------------------------

--
-- Table structure for table `quote_destination`
--

CREATE TABLE IF NOT EXISTS `quote_destination` (
  `id` int(11) NOT NULL AUTO_INCREMENT,
  `name` varchar(200) NOT NULL,
  PRIMARY KEY (`id`)
) ENGINE=InnoDB  DEFAULT CHARSET=latin1 AUTO_INCREMENT=13 ;

--
-- Dumping data for table `quote_destination`
--

INSERT INTO `quote_destination` (`id`, `name`) VALUES
(1, 'NEW YORK'),
(2, 'MONTREAL'),
(3, 'VANCOUVER'),
(4, 'LA'),
(5, 'CALGARY'),
(6, 'TORONTO'),
(7, 'MIAMI'),
(8, 'QUAKERTOWN'),
(9, 'PITTSTON'),
(10, 'GOULDSBOROUGH'),
(11, 'DETROIT'),
(12, ' WINNIPEG');

-- --------------------------------------------------------

--
-- Table structure for table `quote_item`
--

CREATE TABLE IF NOT EXISTS `quote_item` (
  `id` int(11) NOT NULL AUTO_INCREMENT,
  `name` varchar(200) NOT NULL,
  PRIMARY KEY (`id`)
) ENGINE=InnoDB  DEFAULT CHARSET=latin1 AUTO_INCREMENT=33 ;

--
-- Dumping data for table `quote_item`
--

INSERT INTO `quote_item` (`id`, `name`) VALUES
(1, 'CPTO'),
(2, 'RPTO'),
(3, 'REZP'),
(4, 'CIST'),
(5, 'CPND'),
(6, 'RPND'),
(7, 'CPUD'),
(8, 'CKD WHITE SHRIMP RINGS'),
(9, 'RAW P&D TAIL-ON SKEWER SHRIMP'),
(10, 'EZPL'),
(12, 'COOKED EASY PEEL'),
(13, 'PRAWN SKEWER P&D TAIL-ON'),
(14, 'BF Marinated shell-on'),
(15, 'MARINATED SHRIMP WITH LEMONGRASS GARLIC (CHEM FREE)'),
(16, 'MARINATED SHRIMP WITH LEMONGRASS GARLIC (REGULAR TREATMENT)'),
(17, 'IQF HLSO PULLED VEIN'),
(18, 'MARINATED SHRIMP WITH HERB & GARLIC (REGULAR TREATMENT)'),
(19, 'MARINATED SHRIMP WITH HERB & GARLIC (CHEM FREE)'),
(20, 'RHLS '),
(22, 'Argentina Red Shrimp HLSO '),
(23, 'Black Tiger CPTO'),
(24, 'Black Tiger EZ PL'),
(25, 'SF Appetizers'),
(26, 'SHRIMP SKEWER'),
(27, 'Seafood variety appetizer retail'),
(28, 'Bacon Wrapped Shrimp'),
(29, 'Festive Bites - Seafood App'),
(30, 'CPTO White Shrimp'),
(31, 'Black Tiger HLSO'),
(32, 'Freshwater EZPL');

-- --------------------------------------------------------

--
-- Table structure for table `quote_locationrelation`
--

CREATE TABLE IF NOT EXISTS `quote_locationrelation` (
  `id` int(11) NOT NULL AUTO_INCREMENT,
  `location` varchar(30) NOT NULL,
  `packer_id` int(11) DEFAULT NULL,
  `customer_id` int(11) DEFAULT NULL,
  `destination_id` int(11) DEFAULT NULL,
  PRIMARY KEY (`id`),
  KEY `quote_locationrelation_36cdcd1f` (`packer_id`),
  KEY `quote_locationrelation_09847825` (`customer_id`),
  KEY `quote_locationrelation_3e8464ca` (`destination_id`)
) ENGINE=InnoDB  DEFAULT CHARSET=latin1 AUTO_INCREMENT=24 ;

--
-- Dumping data for table `quote_locationrelation`
--

INSERT INTO `quote_locationrelation` (`id`, `location`, `packer_id`, `customer_id`, `destination_id`) VALUES
(1, 'US', 1, 18, 1),
(2, 'Can', 1, 1, 2),
(3, 'US', 1, 19, 1),
(4, 'US', 1, 20, 1),
(5, 'US', 1, 21, 1),
(6, 'US', 1, 22, 1),
(7, 'US', 1, 23, 1),
(8, 'US', 1, 24, 1),
(9, 'Can', 1, 4, 3),
(10, 'Can', 1, 9, 5),
(11, 'Can', 1, 10, 3),
(12, 'Can', 1, 3, 4),
(13, 'Can', 3, NULL, 3),
(14, 'Can', 3, 8, 5),
(15, 'Can', 1, 25, 5),
(18, 'US', 1, 19, 4),
(19, 'Can', 3, 13, 3),
(20, 'US', 1, 1, 1),
(22, 'US', NULL, 7, NULL),
(23, 'Can', NULL, NULL, 6);

-- --------------------------------------------------------

--
-- Table structure for table `quote_pack`
--

CREATE TABLE IF NOT EXISTS `quote_pack` (
  `id` int(11) NOT NULL AUTO_INCREMENT,
  `pack` varchar(200) NOT NULL,
  PRIMARY KEY (`id`)
) ENGINE=InnoDB  DEFAULT CHARSET=latin1 AUTO_INCREMENT=47 ;

--
-- Dumping data for table `quote_pack`
--

INSERT INTO `quote_pack` (`id`, `pack`) VALUES
(11, '15X340 G'),
(12, '30X340 G'),
(13, '6X4 LB'),
(14, '12X2.2 G'),
(15, '12X8 OZ'),
(16, '12X340 G'),
(17, '36X300 G'),
(18, '13X680 G'),
(19, '32X340 G'),
(20, '6X5 LB'),
(21, '10X2 LB'),
(22, '5X2 LB'),
(23, '20X1 LB'),
(24, '10X1 LB'),
(25, '1X20 LB'),
(26, '12X12 OZ'),
(27, '10X340 G'),
(28, '4.5X1 LB'),
(29, '10X1 LB'),
(31, '12X1000 G'),
(32, '12X340 G'),
(33, '1x22 lbs'),
(34, '1x22 lbs'),
(35, '20x340 gms'),
(36, '15x454 G'),
(37, '10X680 G'),
(38, '12 x 10 oz'),
(39, '20 x 340g'),
(40, '1 x 10 lbs'),
(41, '12x227g'),
(42, '12x353g'),
(43, '12 x 557g'),
(44, '12 x 250g'),
(45, '12 x 557g'),
(46, '10 x 454g');

-- --------------------------------------------------------

--
-- Table structure for table `quote_packer`
--

CREATE TABLE IF NOT EXISTS `quote_packer` (
  `id` int(11) NOT NULL AUTO_INCREMENT,
  `name` varchar(200) NOT NULL,
  PRIMARY KEY (`id`)
) ENGINE=InnoDB  DEFAULT CHARSET=latin1 AUTO_INCREMENT=30 ;

--
-- Dumping data for table `quote_packer`
--

INSERT INTO `quote_packer` (`id`, `name`) VALUES
(1, 'Choice Trading Corporation'),
(3, 'ONGKORN SEAFOOD THAILAND'),
(4, 'OKEANOS FOODS COMPANY LTD'),
(5, 'AVANTI FEED LTD'),
(6, 'SURYAMITRA EXIM PVT LTD'),
(7, 'TEY SENG COLD STORAGE CO LTD'),
(8, 'STAPIMEX'),
(9, 'PT BANCAR MAKMUR'),
(10, 'PT BAHARAI MAKMUR SEJATI'),
(11, 'PT SEKAR BUMI'),
(12, 'PT BANCAR MAKMUR INDAH'),
(13, 'Phuong Nam'),
(14, 'Pesel S.A.'),
(15, 'PAKFOOD'),
(16, 'Star Agro'),
(17, 'Falcon'),
(18, 'PT GRAHA MAKMUR CIPTA PRATAMA'),
(19, 'PT.BUMI MENARA INTERNUSA(SURABAYA)'),
(20, 'BMR EXPORTS'),
(21, 'PT SATU TIGA ENAM DELAPAN'),
(22, 'CABANG MEDAN - BAHARI MAKMUR SEJATI, PT'),
(23, 'PT GRAHA MAKMUR CIPTA PRATAMA'),
(24, 'Pearlmark'),
(25, 'PT PANCA MITRA MULTIPERDANA'),
(26, 'Camau SF Processing'),
(27, 'OceanFood sales'),
(28, 'Ongkorn Cold Storage Co., Ltd.'),
(29, 'Calcutta SF Private Ltd.');

-- --------------------------------------------------------

--
-- Table structure for table `quote_quoteinfo`
--

CREATE TABLE IF NOT EXISTS `quote_quoteinfo` (
  `id` int(11) NOT NULL AUTO_INCREMENT,
  `date` date NOT NULL,
  `office_location` varchar(30) NOT NULL,
  `requester_id` int(11) NOT NULL,
  `location` varchar(30) NOT NULL,
  `packer_id` int(11) DEFAULT NULL,
  `terms_of_purchase` varchar(50) DEFAULT NULL,
  `item_type` varchar(20) DEFAULT NULL,
  `customer_id` int(11) DEFAULT NULL,
  `terms_of_sale` varchar(50) DEFAULT NULL,
  `destination_id` int(11) DEFAULT NULL,
  `delivery_date` date DEFAULT NULL,
  `valid_date` date DEFAULT NULL,
  `specifications` varchar(1000) DEFAULT NULL,
  `port_of_delivery` varchar(100) DEFAULT NULL,
  `type_of_delivery` varchar(100) DEFAULT NULL,
  `po` varchar(100) DEFAULT NULL,
  `container_number` varchar(50) DEFAULT NULL,
  `alert` tinyint(1) NOT NULL,
  `status` varchar(100) NOT NULL,
  `approver_remarks` longtext,
  `requester_remarks` longtext,
  `final_approver_remarks` longtext,
  PRIMARY KEY (`id`),
  KEY `quote_quoteinfo_e73f65e7` (`requester_id`),
  KEY `quote_quoteinfo_36cdcd1f` (`packer_id`),
  KEY `quote_quoteinfo_09847825` (`customer_id`),
  KEY `quote_quoteinfo_3e8464ca` (`destination_id`)
) ENGINE=InnoDB  DEFAULT CHARSET=latin1 AUTO_INCREMENT=214 ;

--
-- Dumping data for table `quote_quoteinfo`
--

INSERT INTO `quote_quoteinfo` (`id`, `date`, `office_location`, `requester_id`, `location`, `packer_id`, `terms_of_purchase`, `item_type`, `customer_id`, `terms_of_sale`, `destination_id`, `delivery_date`, `valid_date`, `specifications`, `port_of_delivery`, `type_of_delivery`, `po`, `container_number`, `alert`, `status`, `approver_remarks`, `requester_remarks`, `final_approver_remarks`) VALUES
(1, '2014-11-24', 'Choice Canada', 2, 'Can', 4, 'DP', 'presold', 13, '14 DAYS', 3, '2015-01-15', '2014-11-28', '', '', '', '2014-11-013', '', 1, 'shipped', '', '', ''),
(2, '2014-11-24', 'Choice Canada', 2, 'Can', 4, 'DP', 'presold', 13, '14 DAYS', 3, '2015-02-20', '2014-11-28', '', '', '', '2014-11-014', NULL, 0, 'po_issued', '', '', ''),
(3, '2014-11-17', 'Choice Canada', 2, 'Can', 3, 'DP', 'presold', 25, '30 DAYS', 5, '2015-01-15', NULL, '', '', '', '2014-11-011', '', 1, 'shipped', '', '', ''),
(4, '2014-11-17', 'Choice Canada', 2, 'Can', 3, 'DP', 'presold', 25, '30 DAYS', 5, '2015-02-20', NULL, '', '', '', '2014-11-012', '', 1, 'shipped', '', '', ''),
(5, '2014-11-26', 'Choice Canada', 2, 'Can', 1, 'Wire Transfer', 'presold', 10, '', 3, '2014-12-31', NULL, 'regular', '', '', '', '', 0, 'cancelled_by_user', 'Raw material prices hv gone up and hence cannot accept yr counte offer', 'Customer has found lower costs with another Indian supplier', ''),
(6, '2014-11-26', 'Choice Canada', 2, 'Can', 1, 'Wire Transfer', 'presold', 10, '', 5, '2014-12-31', NULL, 'regular', '', '', '', '', 1, 'cancelled_by_user', 'can ship limited quantity say max 2000 lbs\r\nShipment end December arrival end January', '', ''),
(7, '2014-11-26', 'Choice LA', 2, 'US', 1, 'DA', 'presold', 27, '', 4, '2015-02-05', '2014-12-16', 'regular', '', '', '', '', 0, 'cancelled_by_user', 'delivery feb end.quantity not enough to make 1 full fcl. please revise qty equal to 39000 lbs', '', ''),
(8, '2014-11-25', 'Choice Canada', 2, 'Can', 1, 'DA', 'presold', 4, 'NA', 3, '2014-12-31', NULL, '', '', '', '', '', 0, 'counter_price_added', '', 'counter prices are current costs from Indonesia', ''),
(9, '2014-11-28', 'Choice Canada', 2, 'Can', 1, 'DA', 'presold', 29, '', 2, '2015-02-28', NULL, 'regular', '', '', NULL, NULL, 0, 'cancelled_by_user', 'can quote based on Thailand pricing which we will quote by tomorrow', '', NULL),
(10, '2014-11-28', 'Choice Canada', 2, 'Can', 1, 'DA', 'presold', 29, '', 2, '2015-02-28', NULL, 'Regular', '', '', NULL, NULL, 1, 'cancelled_by_user', '', '', NULL),
(11, '2014-12-01', 'Choice Canada', 2, 'Can', 1, 'DP', 'presold', 26, '', 3, '2015-02-28', NULL, 'regular', '', '', NULL, NULL, 1, 'cancelled_by_user', 'delivery possible end march 2015. these are India prices,you have to add your margin.', '', NULL),
(12, '2014-12-02', 'Choice LA', 8, 'US', 1, 'DP', 'presold', NULL, 'Store in Vernon and pull as needed. ', 4, '2015-01-30', NULL, 'TC Spec - Product will be pulled as needed Jan to June, 2015.  Quote both 41/50 and 51/60 RPND. Customer is currently using 40/60ct.  New Customer: Delmonaco Foods. ', '', '', NULL, NULL, 0, 'counter_response_received', 'pls add yr margins and quote', 'Please quote based on Thailand prices.  I will alert Ernesto.', NULL),
(13, '2014-12-02', 'Choice Canada', 2, 'Can', 1, 'DA', 'presold', 29, '', 2, '2015-02-28', NULL, 'regular productaddition to RFQ/Canada/10', '', '', '', '', 0, 'cancelled_by_user', 'Can quote based on Indonesia prices which we will obtain by tomorrow\r\nreceived quote from Thailand.Please see price above', '', ''),
(14, '2014-12-03', 'Choice Canada', 2, 'Can', 1, 'DA', 'presold', 5, '', 3, '2015-01-30', NULL, 'chem free Costco spec', '', '', NULL, NULL, 0, 'counter_offer_accepted', '', '', NULL),
(15, '2014-12-03', 'Choice Canada', 2, 'Can', 1, 'DA', 'presold', 5, '', 3, '2015-03-06', NULL, 'chem free Costco specs', '', '', NULL, NULL, 0, 'counter_offer_accepted', '', '', NULL),
(16, '2014-12-03', 'Choice Canada', 2, 'Can', 1, 'Wire Transfer', 'presold', 4, '', 3, '2015-02-28', NULL, 'regular spec\r\nDelivery date is based upon receiving artwork in time.  This RFQ is an addition to RFQ/CAN/8', '', '', NULL, NULL, 0, 'response_received', '', NULL, NULL),
(17, '2014-12-05', 'Choice TAMPA', 8, 'US', 1, 'DP', 'not_sold', NULL, 'Pending Bid Award', NULL, '2015-01-31', NULL, 'Bid for annual business 1/1/15 to 12/31/15.  Annual volume provided below.  Please quote on 100/200 for both wild warm water and farmed whites if available.  They current use Cold Water CPND.', '', '', NULL, NULL, 0, 'response_received', '', NULL, NULL),
(18, '2014-12-08', 'Choice Canada', 2, 'Can', 1, 'DA', 'not_sold', NULL, '', NULL, '2015-04-01', NULL, 'Launch of new CH Brand; need quoting prices', '', '', NULL, NULL, 0, 'response_received', '', NULL, NULL),
(19, '2014-12-09', 'Choice NJ', 8, 'US', 1, 'DP', 'not_sold', NULL, 'Deliver to Vernon, CA for customer to pull from', 4, '2015-01-30', NULL, 'Replacing RFQ/Can/12.  TC - Spec Product will be pulled as needed Jan to June, 2015.  Quote 41/50 and 51/60 RPND.  Customer will select one or the other.  New Customer from Ernesto, Delmonaco Foods. Last Quote was $4.90 and $4.70 respectively.  We like to counter at $4.70 and $4.50 respectively to be at current market and slightly below UB with 10% margin for US.', '', '', NULL, NULL, 0, 'response_received', '', NULL, NULL),
(20, '2014-12-10', 'Choice LA', 2, 'US', 1, 'DA', 'presold', 31, '', 4, '2015-01-23', NULL, 'New customer2 delivery dates:  as above and 2015-02-13', '', '', '', '', 0, 'counter_offer_accepted', 'I am agreeing to your counter prices just for opening up of new accounts', '', ''),
(21, '2014-12-11', 'Choice NJ', 8, 'US', 1, 'DP', 'not_sold', NULL, '', 1, '2015-01-23', NULL, 'BAP Certified min 2 star\r\n100% net weight\r\nFinish count: end minus 1\r\nSoak: 2% STP, 2% Salt in 30 min for all sizes\r\nBrand for this order can be TC, looking for us to pack future orders in their brand (Icybay)\r\n***13/15 must be Black Tigers\r\n*** On the 100/200, they prefer 100/150 CPND.  Please confirm if quoting wild or farmed.', '', '', NULL, NULL, 0, 'response_received', 'Prices to Choice NJ.  Pls add yr margins and quote.', NULL, NULL),
(22, '2014-12-15', 'Choice TAMPA', 2, 'US', 1, 'DA', 'presold', 32, '', NULL, '2015-02-01', NULL, 'Regular product', '', '', '', '', 0, 'response_received', 'Abv prices are to Choice India.  Pls add yr margins and quote', '', ''),
(23, '2014-12-15', 'Choice Canada', 2, 'Can', 1, 'DA', 'not_sold', NULL, '', 2, '2015-03-02', NULL, 'packaging is being developed now, should be ready by mid January latest', '', '', NULL, NULL, 0, 'response_received', '', NULL, NULL),
(24, '2014-12-17', 'Choice LA', 2, 'US', 1, 'LC', 'presold', 33, '', 4, '2015-02-27', NULL, 'regular treatment', '', '', NULL, NULL, 0, 'response_received', '', NULL, NULL),
(25, '2014-12-17', 'Choice LA', 2, 'US', 1, 'DA', 'presold', 34, '', 4, '2015-02-27', NULL, 'regular treatment', '', '', NULL, NULL, 0, 'response_received', '', NULL, NULL),
(26, '2014-12-17', 'Choice Canada', 2, 'Can', 1, 'LC', 'presold', 35, '', 3, '2015-03-02', NULL, 'New customer\r\nPL - Voyager brand\r\ndirect shipment', '', '', NULL, NULL, 0, 'counter_offer_accepted', 'raw material prices hv gone up and hence cannot accept yr counter offer', '', NULL),
(27, '2014-12-23', 'Choice LA', 8, 'US', 1, 'DP', 'not_sold', NULL, '', 4, '2015-02-27', NULL, 'Delivery end of February, TC packaging & spec.  This is for Galaxy Foods.', '', '', NULL, NULL, 0, 'response_received', '', NULL, NULL),
(28, '2014-12-30', 'Choice LA', 8, 'US', 1, 'DP', 'not_sold', NULL, '', 4, '2015-02-27', NULL, 'Shawn - for P&E Foods\r\nTwo Mixed container loads ', '', '', NULL, NULL, 0, 'response_received', '', NULL, NULL),
(29, '2014-12-30', 'Choice LA', 8, 'US', 1, 'DP', 'not_sold', NULL, '', 4, '2015-02-27', NULL, 'Shawn for P&E Foods\r\nThis goes with RFQ/CAN/28\r\nBalance of mix load\r\nProduct needs to delivery to Hawaii by Early February.', '', '', NULL, NULL, 0, 'response_received', '', NULL, NULL),
(30, '2015-01-05', 'Choice Canada', 2, 'Can', 1, 'DA', 'presold', 11, 'wire transfer', 6, '2015-03-02', NULL, 'regular treatment', '', '', NULL, NULL, 1, 'cancelled_by_user', '', '', NULL),
(31, '2015-01-05', 'Choice Canada', 2, 'Can', 1, 'DA', 'presold', 11, 'wire transfer', 6, '2015-03-02', NULL, 'regular treatment;\r\nto be combined with RFQ 30 ', '', '', NULL, NULL, 0, 'counter_offer_accepted', 'sorry we cannot match yr counter offer', '', NULL),
(32, '2015-01-06', 'Choice NJ', 2, 'US', 1, 'DA', 'presold', NULL, '', 4, '2015-03-02', NULL, 'regular specs\r\npotential new customer - Lamex', '', '', NULL, NULL, 0, 'rfq_generated', NULL, NULL, NULL),
(33, '2015-01-06', 'Choice TAMPA', 8, 'US', 1, 'DP', 'not_sold', NULL, 'Bid - Pull from Preferred to Sysco', NULL, '2015-02-27', NULL, 'Ernesto - B&S Global Supply Stage 7.  Destination is Miami - Program bid delivery time frame is Feb thru October, 2015.\r\nAlso looking for 34,556/lbs of 250/350 CPND, we can offer from our existing 250/350ct CPUD Inventory in NJ.', '', '', NULL, NULL, 0, 'response_received', '', NULL, NULL),
(34, '2014-12-02', 'Choice NJ', 8, 'US', 4, NULL, 'presold', 24, 'wire transfer', 7, '2015-01-20', NULL, '', '', '', '201412003', '', 1, 'shipped', '', '', ''),
(35, '2014-12-02', 'Choice NJ', 8, 'US', 4, NULL, 'presold', 24, 'wire transfer', 7, '2015-02-20', NULL, '', '', '', '201412004', '', 1, 'po_issued', '', '', ''),
(36, '2014-12-02', 'Choice NJ', 8, 'US', 4, NULL, 'presold', 24, 'wire transfer', 7, '2015-03-20', NULL, '', '', '', '201412005', '', 1, 'po_issued', '', '', ''),
(37, '2014-12-02', 'Choice NJ', 8, 'US', 4, NULL, 'presold', 24, 'wire transfer', 7, '2015-04-20', NULL, '', '', '', '201412006', '', 1, 'po_issued', '', '', ''),
(38, '2014-12-02', 'Choice NJ', 8, 'US', 4, NULL, 'presold', 24, 'wire transfer', 7, '2015-05-20', NULL, '', '', '', '201412007', '', 1, 'po_issued', '', '', ''),
(39, '2014-12-26', 'Choice NJ', 8, 'US', 4, NULL, 'not_sold', NULL, '', 8, '2015-01-30', NULL, 'for mealkit', '', '', '201412044', '', 0, 'po_issued', '', '', ''),
(40, '2014-12-26', 'Choice NJ', 8, 'US', 4, NULL, 'not_sold', NULL, '', 8, '2015-02-28', NULL, '', '', '', '201412045', NULL, 1, 'po_issued', '', '', ''),
(41, '2014-12-26', 'Choice NJ', 8, 'US', 4, NULL, 'not_sold', NULL, '', 8, '2015-03-30', NULL, '', '', '', '201412046', NULL, 1, 'po_issued', '', '', ''),
(42, '2014-12-26', 'Choice NJ', 8, 'US', 4, NULL, 'not_sold', NULL, '', 8, '2015-04-30', NULL, '', '', '', '201412047', NULL, 1, 'po_issued', '', '', ''),
(43, '2014-12-26', 'Choice NJ', 8, 'US', 4, NULL, 'not_sold', NULL, '', 8, '2015-05-30', NULL, '', '', '', '201412048', NULL, 1, 'po_issued', '', '', ''),
(44, '2014-12-26', 'Choice NJ', 8, 'US', 4, NULL, 'not_sold', NULL, '', 8, '2015-06-30', NULL, '', '', '', '201412049', '', 1, 'po_issued', '', '', ''),
(45, '2014-12-26', 'Choice NJ', 8, 'US', 5, NULL, 'not_sold', NULL, '', 9, '2015-01-20', NULL, '', '', '', '201412052', '', 1, 'shipped', '', '', ''),
(46, '2014-12-26', 'Choice NJ', 8, 'US', 6, NULL, 'not_sold', NULL, '', 9, '2015-01-10', NULL, '', '', '', '201412053', NULL, 1, 'po_issued', '', '', ''),
(47, '2014-12-26', 'Choice NJ', 8, 'US', 6, NULL, 'not_sold', NULL, '', 9, '2015-02-05', NULL, '', '', '', '201412054', NULL, 0, 'po_issued', '', '', ''),
(48, '2014-12-26', 'Choice NJ', 8, 'US', 6, NULL, 'not_sold', NULL, '', 9, '2015-02-28', NULL, '', '', '', '201412055', NULL, 1, 'po_issued', '', '', ''),
(49, '2014-12-26', 'Choice NJ', 8, 'US', 6, NULL, 'not_sold', NULL, '', 9, '2015-01-20', NULL, '', '', '', '201412056', NULL, 1, 'po_issued', '', '', ''),
(50, '2014-12-26', 'Choice NJ', 8, 'US', 6, NULL, 'not_sold', NULL, '', 9, '2015-02-28', NULL, '', '', '', '201412057', NULL, 1, 'po_issued', '', '', ''),
(51, '2014-12-31', 'Choice Canada', 2, 'Can', 7, NULL, 'presold', 5, 'wire transfer', 2, '2014-12-31', NULL, '', '', '', '2014-12-006', '', 1, 'shipped', '', '', ''),
(52, '2014-12-30', 'Choice Canada', 2, 'Can', 8, NULL, 'presold', 5, 'wire transfer', 2, '2015-02-27', NULL, '', '', '', '2014-12-008', NULL, 1, 'po_issued', '', '', ''),
(53, '2014-12-30', 'Choice Canada', 2, 'Can', 8, NULL, 'presold', 5, 'wire transfer', 3, '2015-04-06', NULL, '', '', '', '2014-12-009', NULL, 1, 'po_issued', '', '', ''),
(54, '2014-11-25', 'Choice Canada', 2, 'Can', 1, NULL, 'presold', 4, 'wire transfer', 3, '2014-12-31', NULL, '', '', '', '201501003', NULL, 1, 'po_issued', '', '', ''),
(55, '2014-12-03', 'Choice NJ', 8, 'US', 1, NULL, 'presold', 24, 'wire transfer', 7, '2015-01-20', NULL, '', '', '', '201412013', '', 1, 'shipped', '', '', ''),
(56, '2015-01-09', 'Choice NJ', 3, 'US', 11, 'DP', 'presold', 14, 'NET 7 DAYS', 10, '2015-02-20', NULL, '', '', '', '201501018', NULL, 1, 'po_issued', '', '', ''),
(57, '2015-01-09', 'Choice NJ', 3, 'US', 11, 'DP', 'presold', 14, 'NET 7 DAYS', 10, '2015-03-28', NULL, '', '', '', '201501019', NULL, 1, 'po_issued', '', '', ''),
(58, '2015-01-12', 'Choice NJ', 3, 'US', 10, 'DP', 'presold', 14, 'NET  DAYS', 10, '2015-02-20', NULL, '', '', '', '201501032', NULL, 1, 'po_issued', '', '', ''),
(59, '2015-01-12', 'Choice NJ', 3, 'US', 10, 'DP', 'presold', 14, 'NET 7 DAYS', 10, '2015-03-16', NULL, '', '', '', '201501033', NULL, 1, 'po_issued', '', '', ''),
(60, '2015-01-12', 'Choice NJ', 3, 'US', 12, 'DP', 'presold', 14, 'NET 7 DAYS', 10, '2015-04-17', NULL, '', '', '', '201501034', NULL, 1, 'po_issued', '', '', ''),
(61, '2015-01-12', 'Choice NJ', 3, 'US', 11, 'DP', 'presold', 14, 'NET 7 DAYS', 10, '2015-04-30', NULL, '', '', '', '201501035', NULL, 1, 'po_issued', '', '', ''),
(62, '2015-01-12', 'Choice TAMPA', 8, 'US', 1, 'DP', 'not_sold', NULL, 'Deliver to Miami, Ship to Sysco.', 7, '2015-02-27', NULL, 'Ernesto - S&B Global 2 of 2 RFQ .  ', '', '', NULL, NULL, 0, 'response_received', '', NULL, NULL),
(63, '2015-01-09', 'Choice NJ', 3, 'US', 10, 'DP', 'not_sold', NULL, '', 10, '2015-03-30', NULL, '', '', '', '201501016', NULL, 1, 'po_issued', '', '', ''),
(64, '2015-01-09', 'Choice NJ', 3, 'US', 12, 'DP', 'not_sold', NULL, '', 10, '2015-04-29', NULL, '', '', '', '201501017', NULL, 1, 'po_issued', '', '', ''),
(65, '2015-01-12', 'Choice Canada', 2, 'Can', 1, 'DA', 'presold', 26, 'wire transfer', 3, '2015-04-01', NULL, 'regular treatment; final quantities may vary slightly', '', '', NULL, NULL, 1, 'response_received', '', NULL, NULL),
(66, '2015-01-13', 'Choice Canada', 2, 'Can', 1, 'LC', 'presold', 11, '', 6, '2015-02-27', NULL, 'regular treatment ', '', '', NULL, NULL, 0, 'counter_response_received', '', 'This customer got a quote from India at the counter price', NULL),
(67, '2015-01-15', 'Choice TAMPA', 2, 'US', 1, 'DA', 'presold', NULL, '', 4, '2015-03-16', NULL, 'Chemical Free specs', '', '', NULL, NULL, 1, 'response_received', '', NULL, NULL),
(68, '2015-01-16', 'Choice TAMPA', 8, 'US', 1, 'DP', 'not_sold', NULL, 'Del to Miami and customer will pull', 7, '2015-02-02', NULL, 'Ernesto - Kobe Japanese Steakhouse.  Delivery Feb to April.  Movement approx. 3,500/lbs per week. Customer current delivered cost is $6.18/lb', '', '', NULL, NULL, 0, 'response_received', 'The above price is Choice NJ price delivered to customer', NULL, NULL),
(69, '2015-01-19', 'Choice Canada', 2, 'Can', 1, 'LC', 'presold', 11, 'LC', 6, '2015-04-06', '2015-01-26', 'regular spec; best quality only for Canada', '', '', NULL, NULL, 0, 'counter_price_added', 'Karikadi specie.  rm availability is very less and price is in higher side.once you confirm price only will ask vendor to start supply raw material.', '', NULL),
(70, '2015-01-19', 'Choice LA', 2, 'US', 1, 'DA', 'presold', 36, 'wire transfer after passage', 7, '2015-03-30', NULL, 'light treatment:  2% stp + 2 salt  in 60 min\r\nGlaze:  12-14%  +/- 2% ', '', '', NULL, NULL, 1, 'response_received', '', NULL, NULL),
(71, '2015-01-19', 'Choice LA', 2, 'US', 1, 'DA', 'presold', 36, 'wire transfer after passage', 7, '2015-03-30', NULL, 'Light treatment:  2% stp + 2 salt in 30 min\r\nGlaze:  12-14%  +/- 2% \r\n', '', '', NULL, NULL, 1, 'response_received', 'ALL PRICES ARE EX FACTORY.  PLS ADD YR MARGINS AND QUOTE', NULL, NULL),
(72, '2015-01-20', 'Choice Canada', 2, 'Can', 1, 'DA', 'presold', 25, 'net 30 days', 5, '2015-03-31', NULL, 'regular treatment', '', '', NULL, NULL, 0, 'response_received', 'suggest you procure in Indonesia as India is non competitive on these sizes', NULL, NULL),
(73, '2015-01-20', 'Choice LA', 2, 'US', 1, 'DA', 'presold', 37, 'wire transfer after passage', NULL, '2015-03-31', NULL, 'regular treatment', '', '', NULL, NULL, 1, 'response_received', '', NULL, NULL),
(74, '2015-01-21', 'Choice Canada', 2, 'Can', 1, 'DA', 'presold', 11, 'LC', 6, '2015-03-31', NULL, 'regular treatment', '', '', NULL, NULL, 0, 'offer_accepted', '', '', NULL),
(75, '2015-01-23', 'Choice TAMPA', 8, 'US', 1, 'DP', 'not_sold', NULL, 'Sale to US Food/Sysco for Customer', 1, '2015-03-02', NULL, 'Ernesto - Gloria''s Caf Express.  Delivery through US Foods/Sysco (Dallas/Houston)', '', '', NULL, NULL, 0, 'response_received', 'Lillian - pls purchase in Indonesia as India is not competitive on above sizes.', NULL, NULL),
(76, '2015-01-23', 'Choice Canada', 2, 'Can', 7, 'Wire Transfer', 'presold', 9, 'tt', 2, '2015-03-16', NULL, '', '', '', '2015-01-007', NULL, 1, 'po_issued', '', '', ''),
(77, '2015-01-21', 'Choice NJ', 8, 'US', 4, 'LC', 'not_sold', NULL, '', 9, '2015-03-25', NULL, '', '', '', '201501038', NULL, 1, 'po_issued', '', '', ''),
(78, '2015-01-01', 'Choice Canada', 2, 'Can', 4, 'DP', 'presold', 9, 'tt', 2, '2015-02-02', NULL, '', '', '', NULL, NULL, 0, 'rfq_generated', NULL, NULL, NULL),
(79, '2015-01-29', 'Choice Canada', 2, 'Can', 1, 'LC', 'presold', 10, 'LC direct', 3, '2015-03-31', NULL, 'regular treatment\r\nprices agreed upon by Jose sent separately', '', '', NULL, NULL, 0, 'offer_accepted', '', '', NULL),
(80, '2015-02-02', 'Choice TAMPA', 8, 'US', 1, 'DP', 'not_sold', NULL, 'Deliver to Choice NJ', 1, '2015-03-02', NULL, 'Ernesto - Craftworks Restaurants - Customer will pull as needed between February and August, 2015 (Six Month Contract). We can use existing US inventory for initial order.', '', '', NULL, NULL, 0, 'response_received', 'if you are selling from inventory, plsmake sure it is sold at market price.  Our average cost in inentory is $ 5.06 and UB is at 5.95-6.05.  price quote above is ex our factory. pls add your margins and quote', NULL, NULL),
(81, '2015-02-02', 'Choice Canada', 2, 'Can', 1, 'LC', 'presold', 11, 'LC direct shipment', 5, '2015-03-31', NULL, 'regular treatment', '', '', NULL, NULL, 0, 'counter_offer_accepted', '', '', NULL),
(82, '2015-02-05', 'Choice Canada', 2, 'Can', 1, 'DP', 'presold', 4, 'DP direct to plant', 2, '2015-03-31', NULL, 'regular treatment', '', '', NULL, NULL, 0, 'offer_accepted', '', '', NULL),
(83, '2015-02-13', 'Choice NJ', 2, 'US', 1, 'DA', 'presold', 38, 'net 30 days', 1, '2015-04-30', NULL, 'regular treatment', '', '', NULL, NULL, 1, 'response_received', 'The above price is ex pittston.  Pls add yr  margins and quote', NULL, NULL),
(84, '2015-02-19', 'Choice LA', 12, 'US', 1, 'DP', 'not_sold', NULL, 'Ship to Kansas Marine for NCL', 4, '2015-05-01', NULL, 'RFQ NCL Fish Protein to be purchased by Kansas Marine', '', '', NULL, NULL, 0, 'response_received', 'ref our msg pls ship this from existing inventory', NULL, NULL),
(85, '2015-02-19', 'Choice LA', 12, 'US', 1, 'DP', 'not_sold', NULL, 'Kansas Marine will purchase for NCL', 4, '2015-05-01', NULL, 'NCL Fish Protein Vancouver 5/1/15 - 9/28/15', '', '', NULL, NULL, 0, 'response_received', 'ref msg pls ship this order from our existing inventory', NULL, NULL),
(86, '2015-02-27', 'Choice NJ', 2, 'US', 1, 'DA', 'not_sold', NULL, '', 9, '2015-04-13', NULL, 'regular treatment\r\nFor new customer Big Lots', '', '', NULL, NULL, 1, 'response_received', '$ 3.75 per unit ex Pittston delivered including NJ profit margin.', NULL, NULL),
(87, '2015-03-02', 'Choice NJ', 2, 'US', 1, 'DA', 'not_sold', NULL, 'net 30 days', 9, '2015-05-31', NULL, 'regular treatment', '', '', NULL, NULL, 1, 'response_received', '', NULL, NULL),
(88, '2015-03-09', 'Choice Canada', 2, 'Can', 1, 'LC', 'presold', 9, 'LC direct', 2, '2015-04-30', NULL, 'regular treatment', '', '', NULL, NULL, 1, 'counter_response_received', '', 'Please confirm for 1FCL of 21/25 EZ PL only.  Thanks.', NULL),
(89, '2015-03-10', 'Choice TAMPA', 12, 'US', 1, 'DP', 'not_sold', NULL, 'MMI Mr Mudbug 120K lbs 61/70 RPND 6 months', 7, '2015-05-01', NULL, 'Tastee Choice label using Mazzetta but wants to switch', '', '', NULL, NULL, 0, 'response_received', '', NULL, NULL),
(90, '2015-03-11', 'Choice Canada', 2, 'Can', 1, 'DA', 'presold', 40, 'TT upon CFIA clearance', NULL, '2015-05-15', NULL, 'regular treatment\r\ndestination is Winnipeg, Manitoba', '', '', NULL, NULL, 1, 'response_received', 'You will need to increase the quantity on either of the items to fill up the container.  ALL PRICES ARE EX OUR FACTORY.', NULL, NULL),
(91, '2015-03-19', 'Choice Canada', 2, 'Can', 1, 'DA', 'presold', 22, 'net 30 days', 3, '2015-05-04', NULL, 'regular treatment', '', '', NULL, NULL, 1, 'response_received', 'Product of Thailand', NULL, NULL),
(92, '2015-03-23', 'Choice Canada', 2, 'Can', 1, 'DA', 'not_sold', NULL, '', 6, '2015-05-25', NULL, 'Chem free Choice Harvest specs', '', '', NULL, NULL, 1, 'response_received', '', NULL, NULL),
(93, '2015-03-23', 'Choice Canada', 2, 'Can', 1, 'DA', 'not_sold', NULL, '', 6, '2015-05-25', NULL, 'Chem free Choice Harvest specs', '', '', NULL, NULL, 1, 'response_received', '', NULL, NULL),
(94, '2015-03-23', 'Choice Canada', 2, 'Can', 1, 'DP', 'presold', 26, 'DP direct to Customer', 2, '2015-05-15', NULL, 'Chem Free', '', '', NULL, NULL, 1, 'counter_response_received', 'Unable to accept yr counter offer', 'These counter bids are approx. 1.50/lb higher than regular treated product at current rates', NULL),
(95, '2015-03-23', 'Choice Canada', 2, 'Can', 1, 'DA', 'not_sold', NULL, '', 6, '2015-05-15', NULL, 'Chem free', '', '', NULL, NULL, 1, 'counter_response_received', '', '', NULL),
(96, '2015-03-23', 'Choice Canada', 2, 'Can', 1, 'DA', 'not_sold', NULL, 'net 14 days', 6, '2015-05-15', NULL, 'regular treatment; both items are skewers', '', '', NULL, NULL, 1, 'counter_response_received', '', '', NULL),
(97, '2015-03-25', 'Choice LA', 12, 'US', 1, 'DP', 'not_sold', NULL, 'Net 14', 4, '2015-06-15', NULL, 'Tastee Choice Spec-Comparing price vs Indo', '', '', NULL, NULL, 0, 'rfq_generated', NULL, NULL, NULL),
(98, '2015-05-14', 'Choice NJ', 12, 'US', 1, 'DP', 'not_sold', NULL, 'Net 30 Days', 1, '2015-07-01', NULL, 'Customer wants 21/25 RPND 10 oz. bags. Usage 360,000 lbs/year will bid only 6 months, two different sizes for options', '', '', NULL, NULL, 0, 'response_received', '', NULL, NULL),
(99, '2015-05-19', 'Choice Canada', 2, 'Can', 1, 'DA', 'not_sold', NULL, 'net 14 days', 6, '2015-08-03', NULL, 'CH Chem free\r\nCIS', '', '', NULL, NULL, 1, 'response_received', '', NULL, NULL),
(100, '2015-05-20', 'Choice Canada', 2, 'Can', 13, 'DP', 'presold', NULL, 'Net 30 Days', 2, '2015-07-31', NULL, '30 Days Direct Shipment\r\nIrresistibles PL', '', '', NULL, NULL, 1, 'generate_po', 'In case of CFIA inspection all charges will be on account of supplier', '', ''),
(101, '2015-06-01', 'Choice Canada', 2, 'Can', 1, 'DP', 'presold', 29, 'Net 30 Days', 2, '2015-09-01', NULL, '', '', '', '', '', 1, 'generate_po', '', '', ''),
(102, '2015-05-26', 'Choice Canada', 2, 'Can', 3, 'DP', 'presold', 25, 'Net 30 Days', 5, '2015-09-15', NULL, 'Centsibles PL4 FCLS', '', '', '2015-03-020, 2015-03-023', '', 1, 'po_issued', 'USD 33.00 PER CASE\r\n\r\nIn case of CFIA inspection/rejection all expense will be on account of packer.  Should have sufficient gap between shipments.  ', '', ''),
(103, '2015-05-29', 'Choice Canada', 2, 'Can', 1, 'DP', 'presold', 43, 'Net 30 Days', 2, NULL, NULL, 'TBC Delivery DatesCompliments PL', '', '', '', '', 1, 'generate_po', '', '', ''),
(104, '2015-05-29', 'Choice Canada', 2, 'Can', 14, 'AFTER FDA PASSAGE', 'presold', 25, 'Net 30 Days', 5, '2015-07-06', NULL, 'Tastee Choice Brand', '', '', '', '', 1, 'generate_po', '', '', ' payment terms - 25% upon receiving shipped proof and balance after customs + CFIA or  FDA CLEARENCE . JOAN YOU MAY ISSUE PO WITH PAYMENT CONDITION '),
(105, '2015-05-29', 'Choice Canada', 2, 'US', 14, 'AFTER FDA PASSAGE', 'presold', 44, 'Net 30 Days', 1, '2015-07-06', NULL, 'US SALE', '', '', '', '', 1, 'generate_po', 'payment terms - 25% upon receiving shipped proof and balance after customs + CFIA or  FDA clearance', '', 'ship by June 2nd'),
(106, '2015-06-02', 'Choice LA', 2, 'US', 1, 'DA', 'not_sold', NULL, 'net 30 days', 4, '2015-07-31', NULL, 'regular treatment', '', '', NULL, NULL, 0, 'response_received', 'You will hv to buy the CPTO 41/50 in Thailand as we hv huge commitments on hand.\r\n\r\nrezp 41/50 - we have inventory in the U.S.  Can sell at $ 3.95 ', NULL, NULL),
(107, '2015-06-02', 'Choice LA', 2, 'US', 1, 'DA', 'not_sold', NULL, 'net 30 days', 4, '2015-08-18', NULL, 'regular treatment', '', '', NULL, NULL, 1, 'response_received', 'Above price is to Choice U.S.  Pls add yr margins and quote to yr customer.', NULL, NULL),
(108, '2015-06-01', 'Choice Canada', 2, 'Can', 15, 'DP', 'presold', 9, 'Net 30 Days', 2, '2015-09-25', NULL, 'Crab Cones & Sweet Chili Dipping Sauce\r\nIrresistibles PL', '', '', NULL, NULL, 0, 'response_received', 'USD 48.60/CASE COST TO PACKER.\r\nSELLING PRICE USD 55.04/CASE ', NULL, NULL),
(109, '2015-06-02', 'Choice Canada', 2, 'Can', 1, 'DA', 'presold', 40, 'DP ', 5, '2015-09-01', NULL, 'regular treatment', '', '', NULL, NULL, 1, 'response_received', '', NULL, NULL),
(110, '2015-06-03', 'Choice NJ', 3, 'US', 4, 'DA', 'presold', 46, 'wire transfer', 11, '2015-08-07', NULL, '', '', '', '201503198', NULL, 1, 'po_issued', '', 'shipment by July 7th', ''),
(111, '2015-06-03', 'Choice NJ', 3, 'US', 4, 'DA', 'presold', 46, 'wire transfer', 11, '2015-08-15', NULL, '', '', '', '201503199', NULL, 1, 'po_issued', '', 'shipment no later than July 15th', ''),
(112, '2015-06-03', 'Choice NJ', 3, 'US', 16, 'DA', 'presold', 14, '7 days', 10, '2015-07-25', NULL, 'shipment no later than 25th June ', '', '', '201503191', NULL, 1, 'po_issued', 'soak 2:2:2', '', ''),
(113, '2015-06-03', 'Choice NJ', 3, 'US', 16, 'DA', 'presold', 14, '7 days', 10, '2015-08-02', NULL, 'shipment not later than july 2nd  ', '', '', '201503192', '', 1, 'po_issued', '', '', ''),
(114, '2015-06-03', 'Choice NJ', 3, 'US', 16, 'DA', 'presold', 46, 'wire transfer', 11, '2015-08-06', NULL, 'shipment not later than july 6th', '', '', '201503194', '', 1, 'po_issued', '', '', ''),
(115, '2015-06-03', 'Choice NJ', 3, 'US', 4, 'DA', 'presold', 46, 'wire transfer', 11, '2015-07-31', NULL, 'Ship no later than June 30th', '', '', '201503200', NULL, 1, 'po_issued', '', '', ''),
(116, '2015-06-03', 'Choice NJ', 3, 'US', 16, 'DA', 'presold', 14, '7 days', 10, '2015-08-10', NULL, 'soak 2:2:2, Ship no later than july 10', '', '', '201503193', '', 1, 'po_issued', '', '', ''),
(117, '2015-06-03', 'Choice NJ', 3, 'US', 16, 'DA', 'presold', 46, 'wire tansfer', 11, '2015-08-20', NULL, 'soak 2:2:2  shipment no later than 20th July', '', '', '201503195', NULL, 1, 'po_issued', '', '', ''),
(118, '2015-06-03', 'Choice NJ', 3, 'US', 16, 'DA', 'presold', 46, 'wire transfer', 11, '2015-07-31', NULL, 'soak 2:2:2   shipment no later than end June', '', '', '201503196', NULL, 1, 'po_issued', '', '', ''),
(119, '2015-06-03', 'Choice NJ', 3, 'US', 16, 'DA', 'presold', 46, 'wire transfer', 11, '2015-08-11', NULL, 'Soak 2:2:2  Ship no later than July 10th', '', '', '201503197', NULL, 1, 'po_issued', '', '', ''),
(120, '2015-06-05', 'Choice NJ', 3, 'US', 17, 'DA', 'presold', 46, 'wire transfer', 11, '2015-08-15', NULL, 'wire transfer after delivery to lipari warehouse and after customs /FDA clearance .  shipment etd 6/30/15', '', '', '', '', 1, 'generate_po', '', '', ''),
(121, '2015-06-05', 'Choice NJ', 3, 'US', 17, 'DA', 'presold', 46, 'wire transfer', 11, '2015-08-15', NULL, 'wire transfer after delivery to Lipari warehouse and after customs/FDA clearance.   shipment etd 6/30/15', '', '', '', '', 1, 'generate_po', '', '', ''),
(122, '2015-06-05', 'Choice NJ', 3, 'US', 17, 'DA', 'presold', 46, 'wire transfer', 11, '2015-09-15', NULL, 'wire transfer after delivery to Lipari warehouse and after customs/FDA clearance.  shipment etd 7/30/15', '', '', '', '', 1, 'generate_po', '', '', ''),
(123, '2015-06-05', 'Choice NJ', 3, 'US', 17, 'DA', 'presold', 46, 'wire transfer', 11, '2015-08-30', NULL, 'wire transfer after delivery to Lipari warehouse and after customs/FDA clearance.  shipment etd 7/15/15', '', '', '', '', 1, 'generate_po', '', '', ''),
(124, '2015-06-05', 'Choice NJ', 3, 'US', 17, 'DA', 'presold', 46, 'wire transfer', 11, '2015-08-02', NULL, 'wire transfer after delivery to Lipari warehouse and after customs/FDA clearance.   shipment etd 8/2/15', '', '', '', '', 1, 'generate_po', '', '', ''),
(125, '2015-06-05', 'Choice NJ', 3, 'US', 17, 'DA', 'presold', 46, 'wire transfer', 11, '2015-08-25', NULL, 'wire transfer after delivery to Lipari warehouse and after customs/FDA clearance.  shipment etd 7/10/15', '', '', '', '', 1, 'generate_po', '', '', ''),
(126, '2015-06-05', 'Choice NJ', 3, 'US', 17, 'DA', 'presold', 46, 'wire transfer', 11, '2015-08-10', NULL, 'wire transfer after delivery to Lipari warehouse and after customs/FDA clearance. ', '', '', '', '', 1, 'rfq_generated', '', '', ''),
(127, '2015-06-05', 'Choice NJ', 3, 'US', 17, 'DA', 'presold', 46, 'wire transfer', 11, '2015-09-20', NULL, 'wire transfer after delivery to Lipari warehouse and after customs/FDA clearance.   shipment ETD 8/5/15', '', '', '', '', 1, 'generate_po', '', '', ''),
(128, '2015-06-05', 'Choice NJ', 3, 'US', 17, 'DA', 'presold', 46, 'wire transfer', 11, '2015-08-20', NULL, 'wire transfer after delivery to Lipari warehouse and after customs/FDA clearance. shipment etd 7/5/15', '', '', '', '', 1, 'generate_po', '', '', ''),
(129, '2015-06-05', 'Choice NJ', 3, 'US', 17, 'DA', 'presold', 46, 'wire transfer', 11, '2015-08-25', NULL, 'wire transfer after delivery to Lipari warehouse and after customs/FDA clearance.  shipment etd 7/10/15', '', '', '', '', 1, 'generate_po', '', '', ''),
(130, '2015-06-05', 'Choice NJ', 3, 'US', 17, 'DA', 'presold', 46, 'wire transfer', 11, '2015-09-09', NULL, 'wire transfer after delivery to Lipari warehouse and after customs/FDA clearance. shipment etd 7/22/15 ', '', '', '', '', 1, 'generate_po', '', '', ''),
(131, '2015-06-05', 'Choice NJ', 3, 'US', 17, 'DA', 'presold', 46, 'wire transfer', 11, '2015-09-10', NULL, 'wire transfer after delivery to Lipari warehouse and after customs/FDA clearance. shipment etd 7/25/15', '', '', '', '', 1, 'generate_po', '', '', ''),
(132, '2015-06-05', 'Choice NJ', 3, 'US', 17, 'DA', 'presold', 46, 'wire transfer', 11, '2015-09-15', NULL, 'wire transfer after delivery to Lipari warehouse and after customs/FDA clearance. shipment etd 7/30/15', '', '', '', '', 1, 'generate_po', '', '', ''),
(133, '2015-06-05', 'Choice NJ', 3, 'US', 17, 'DA', 'presold', 46, 'wire transfer', 11, '2015-09-17', NULL, 'wire transfer after delivery to Lipari warehouse and after customs/FDA clearance.  shipment etd 8/2/15', '', '', '', '', 1, 'generate_po', '', '', ''),
(134, '2015-06-06', 'Choice NJ', 3, 'US', 17, 'AFTER FDA PASSAGE', 'presold', 18, 'net 30 days', 1, '2015-08-21', NULL, 'etd 6/30/15', '', '', NULL, NULL, 1, 'generate_po', 'shipment to Pittston', '', ''),
(135, '2015-06-06', 'Choice NJ', 3, 'US', 17, 'AFTER FDA PASSAGE', 'presold', 18, 'net 30 days', 1, '2015-09-18', NULL, 'etd 7/30/15', '', '', NULL, NULL, 1, 'generate_po', 'shipment to Pittston', '', ''),
(136, '2015-06-08', 'Choice Canada', 2, 'Can', 1, 'DP', 'presold', 5, 'Net 30 Days', 3, '2015-08-28', NULL, 'Final Destination to be confirmed', '', '', NULL, NULL, 1, 'rfq_generated', NULL, NULL, NULL),
(137, '2015-06-08', 'Choice Canada', 2, 'Can', 1, 'DP', 'presold', 5, 'Net 30 Days', 2, '2015-09-28', NULL, 'Final Destination to be confirmed', '', '', NULL, NULL, 1, 'rfq_generated', NULL, NULL, NULL),
(138, '2015-06-08', 'Choice Canada', 2, 'Can', 1, 'DP', 'presold', 5, 'Net 30 Days', 3, '2015-10-26', NULL, 'Final destination to be finalized', '', '', NULL, NULL, 1, 'rfq_generated', NULL, NULL, NULL),
(139, '2015-06-08', 'Choice Canada', 2, 'Can', 1, 'DP', 'presold', 5, 'Net 30 Days', 2, '2015-11-23', NULL, 'Final destination to be confirmed', '', '', NULL, NULL, 1, 'rfq_generated', NULL, NULL, NULL),
(140, '2015-06-08', 'Choice Canada', 2, 'Can', 1, 'DP', 'presold', 5, 'Net 30 Days', 3, '2015-12-21', NULL, 'Final destination to be confirmed', '', '', NULL, NULL, 1, 'rfq_generated', NULL, NULL, NULL),
(141, '2015-06-08', 'Choice Canada', 2, 'Can', 1, 'DP', 'presold', 5, 'Net 30 Days', 2, '2016-01-18', NULL, 'Final Destination to be finalized', '', '', NULL, NULL, 1, 'rfq_generated', NULL, NULL, NULL),
(142, '2015-05-20', 'Choice Canada', 2, 'Can', 13, 'DP', 'presold', 9, 'Net 30 Days', 2, '2015-07-31', NULL, '30 Days Direct Shipment\r\nPL: Irresistibles ', '', '', NULL, NULL, 0, 'rfq_generated', NULL, NULL, NULL),
(143, '2015-05-20', 'Choice Canada', 2, 'Can', 13, 'DP', 'presold', 9, 'Net 30 Days', 2, '2015-07-31', NULL, '30 Days direct shipmentPL: Irresistibles ', '', '', '', '', 0, 'generate_po', '', '', ''),
(144, '2015-06-10', 'Choice NJ', 3, 'US', 4, 'DA', 'not_sold', NULL, '30 days', 9, '2015-12-10', NULL, 'Shipment not later than Nov 10th 2015', '', '', NULL, NULL, 1, 'generate_po', '', '', ''),
(145, '2015-06-10', 'Choice NJ', 3, 'US', 4, 'DA', 'not_sold', NULL, '30 days', 9, '2015-10-10', NULL, 'Shipment not later than Sep 10th 2015', '', '', NULL, NULL, 1, 'generate_po', '', '', ''),
(146, '2015-06-10', 'Choice NJ', 3, 'US', 4, 'DA', 'not_sold', NULL, '30 days', 9, '2015-09-10', NULL, 'Shipment not later than Aug 10th 2015', '', '', NULL, NULL, 1, 'generate_po', '', '', ''),
(147, '2015-05-29', 'Choice NJ', 2, 'US', 14, 'LC', 'presold', 44, '25% deposit. balance payment by LC upon  passage', 9, '2015-07-13', NULL, 'US SALE', '', '', NULL, NULL, 1, 'generate_po', '', '', ''),
(148, '2015-05-20', 'Choice Canada', 2, 'Can', 13, 'DP', 'presold', 9, 'Net 30 Days', 2, '2015-07-31', NULL, '30 Days Direct Shipment\r\nPL - Irresistibles', '', '', NULL, NULL, 0, 'counter_price_added', '', 'This is the correctly booked price', NULL),
(149, '2015-06-15', 'Choice Canada', 2, 'Can', 1, 'DA', 'presold', 11, 'LC', 6, '2015-08-03', NULL, 'regular treatment', '', '', NULL, NULL, 0, 'response_received', 'due to non availability of  RM, we are not quoting for rezp 13/15 and  cpto 16/20 ', NULL, NULL),
(150, '2015-06-15', 'Choice Canada', 2, 'Can', 1, 'DA', 'presold', 11, 'LC', 6, '2015-08-03', NULL, 'regular treatment', '', '', NULL, NULL, 0, 'response_received', '', NULL, NULL),
(151, '2015-06-15', 'Choice NJ', 3, 'US', 18, 'DP', 'presold', 24, '30 days', 7, '2015-08-10', NULL, 'No later than July 10th 2015.', '', '', '', '', 1, 'generate_po', '', '', ''),
(152, '2015-06-15', 'Choice NJ', 3, 'Can', 18, 'DP', 'presold', 24, '30 days', 7, '2015-08-20', NULL, 'No later than July 20th 2015.', '', '', NULL, NULL, 1, 'generate_po', '', '', ''),
(153, '2015-06-02', 'Choice Canada', 2, 'Can', 1, 'DA', 'presold', 40, 'DP', 5, '2015-09-01', NULL, 'Regular Treatment', '', '', NULL, NULL, 0, 'response_received', 'due to non-availability unable to quote for 13/15 and 16/20 RPND', NULL, NULL),
(156, '2015-06-26', 'Choice Canada', 2, 'Can', 15, 'DP', 'presold', 9, 'Net 30 Days', 2, '2015-09-28', NULL, 'Tastee Choice Brand ', '', '', NULL, NULL, 1, 'generate_po', '', '', ''),
(157, '2015-06-29', 'Choice Canada', 2, 'Can', 1, 'DA', 'presold', 11, 'DP direct to Customer', 6, '2015-08-17', NULL, 'regular treatment', '', '', NULL, NULL, 1, 'rfq_generated', NULL, NULL, NULL),
(158, '2015-06-30', 'Choice NJ', 3, 'US', 20, 'DA', 'presold', 18, 'Net 30 Days', 9, '2015-09-21', NULL, 'etd August 20th ', '', '', NULL, NULL, 1, 'generate_po', '', '', ''),
(159, '2015-07-02', 'Choice Canada', 2, 'Can', 1, 'DA', 'presold', 11, 'TT', 6, '2015-08-31', NULL, 'regular treatment', '', '', NULL, NULL, 1, 'response_received', '', NULL, NULL),
(160, '2015-05-12', 'Choice Canada', 2, 'Can', 13, 'DP', 'presold', 9, 'Net 30 Days', 2, '2015-07-12', NULL, 'PL - Irresistibles', '', '', NULL, NULL, 1, 'generate_po', '', '', ''),
(161, '2015-05-22', 'Choice Canada', 2, 'Can', 1, 'DP', 'presold', 13, 'Net 30 Days', 3, '2015-08-16', NULL, 'TC Brand ', '', '', NULL, NULL, 1, 'response_received', '', NULL, NULL),
(162, '2015-05-13', 'Choice Canada', 2, 'Can', 15, 'DP', 'presold', 25, 'Net 30 Days', 5, '2015-07-27', NULL, 'TC Brand', '', '', NULL, NULL, 1, 'rfq_generated', NULL, NULL, NULL),
(163, '2015-07-09', 'Choice Canada', 2, 'Can', 1, 'DP', 'presold', 26, 'Net 30 Days', 3, '2015-09-13', NULL, 'PL - Pearlmark Bags\r\nMixed full container load (RPTO, RPND, REZPL & CPTO). Quantities TBC', '', '', NULL, NULL, 1, 'response_received', '', NULL, NULL),
(164, '2015-07-09', 'Choice Canada', 2, 'Can', 1, 'DP', 'presold', 26, 'Net 30 Days', 3, '2015-09-14', NULL, 'PL - Pearlmark Brand\r\nAdditional request to RFQ/CAN/163 for mixed full container load. Quantities TBC', '', '', NULL, NULL, 1, 'response_received', '', NULL, NULL),
(165, '2015-07-10', 'Choice Canada', 2, 'Can', 1, 'DP', 'presold', 11, 'Net 30 Days', 6, '2015-09-21', NULL, 'Plain bag with TC Header Cards', '', '', NULL, NULL, 1, 'response_received', '', NULL, NULL),
(166, '2015-07-23', 'Choice Canada', 2, 'Can', 1, 'DA', 'presold', 11, 'TT upon passage', 6, '2015-10-30', NULL, 'regular treatment', '', '', NULL, NULL, 1, 'response_received', '', NULL, NULL),
(167, '2015-07-23', 'Choice Canada', 2, 'Can', 1, 'DA', 'presold', 11, 'TT upon passage', 6, '2015-10-30', NULL, 'regular treatment', '', '', NULL, NULL, 1, 'response_received', '', NULL, NULL),
(168, '2015-07-23', 'Choice Canada', 2, 'Can', 1, 'DA', 'presold', 11, 'TT upon passage', 6, '2015-10-30', NULL, 'regular treatment\r\nquality must be suitable for Canada', '', '', NULL, NULL, 1, 'response_received', '', NULL, NULL),
(169, '2015-07-17', 'Choice Canada', 2, 'Can', 1, 'DA', 'presold', 35, 'TT upon clearance', 3, '2015-10-01', NULL, 'regular treatment\r\nVoyageur brand', '', '', NULL, NULL, 0, 'response_received', '', NULL, NULL),
(170, '2015-07-27', 'Choice Canada', 2, 'Can', 1, 'DA', 'not_sold', NULL, 'net 30 days', 3, '2015-09-30', NULL, 'available stock', '', '', NULL, NULL, 1, 'response_received', '', NULL, NULL),
(171, '2015-05-12', 'Choice Canada', 2, 'Can', 13, 'DP', 'presold', 9, 'Net 30 Days', 2, '2015-09-01', NULL, 'PL - Irristibles brand\r\nSales Order #8009\r\nBooking Conf: SVN1519044', '', '', NULL, NULL, 1, 'rfq_generated', NULL, NULL, NULL),
(172, '2015-05-20', 'Choice Canada', 2, 'Can', 13, 'DP', 'presold', 9, 'Net 30 Days', 2, '2015-10-30', NULL, 'PL - Irresistables\r\nSO# 8010\r\nBooking Conf# SVN1519087', '', '', NULL, NULL, 1, 'rfq_generated', NULL, NULL, NULL),
(173, '2015-05-20', 'Choice Canada', 2, 'Can', 13, 'DP', 'presold', 9, 'Net 30 Days', 2, '2015-08-30', NULL, 'PL: IRRESISTIBLES\r\nSO #: 8010\r\nBooking Ref: SVN1519088\r\n', '', '', NULL, NULL, 1, 'rfq_generated', NULL, NULL, NULL),
(174, '2015-05-20', 'Choice Canada', 2, 'Can', 13, 'DP', 'presold', 9, 'Net 30 Days', 2, '2015-09-15', NULL, 'PL: IRRESISTIBLES\r\nSO # 8010\r\nBooking Conf: SVN1519089', '', '', NULL, NULL, 1, 'rfq_generated', NULL, NULL, NULL),
(175, '2015-05-20', 'Choice Canada', 2, 'Can', 13, 'DP', 'presold', 9, 'Net 30 Days', 2, '2015-09-15', NULL, 'PL: IRRESISTIBLES\r\nSO #8010\r\nBooking Conf# SVN1519090', '', '', NULL, NULL, 1, 'rfq_generated', NULL, NULL, NULL),
(176, '2015-05-20', 'Choice Canada', 2, 'Can', 13, 'DP', 'presold', 9, 'Net 30 Days', 2, '2015-10-15', NULL, 'PL: IRRESISTIBLES\r\nSO #8010\r\nBooking Ref: SVN1519091\r\n', '', '', NULL, NULL, 1, 'rfq_generated', NULL, NULL, NULL),
(177, '2015-05-20', 'Choice Canada', 2, 'Can', 13, 'DP', 'presold', 9, 'Net 30 Days', 2, '2015-10-30', NULL, 'PL IRRESISTIBLES \r\nSO #8010\r\nBooking Conf# SVN1519265', '', '', NULL, NULL, 1, 'rfq_generated', NULL, NULL, NULL),
(178, '2015-05-20', 'Choice Canada', 2, 'Can', 13, 'DP', 'presold', 9, 'Net 30 Days', 2, '2015-11-15', NULL, 'PL: IRRESISTIBLES\r\nSO # 8010\r\nBooking Conf# SVN1519266', '', '', NULL, NULL, 1, 'rfq_generated', NULL, NULL, NULL),
(179, '2015-05-20', 'Choice Canada', 2, 'Can', 13, 'DP', 'presold', 9, 'Net 30 Days', 2, '2015-11-30', NULL, 'PL: IRRESISTIBLES\r\nSO #8010\r\nBooking Conf# SVN1519267', '', '', NULL, NULL, 1, 'rfq_generated', NULL, NULL, NULL),
(180, '2015-07-26', 'Choice Canada', 2, 'Can', 1, 'DP', 'presold', 9, '30 Days Net', 2, '2015-09-25', NULL, 'TC Brand\r\nSO# 8017 \r\nAdditional to RFQ/CAN/108', '', '', NULL, NULL, 1, 'rfq_generated', NULL, NULL, NULL),
(181, '2015-07-10', 'Choice Canada', 2, 'Can', 4, 'DP', 'presold', 49, 'Net 30 Days', 12, '2015-09-15', NULL, 'TC Brand', '', '', NULL, NULL, 1, 'generate_po', '$ 31.80/case', '', ''),
(182, '2015-08-10', 'Choice Canada', 2, 'Can', 1, 'DA', 'not_sold', NULL, 'net 30 days', 3, '2015-10-01', NULL, 'regular treatment', '', '', NULL, NULL, 1, 'response_received', '', NULL, NULL),
(183, '2015-08-17', 'Choice Canada', 2, 'Can', 15, 'DA', 'presold', 25, 'net 30 days', 5, '2015-10-30', NULL, 'brand will be Gold D''Or', '', '', NULL, NULL, 1, 'rfq_generated', NULL, NULL, NULL),
(184, '2015-08-21', 'Choice Canada', 2, 'Can', 1, 'Wire Transfer', 'presold', 35, 'TT upon CFIA Clearance', 3, '2015-10-31', NULL, 'PL - VOYAGEUR', '', '', NULL, NULL, 1, 'rfq_generated', NULL, NULL, NULL),
(185, '2015-08-21', 'Choice Canada', 2, 'Can', 1, 'Wire Transfer', 'presold', 26, 'TT upon CFIA clearance', 3, '2015-10-01', NULL, 'PL - PEARLMARK', '', '', NULL, NULL, 0, 'rfq_generated', NULL, NULL, NULL),
(186, '2015-09-15', 'Choice NJ', 3, 'US', 22, 'DP', 'presold', 23, '7 days', 9, '2015-11-04', NULL, '', '', '', NULL, NULL, 1, 'generate_po', '', '', ''),
(187, '2015-09-15', 'Choice NJ', 3, 'US', 18, NULL, 'presold', 24, 'Net 30 Days', 7, '2015-11-10', NULL, 'TC PLAIN BAG', '', '', NULL, NULL, 1, 'generate_po', '', '', ''),
(188, '2015-09-15', 'Choice NJ', 3, 'US', 21, NULL, 'presold', 23, '7 days', 9, '2015-11-11', NULL, 'TC PLAIN BAG', '', '', NULL, NULL, 1, 'generate_po', '', '', ''),
(189, '2015-09-15', 'Choice NJ', 3, 'US', 22, 'DP', 'presold', 23, '7 days', 9, '2015-11-13', NULL, 'tc bag', '', '', NULL, NULL, 1, 'generate_po', '', '', ''),
(190, '2015-09-15', 'Choice Canada', 2, 'Can', 24, 'DP', 'presold', 25, 'Net 30 Days', 5, '2015-11-02', NULL, 'PL', '', '', NULL, NULL, 1, 'rfq_generated', NULL, NULL, NULL),
(191, '2015-09-15', 'Choice Canada', 2, 'Can', 15, 'DP', 'presold', 25, 'Net 30 days - Direct Shipment', 5, '2015-11-02', NULL, 'PL', '', '', NULL, NULL, 1, 'generate_po', '$ 5.87/unit', '', 'selling price $ 6.88'),
(192, '2015-09-15', 'Choice Canada', 2, 'Can', 1, 'DP', 'presold', 25, 'Net 30 Days', 5, '2015-11-02', NULL, 'PL ', '', '', NULL, NULL, 1, 'response_received', '', NULL, NULL),
(193, '2015-09-15', 'Choice Canada', 2, 'Can', 4, 'DP', 'presold', 50, 'Net 30 Days', 5, '2015-11-02', NULL, 'TC Brand', '', '', NULL, NULL, 1, 'rfq_generated', NULL, NULL, NULL),
(194, '2015-09-15', 'Choice Canada', 2, 'Can', 1, 'DP', 'presold', 5, 'Net 14 Days', 2, '2015-10-28', NULL, 'TC Brand', '', '', NULL, NULL, 1, 'rfq_generated', NULL, NULL, NULL),
(195, '2015-09-16', 'Choice NJ', 3, 'US', 25, 'DP', 'presold', 23, '7 days', 9, '2015-11-12', NULL, 'plain bag with sticker and plain master carton .  Tastee Choice Plain', '', '', NULL, NULL, 1, 'generate_po', '', '', ''),
(196, '2015-09-16', 'Choice Canada', 3, 'Can', 7, NULL, 'presold', 5, 'Net 30 Days', 2, '2015-11-18', NULL, 'cooked then peeled, pin pull deveined chemical free with sale only.  Plain bag with  "Taste CHOICE" header  card, ', '', '', NULL, NULL, 1, 'generate_po', '', '', ''),
(197, '2015-09-16', 'Choice Canada', 3, 'Can', 7, 'DA', 'presold', 5, 'Net 30 Days', 3, '2015-10-30', NULL, 'da 60 days after b/l date\r\n\r\ncist', '', '', NULL, NULL, 1, 'generate_po', '', '', ''),
(198, '2015-09-11', 'Choice Canada', 2, 'Can', 8, 'DP', 'not_sold', NULL, 'DP at Site', 2, '2015-11-30', NULL, 'PL - Irresistibles ', '', '', NULL, NULL, 1, 'rfq_generated', NULL, NULL, NULL),
(199, '2015-09-25', 'Choice Canada', 2, 'Can', 8, 'DP', 'presold', 9, 'DP at sight', 2, '2015-12-10', NULL, 'PL - Irresistibles', '', '', NULL, NULL, 1, 'rfq_generated', NULL, NULL, NULL),
(200, '2015-09-25', 'Choice Canada', 2, 'Can', 8, 'DP', 'presold', 9, 'DP at Site', 2, '2015-12-21', NULL, 'PL - Irresistibles', '', '', NULL, NULL, 1, 'rfq_generated', NULL, NULL, NULL),
(201, '2015-09-25', 'Choice Canada', 2, 'Can', 8, 'DP', 'presold', 9, 'DP at sight', 2, '2015-12-30', NULL, 'PL - Irresistibles', '', '', NULL, NULL, 1, 'rfq_generated', NULL, NULL, NULL),
(202, '2015-09-25', 'Choice Canada', 2, 'Can', 8, 'DP', 'presold', 9, 'DP at sight', 2, '2016-01-11', NULL, 'PL - Irresistibles', '', '', NULL, NULL, 1, 'rfq_generated', NULL, NULL, NULL),
(203, '2015-09-25', 'Choice Canada', 2, 'Can', 8, 'DP', 'presold', 9, 'DP at sight', 2, '2016-01-20', NULL, 'PL - Irresistibles', '', '', NULL, NULL, 1, 'rfq_generated', NULL, NULL, NULL),
(204, '2015-09-25', 'Choice NJ', 3, 'US', 4, 'DA', 'presold', 23, '7 days net', 9, '2015-10-30', NULL, 'gold star brand', '', '', NULL, NULL, 1, 'generate_po', 'presold for Ahold', '', ''),
(205, '2015-10-16', 'Choice Canada', 2, 'Can', 26, 'DP', 'presold', 5, 'net 14 days', 3, '2015-12-12', NULL, 'chem free', '', '', NULL, NULL, 1, 'rfq_generated', NULL, NULL, NULL),
(206, '2015-10-19', 'Choice Canada', 2, 'Can', 27, 'DP', 'presold', 26, 'FOB Ocean Warehouse', 3, '2015-10-22', NULL, 'Choice is buying from Ocean FS 2500 LBS to sell to Freshpoint 1500 LBS and Pearlmark 1000 LBS', '', '', NULL, NULL, 1, 'rfq_generated', NULL, NULL, NULL),
(207, '2015-11-09', 'Choice Canada', 2, 'Can', 28, 'DP', 'presold', 48, 'DP at Site', 2, '2016-04-04', NULL, '3 FCL with 3 ETA - First week of April, June, August 2016', '', '', NULL, NULL, 1, 'rfq_generated', NULL, NULL, NULL),
(208, '2015-11-18', 'Choice Canada', 2, 'Can', 1, 'DP', 'presold', 35, 'Direct Shipment TT payment terms', 3, '2016-01-25', NULL, 'PL - Voyager', '', '', NULL, NULL, 1, 'rfq_generated', NULL, NULL, NULL),
(209, '2015-11-23', 'Choice Canada', 2, 'Can', 29, 'DP', 'presold', 5, 'Net 14 Days', 2, '2016-01-04', NULL, 'TC - Costco Brand', '', '', NULL, NULL, 1, 'rfq_generated', NULL, NULL, NULL),
(210, '2015-11-23', 'Choice Canada', 2, 'Can', 7, 'DP', 'presold', 50, 'Net 14 days', 3, '2016-02-01', NULL, 'Tastee Choice Brand', '', '', NULL, NULL, 1, 'rfq_generated', NULL, NULL, NULL),
(211, '2015-12-14', 'Choice Canada', 2, 'Can', 1, 'DP', 'presold', 29, 'Net 14 Days', 2, '2016-04-04', NULL, 'Tastee Choice Brand', '', '', NULL, NULL, 1, 'rfq_generated', NULL, NULL, NULL),
(212, '2015-12-11', 'Choice Canada', 2, 'Can', 24, 'DP', 'presold', 50, 'Net 30 Days', 6, '2016-01-25', NULL, 'Tastee Choice Brand', '', '', NULL, NULL, 1, 'rfq_generated', NULL, NULL, NULL),
(213, '2016-02-02', 'Choice Canada', 2, 'Can', 1, 'DP', 'presold', 43, 'Net 30 Days', 2, '2016-03-28', NULL, 'PL - COMPLIMENTS', '', '', NULL, NULL, 1, 'rfq_generated', NULL, NULL, NULL);

-- --------------------------------------------------------

--
-- Table structure for table `quote_quoteinfo_items`
--

CREATE TABLE IF NOT EXISTS `quote_quoteinfo_items` (
  `id` int(11) NOT NULL AUTO_INCREMENT,
  `quoteinfo_id` int(11) NOT NULL,
  `quoteitem_id` int(11) NOT NULL,
  PRIMARY KEY (`id`),
  UNIQUE KEY `quoteinfo_id` (`quoteinfo_id`,`quoteitem_id`),
  KEY `quote_quoteinfo_items_c770397b` (`quoteinfo_id`),
  KEY `quote_quoteinfo_items_01ddecdc` (`quoteitem_id`)
) ENGINE=InnoDB  DEFAULT CHARSET=latin1 AUTO_INCREMENT=688 ;

--
-- Dumping data for table `quote_quoteinfo_items`
--

INSERT INTO `quote_quoteinfo_items` (`id`, `quoteinfo_id`, `quoteitem_id`) VALUES
(77, 1, 1),
(78, 2, 2),
(79, 3, 3),
(80, 4, 4),
(176, 5, 5),
(177, 5, 6),
(178, 5, 7),
(179, 5, 8),
(180, 5, 9),
(181, 5, 10),
(182, 5, 11),
(183, 5, 12),
(184, 5, 13),
(109, 6, 14),
(132, 7, 15),
(129, 7, 16),
(130, 7, 17),
(131, 7, 18),
(172, 8, 19),
(173, 8, 20),
(174, 8, 21),
(175, 8, 22),
(114, 9, 23),
(115, 9, 24),
(116, 9, 25),
(117, 9, 26),
(118, 10, 27),
(119, 10, 28),
(120, 10, 29),
(121, 10, 30),
(122, 10, 31),
(123, 10, 32),
(124, 10, 33),
(133, 11, 34),
(134, 11, 35),
(135, 11, 36),
(136, 12, 37),
(137, 12, 38),
(143, 13, 39),
(139, 14, 40),
(140, 15, 41),
(141, 16, 42),
(144, 17, 43),
(145, 17, 44),
(146, 18, 45),
(147, 18, 46),
(148, 18, 47),
(149, 18, 48),
(150, 18, 49),
(151, 18, 50),
(152, 18, 51),
(153, 19, 52),
(154, 19, 53),
(157, 20, 54),
(158, 20, 55),
(159, 21, 56),
(160, 21, 57),
(161, 21, 58),
(162, 21, 59),
(163, 21, 60),
(164, 21, 61),
(188, 22, 62),
(189, 22, 63),
(187, 22, 64),
(168, 23, 65),
(169, 23, 66),
(170, 23, 67),
(171, 23, 68),
(185, 24, 69),
(186, 25, 70),
(190, 26, 71),
(191, 26, 72),
(192, 26, 73),
(193, 26, 74),
(194, 26, 75),
(195, 26, 76),
(196, 27, 77),
(197, 28, 78),
(198, 29, 79),
(199, 29, 80),
(200, 29, 81),
(201, 30, 82),
(202, 30, 83),
(203, 30, 84),
(204, 30, 85),
(205, 31, 86),
(206, 31, 87),
(207, 32, 88),
(208, 32, 89),
(209, 32, 90),
(210, 33, 91),
(211, 33, 92),
(212, 33, 93),
(213, 33, 94),
(214, 33, 95),
(224, 34, 96),
(223, 35, 97),
(222, 36, 98),
(225, 37, 99),
(220, 38, 100),
(247, 39, 101),
(227, 40, 102),
(228, 41, 103),
(229, 42, 104),
(230, 43, 105),
(232, 44, 106),
(233, 45, 107),
(234, 46, 108),
(235, 47, 109),
(236, 48, 110),
(237, 49, 111),
(238, 50, 112),
(239, 51, 113),
(240, 52, 114),
(241, 53, 115),
(242, 54, 116),
(243, 54, 117),
(244, 54, 118),
(245, 54, 119),
(246, 54, 120),
(248, 55, 121),
(249, 55, 122),
(250, 56, 123),
(251, 57, 124),
(252, 58, 125),
(253, 59, 126),
(254, 60, 127),
(255, 61, 128),
(256, 62, 129),
(257, 62, 130),
(258, 63, 131),
(259, 64, 132),
(260, 65, 133),
(261, 65, 134),
(262, 65, 135),
(263, 65, 136),
(264, 65, 137),
(265, 65, 138),
(266, 65, 139),
(267, 65, 140),
(268, 65, 141),
(269, 65, 142),
(270, 66, 143),
(271, 67, 144),
(272, 67, 145),
(273, 68, 146),
(274, 69, 147),
(275, 70, 148),
(276, 71, 149),
(277, 71, 150),
(278, 72, 151),
(279, 72, 152),
(280, 73, 153),
(281, 74, 154),
(282, 74, 155),
(283, 75, 156),
(284, 75, 157),
(285, 75, 158),
(286, 76, 159),
(287, 77, 160),
(288, 77, 161),
(289, 78, 162),
(290, 78, 163),
(291, 78, 164),
(292, 79, 165),
(293, 79, 166),
(294, 79, 167),
(295, 79, 168),
(296, 79, 169),
(297, 79, 170),
(298, 79, 171),
(299, 79, 172),
(300, 79, 173),
(301, 80, 174),
(302, 81, 175),
(303, 81, 176),
(304, 81, 177),
(305, 81, 178),
(306, 82, 179),
(307, 83, 180),
(308, 84, 181),
(309, 84, 182),
(310, 84, 183),
(311, 84, 184),
(312, 85, 185),
(313, 85, 186),
(314, 85, 187),
(315, 85, 188),
(316, 86, 189),
(317, 87, 190),
(318, 87, 191),
(319, 87, 192),
(320, 87, 193),
(321, 87, 194),
(322, 87, 195),
(323, 87, 196),
(324, 87, 197),
(325, 88, 198),
(326, 88, 199),
(327, 89, 200),
(328, 90, 201),
(329, 90, 202),
(330, 90, 203),
(331, 91, 204),
(332, 92, 205),
(333, 92, 206),
(334, 92, 207),
(335, 92, 208),
(336, 92, 209),
(337, 92, 210),
(338, 92, 211),
(339, 92, 212),
(340, 92, 213),
(341, 92, 214),
(342, 93, 215),
(343, 93, 216),
(344, 93, 217),
(345, 94, 218),
(346, 94, 219),
(347, 94, 220),
(348, 95, 221),
(349, 96, 222),
(350, 96, 223),
(351, 97, 224),
(352, 97, 225),
(353, 97, 226),
(354, 97, 227),
(355, 98, 228),
(356, 98, 229),
(357, 99, 230),
(358, 99, 231),
(359, 99, 232),
(360, 99, 233),
(361, 99, 234),
(362, 100, 235),
(363, 100, 236),
(364, 100, 237),
(412, 101, 253),
(407, 102, 239),
(408, 103, 240),
(402, 104, 241),
(403, 104, 242),
(404, 104, 243),
(405, 105, 244),
(406, 105, 245),
(373, 106, 246),
(374, 106, 247),
(375, 107, 248),
(376, 108, 249),
(377, 109, 250),
(378, 109, 251),
(379, 109, 252),
(380, 109, 253),
(381, 109, 254),
(382, 109, 255),
(383, 109, 256),
(384, 109, 257),
(385, 109, 258),
(386, 109, 259),
(387, 110, 260),
(388, 111, 261),
(389, 112, 262),
(394, 113, 267),
(396, 114, 264),
(397, 115, 268),
(413, 116, 269),
(399, 117, 270),
(400, 118, 271),
(401, 119, 272),
(447, 120, 273),
(459, 121, 274),
(448, 122, 275),
(449, 123, 276),
(450, 124, 277),
(444, 125, 278),
(429, 126, 279),
(442, 127, 280),
(443, 127, 287),
(451, 128, 281),
(452, 129, 282),
(453, 130, 283),
(454, 131, 284),
(455, 132, 285),
(458, 133, 286),
(457, 133, 288),
(460, 134, 289),
(461, 135, 290),
(462, 136, 291),
(463, 137, 292),
(464, 138, 293),
(465, 139, 294),
(466, 140, 295),
(467, 141, 296),
(468, 142, 297),
(469, 142, 298),
(470, 142, 299),
(501, 143, 300),
(472, 144, 301),
(473, 145, 302),
(474, 146, 303),
(475, 147, 304),
(476, 148, 305),
(477, 148, 306),
(478, 148, 307),
(479, 148, 308),
(480, 149, 309),
(481, 149, 310),
(482, 149, 311),
(483, 149, 312),
(484, 149, 313),
(485, 149, 314),
(486, 149, 315),
(487, 149, 316),
(488, 149, 317),
(489, 149, 318),
(490, 150, 319),
(491, 150, 320),
(492, 150, 321),
(493, 150, 322),
(494, 150, 323),
(495, 150, 324),
(499, 151, 325),
(497, 152, 326),
(502, 153, 327),
(503, 153, 328),
(504, 153, 329),
(505, 153, 330),
(508, 156, 333),
(509, 157, 334),
(510, 157, 335),
(511, 158, 336),
(512, 159, 337),
(513, 159, 338),
(514, 159, 339),
(515, 159, 340),
(516, 159, 341),
(517, 159, 342),
(518, 159, 343),
(519, 159, 344),
(520, 160, 345),
(521, 160, 346),
(522, 160, 347),
(523, 161, 348),
(524, 161, 349),
(525, 161, 350),
(526, 162, 351),
(527, 163, 352),
(528, 163, 353),
(529, 163, 354),
(530, 163, 355),
(531, 163, 356),
(532, 163, 357),
(533, 163, 358),
(534, 163, 359),
(535, 163, 360),
(536, 164, 361),
(537, 164, 362),
(538, 164, 363),
(539, 164, 364),
(540, 165, 365),
(541, 165, 366),
(542, 165, 367),
(543, 165, 368),
(544, 165, 369),
(545, 165, 370),
(546, 165, 371),
(547, 165, 372),
(548, 165, 373),
(549, 166, 374),
(550, 166, 375),
(551, 166, 376),
(552, 166, 377),
(553, 166, 378),
(554, 166, 379),
(555, 166, 380),
(556, 166, 381),
(557, 166, 382),
(558, 166, 383),
(559, 167, 384),
(560, 167, 385),
(561, 167, 386),
(562, 167, 387),
(563, 167, 388),
(564, 167, 389),
(565, 167, 390),
(566, 168, 391),
(567, 168, 392),
(568, 169, 393),
(569, 169, 394),
(570, 169, 395),
(571, 169, 396),
(572, 169, 397),
(573, 170, 398),
(574, 170, 399),
(575, 170, 400),
(576, 171, 401),
(577, 171, 402),
(578, 171, 403),
(579, 172, 404),
(580, 172, 405),
(581, 172, 406),
(582, 172, 407),
(583, 173, 408),
(584, 173, 409),
(585, 173, 410),
(586, 173, 411),
(587, 174, 412),
(588, 174, 413),
(589, 174, 414),
(590, 174, 415),
(591, 175, 416),
(592, 175, 417),
(593, 175, 418),
(594, 175, 419),
(595, 176, 420),
(596, 176, 421),
(597, 176, 422),
(598, 176, 423),
(599, 177, 424),
(600, 177, 425),
(601, 177, 426),
(602, 177, 427),
(603, 178, 428),
(604, 178, 429),
(605, 178, 430),
(606, 178, 431),
(607, 179, 432),
(608, 179, 433),
(609, 179, 434),
(610, 179, 435),
(611, 180, 436),
(612, 181, 437),
(613, 182, 438),
(614, 182, 439),
(615, 182, 440),
(616, 182, 441),
(617, 182, 442),
(618, 182, 443),
(619, 182, 444),
(620, 183, 445),
(621, 184, 446),
(622, 184, 447),
(623, 184, 448),
(624, 184, 449),
(625, 184, 450),
(626, 185, 451),
(627, 185, 452),
(628, 185, 453),
(629, 185, 454),
(630, 185, 455),
(631, 185, 456),
(632, 186, 457),
(633, 187, 458),
(634, 188, 459),
(635, 189, 460),
(636, 190, 461),
(637, 191, 462),
(638, 192, 463),
(639, 193, 464),
(640, 194, 465),
(641, 194, 466),
(642, 195, 467),
(643, 196, 468),
(644, 197, 469),
(645, 198, 470),
(646, 198, 471),
(647, 198, 472),
(648, 198, 473),
(649, 199, 474),
(650, 199, 475),
(651, 199, 476),
(652, 199, 477),
(653, 200, 478),
(654, 200, 479),
(655, 200, 480),
(656, 200, 481),
(657, 201, 482),
(658, 201, 483),
(659, 201, 484),
(660, 201, 485),
(661, 202, 486),
(662, 202, 487),
(663, 202, 488),
(664, 202, 489),
(665, 203, 490),
(666, 203, 491),
(667, 203, 492),
(668, 203, 493),
(669, 204, 494),
(670, 205, 495),
(671, 205, 496),
(672, 206, 497),
(673, 207, 498),
(674, 208, 499),
(675, 208, 500),
(676, 208, 501),
(677, 208, 502),
(678, 209, 503),
(679, 209, 504),
(680, 209, 505),
(681, 210, 506),
(682, 210, 507),
(683, 210, 508),
(684, 211, 509),
(685, 212, 510),
(686, 213, 511),
(687, 213, 512);

-- --------------------------------------------------------

--
-- Table structure for table `quote_quoteitem`
--

CREATE TABLE IF NOT EXISTS `quote_quoteitem` (
  `id` int(11) NOT NULL AUTO_INCREMENT,
  `item_id` int(11) NOT NULL,
  `size_id` int(11) NOT NULL,
  `pack_id` int(11) NOT NULL,
  `brand_id` int(11) NOT NULL,
  `cases` int(11) NOT NULL,
  `quantity_in_lbs` decimal(15,2) NOT NULL,
  `indication_selling_price` decimal(10,2) DEFAULT NULL,
  `selling_price` decimal(10,2) DEFAULT NULL,
  `quoted_price` decimal(10,2) DEFAULT NULL,
  `currency` varchar(20) DEFAULT NULL,
  `final_price` decimal(10,2) DEFAULT NULL,
  `counter_offer` decimal(10,2) DEFAULT NULL,
  `gross_profit` double DEFAULT NULL,
  PRIMARY KEY (`id`),
  KEY `quote_quoteitem_0a47aae8` (`item_id`),
  KEY `quote_quoteitem_fea27a6d` (`size_id`),
  KEY `quote_quoteitem_9391bab4` (`pack_id`),
  KEY `quote_quoteitem_5afadb1e` (`brand_id`)
) ENGINE=InnoDB  DEFAULT CHARSET=latin1 AUTO_INCREMENT=513 ;

--
-- Dumping data for table `quote_quoteitem`
--

INSERT INTO `quote_quoteitem` (`id`, `item_id`, `size_id`, `pack_id`, `brand_id`, `cases`, `quantity_in_lbs`, `indication_selling_price`, `selling_price`, `quoted_price`, `currency`, `final_price`, `counter_offer`, `gross_profit`) VALUES
(1, 3, 6, 12, 1, 1600, '35979.40', '0.00', '0.00', '4.00', 'US$', NULL, '0.00', 0),
(2, 3, 6, 12, 1, 1600, '35979.40', '0.00', '0.00', '4.00', 'US$', NULL, '0.00', 0),
(3, 8, 16, 15, 9, 2100, '12600.00', '6.72', '0.00', '6.00', 'US$', NULL, '0.00', 1),
(4, 8, 16, 15, 9, 2100, '12600.00', '6.72', '0.00', '6.00', 'US$', NULL, '0.00', 1),
(5, 2, 1, 22, 1, 500, '5000.00', '0.00', '0.00', '6.00', 'US$', '0.00', '0.00', NULL),
(6, 2, 2, 22, 1, 1000, '10000.00', '0.00', '0.00', '5.60', 'US$', '5.35', '5.35', NULL),
(7, 2, 3, 22, 1, 1200, '12000.00', '0.00', '0.00', '5.35', 'US$', '4.95', '4.95', NULL),
(8, 2, 4, 22, 1, 500, '5000.00', '0.00', '0.00', '4.55', 'US$', '0.00', '0.00', NULL),
(9, 2, 5, 22, 1, 750, '7500.00', '0.00', '0.00', '4.50', 'US$', '0.00', '0.00', NULL),
(10, 1, 1, 22, 1, 150, '1500.00', '0.00', '0.00', '9.50', 'US$', '0.00', '0.00', NULL),
(11, 1, 2, 22, 1, 50, '500.00', '0.00', '0.00', '7.10', 'US$', '0.00', '0.00', NULL),
(12, 1, 3, 22, 1, 100, '1000.00', '0.00', '0.00', '6.35', 'US$', '0.00', '0.00', NULL),
(13, 1, 4, 22, 1, 300, '3000.00', '0.00', '0.00', '5.60', 'US$', '0.00', '0.00', NULL),
(14, 6, 6, 22, 1, 100, '1000.00', '0.00', '0.00', '4.30', 'US$', '4.15', '4.15', NULL),
(15, 2, 1, 22, 1, 7000, '70000.00', '0.00', '0.00', '6.55', 'US$', NULL, '0.00', NULL),
(16, 2, 2, 22, 1, 7000, '70000.00', '0.00', '0.00', '5.90', 'US$', NULL, '0.00', NULL),
(17, 2, 3, 22, 1, 7000, '70000.00', '0.00', '0.00', '5.25', 'US$', NULL, '0.00', NULL),
(18, 2, 4, 22, 1, 7000, '70000.00', '0.00', '0.00', '4.55', 'US$', NULL, '0.00', NULL),
(19, 2, 1, 24, 1, 500, '5000.00', '0.00', '0.00', '6.00', 'US$', '6.80', '0.00', NULL),
(20, 2, 2, 24, 1, 700, '7000.00', '0.00', '0.00', '5.60', 'US$', '5.80', '5.35', 0),
(21, 2, 3, 24, 1, 600, '6000.00', '0.00', '0.00', '5.35', 'US$', '5.30', '4.95', NULL),
(22, 2, 4, 24, 1, 1300, '13000.00', '0.00', '0.00', '4.55', 'US$', '4.85', '0.00', NULL),
(23, 1, 6, 27, 1, 7000, '933.00', '0.00', '0.00', '0.00', 'US$', NULL, '0.00', NULL),
(24, 1, 8, 27, 1, 12000, '90000.00', '0.00', '0.00', '0.00', 'US$', NULL, '0.00', NULL),
(25, 5, 9, 26, 1, 30000, '270000.00', '0.00', '0.00', '0.00', 'US$', NULL, '0.00', NULL),
(26, 5, 9, 22, 1, 5000, '49979.00', '0.00', '0.00', '0.00', 'US$', NULL, '0.00', NULL),
(27, 3, 1, 24, 1, 8200, '82000.00', '0.00', '0.00', '6.20', 'US$', NULL, '0.00', NULL),
(28, 3, 3, 22, 1, 25000, '250000.00', '0.00', '0.00', '4.80', 'US$', NULL, '0.00', NULL),
(29, 3, 6, 27, 1, 9000, '67500.00', '0.00', '0.00', '3.65', 'US$', NULL, '0.00', NULL),
(30, 2, 4, 27, 1, 8000, '60000.00', '0.00', '0.00', '4.55', 'US$', NULL, '0.00', NULL),
(31, 2, 5, 26, 1, 13000, '117000.00', '0.00', '0.00', '4.45', 'US$', NULL, '0.00', NULL),
(32, 1, 2, 27, 1, 9000, '67500.00', '0.00', '0.00', '8.00', 'US$', NULL, '0.00', NULL),
(33, 1, 4, 27, 1, 8200, '61500.00', '0.00', '0.00', '5.90', 'US$', NULL, '0.00', NULL),
(34, 9, 4, 28, 1, 2500, '11250.00', '0.00', '0.00', '5.91', 'US$', NULL, '0.00', NULL),
(35, 9, 17, 29, 1, 1000, '10000.00', '0.00', '0.00', '5.40', 'US$', NULL, '0.00', NULL),
(36, 9, 17, 28, 1, 1000, '4500.00', '0.00', '0.00', '5.40', 'US$', NULL, '0.00', NULL),
(37, 6, 5, 25, 1, 1435, '28700.00', '0.00', '0.00', '0.00', 'US$', '4.90', '0.00', NULL),
(38, 6, 6, 23, 1, 1, '20.00', '0.00', '0.00', '0.00', 'US$', '4.70', '0.00', NULL),
(39, 2, 1, 29, 1, 8000, '80000.00', '0.00', '0.00', '7.15', 'US$', NULL, '0.00', 0),
(40, 3, 1, 13, 1, 1500, '36000.00', '0.00', '0.00', '6.40', 'US$', '6.30', '6.30', NULL),
(41, 3, 1, 13, 1, 1500, '36000.00', '0.00', '0.00', '6.40', 'US$', '6.30', '6.30', NULL),
(42, 1, 5, 24, 1, 900, '9000.00', NULL, NULL, '5.10', 'US$', NULL, NULL, NULL),
(43, 2, 1, 22, 1, 605, '6050.00', NULL, NULL, '6.55', 'US$', NULL, NULL, NULL),
(44, 5, 11, 22, 1, 4300, '43000.00', NULL, NULL, '4.30', 'CAN$', NULL, NULL, NULL),
(45, 4, 4, 26, 15, 2000, '18000.00', NULL, NULL, '7.04', 'US$', NULL, NULL, NULL),
(46, 4, 3, 26, 15, 2000, '18000.00', NULL, NULL, '8.43', 'US$', NULL, NULL, NULL),
(47, 3, 4, 26, 15, 2000, '18000.00', NULL, NULL, '4.77', 'US$', NULL, NULL, NULL),
(48, 3, 3, 26, 15, 2000, '18000.00', NULL, NULL, '6.36', 'US$', NULL, NULL, NULL),
(49, 2, 4, 26, 15, 2000, '18000.00', NULL, NULL, '5.76', 'US$', NULL, NULL, NULL),
(50, 2, 3, 26, 15, 2000, '18000.00', NULL, NULL, '6.59', 'US$', NULL, NULL, NULL),
(51, 4, 5, 26, 15, 2000, '18000.00', NULL, NULL, '6.45', 'US$', NULL, NULL, NULL),
(52, 6, 5, 25, 1, 1435, '14350.00', NULL, NULL, '4.60', 'US$', NULL, NULL, NULL),
(53, 6, 6, 25, 1, 1, '10.00', NULL, NULL, '4.40', 'US$', NULL, NULL, NULL),
(54, 6, 4, 22, 1, 1200, '12000.00', '0.00', '0.00', '4.75', 'US$', '4.65', '4.65', NULL),
(55, 6, 4, 22, 1, 1200, '12000.00', '0.00', '0.00', '4.75', 'CAN$', '4.65', '4.65', NULL),
(56, 2, 7, 22, 1, 1340, '13400.00', NULL, NULL, '0.00', 'US$', NULL, NULL, NULL),
(57, 2, 1, 22, 1, 170, '1700.00', NULL, NULL, '6.00', 'US$', NULL, NULL, NULL),
(58, 2, 2, 22, 1, 310, '3100.00', NULL, NULL, '5.35', 'US$', NULL, NULL, NULL),
(59, 6, 4, 22, 1, 2600, '26000.00', NULL, NULL, '4.75', 'US$', NULL, NULL, NULL),
(60, 5, 9, 22, 1, 1420, '14200.00', NULL, NULL, '5.00', 'US$', NULL, NULL, NULL),
(61, 5, 11, 22, 1, 510, '5100.00', NULL, NULL, '4.30', 'US$', NULL, NULL, NULL),
(62, 1, 3, 25, 1, 250, '5000.00', NULL, NULL, '6.50', 'US$', NULL, NULL, NULL),
(63, 2, 3, 25, 1, 250, '5000.00', NULL, NULL, '4.85', 'US$', NULL, NULL, NULL),
(64, 6, 5, 22, 1, 2000, '20000.00', NULL, NULL, '4.45', 'US$', NULL, NULL, NULL),
(65, 15, 3, 31, 15, 1500, '39683.16', NULL, NULL, '5.69', 'US$', NULL, NULL, NULL),
(66, 15, 4, 31, 15, 1500, '39683.16', NULL, NULL, '5.16', 'US$', NULL, NULL, NULL),
(67, 16, 4, 32, 1, 4000, '35979.40', NULL, NULL, '5.20', 'US$', NULL, NULL, NULL),
(68, 16, 5, 16, 1, 4000, '35979.40', NULL, NULL, '5.07', 'US$', NULL, NULL, NULL),
(69, 1, 6, 22, 1, 3500, '35000.00', NULL, NULL, '4.85', 'US$', NULL, NULL, NULL),
(70, 1, 6, 22, 1, 3500, '35000.00', NULL, NULL, '4.85', 'US$', NULL, NULL, NULL),
(71, 2, 1, 22, 16, 400, '4000.00', '0.00', '0.00', '6.00', 'US$', '6.00', '0.00', NULL),
(72, 2, 2, 22, 16, 1300, '13000.00', '0.00', '0.00', '5.60', 'US$', '5.35', '5.50', NULL),
(73, 2, 3, 22, 16, 800, '8000.00', '0.00', '0.00', '5.35', 'US$', '4.95', '5.20', NULL),
(74, 2, 4, 22, 16, 400, '4000.00', '0.00', '0.00', '4.55', 'US$', '4.55', '0.00', NULL),
(75, 2, 5, 22, 16, 400, '4000.00', '0.00', '0.00', '4.50', 'US$', '4.50', '0.00', NULL),
(76, 1, 4, 22, 16, 300, '3000.00', '0.00', '0.00', '5.60', 'US$', '5.60', '0.00', NULL),
(77, 6, 4, 22, 1, 3300, '33000.00', NULL, NULL, '5.00', 'US$', NULL, NULL, NULL),
(78, 10, 1, 21, 1, 1650, '33000.00', NULL, NULL, '6.25', 'US$', NULL, NULL, NULL),
(79, 10, 2, 21, 1, 660, '13200.00', NULL, NULL, '5.35', 'US$', NULL, NULL, NULL),
(80, 10, 3, 21, 1, 660, '13200.00', NULL, NULL, '5.15', 'US$', NULL, NULL, NULL),
(81, 10, 5, 21, 1, 330, '6600.00', NULL, NULL, '4.30', 'US$', NULL, NULL, NULL),
(82, 17, 18, 21, 1, 960, '19200.00', '0.00', '0.00', '4.20', 'US$', NULL, '0.00', NULL),
(83, 6, 4, 21, 1, 100, '2000.00', '0.00', '0.00', '4.45', 'US$', NULL, '0.00', NULL),
(84, 6, 8, 21, 1, 100, '2000.00', '0.00', '0.00', '3.70', 'US$', NULL, '0.00', NULL),
(85, 6, 9, 21, 1, 100, '2000.00', '0.00', '0.00', '3.50', 'US$', NULL, '0.00', NULL),
(86, 6, 3, 22, 1, 600, '6000.00', '0.00', '0.00', '4.80', 'US$', '4.65', '4.65', NULL),
(87, 2, 2, 22, 1, 400, '4000.00', '0.00', '0.00', '5.10', 'US$', '4.90', '4.90', NULL),
(88, 6, 2, 22, 1, 10000, '100000.00', NULL, NULL, NULL, NULL, NULL, NULL, NULL),
(89, 6, 3, 22, 1, 10000, '100000.00', NULL, NULL, NULL, NULL, NULL, NULL, NULL),
(90, 6, 4, 22, 1, 10000, '100000.00', NULL, NULL, NULL, NULL, NULL, NULL, NULL),
(91, 2, 1, 25, 1, 122, '2440.00', NULL, NULL, '6.65', 'US$', NULL, NULL, NULL),
(92, 6, 1, 25, 1, 94, '1880.00', NULL, NULL, '6.80', 'US$', NULL, NULL, NULL),
(93, 2, 2, 25, 1, 938, '18760.00', NULL, NULL, '6.20', 'US$', NULL, NULL, NULL),
(94, 1, 2, 25, 1, 1425, '28500.00', NULL, NULL, '7.80', 'US$', NULL, NULL, NULL),
(95, 5, 11, 25, 1, 126, '2520.00', NULL, NULL, '0.00', 'US$', NULL, NULL, NULL),
(96, 1, 5, 25, 1, 1650, '33000.00', '6.27', '0.00', '5.55', 'US$', NULL, '0.00', 0),
(97, 1, 5, 25, 1, 1650, '33000.00', '6.27', '0.00', '5.55', 'US$', NULL, '0.00', 0),
(98, 1, 5, 25, 1, 1650, '33000.00', '6.27', '0.00', '5.55', 'US$', NULL, '0.00', 0),
(99, 1, 5, 25, 1, 1650, '33000.00', '6.27', '0.00', '5.55', 'US$', NULL, '0.00', 0),
(100, 1, 5, 25, 1, 1650, '33000.00', '6.27', '0.00', '5.55', 'US$', NULL, '0.00', 0),
(101, 6, 9, 25, 17, 1650, '33000.00', '0.00', '0.00', '3.90', 'US$', NULL, '0.00', 0),
(102, 6, 9, 25, 17, 1650, '33000.00', '0.00', '0.00', '3.90', 'US$', NULL, '0.00', 0),
(103, 6, 9, 25, 17, 1650, '33000.00', '0.00', '0.00', '3.90', 'US$', NULL, '0.00', 0),
(104, 6, 9, 25, 17, 1650, '33000.00', '0.00', '0.00', '3.90', 'US$', NULL, '0.00', 0),
(105, 6, 9, 25, 17, 1650, '33000.00', '0.00', '0.00', '3.90', 'US$', NULL, '0.00', 0),
(106, 6, 9, 25, 17, 1650, '33000.00', '0.00', '0.00', '3.90', 'US$', NULL, '0.00', 0),
(107, 3, 2, 21, 17, 1800, '36000.00', '0.00', '0.00', '4.60', 'US$', NULL, '0.00', 0),
(108, 3, 2, 21, 17, 1750, '35000.00', '0.00', '0.00', '4.60', 'US$', NULL, '0.00', 0),
(109, 3, 2, 21, 17, 1750, '35000.00', '0.00', '0.00', '4.60', 'US$', NULL, '0.00', 0),
(110, 3, 2, 21, 17, 1750, '35000.00', '0.00', '0.00', '4.60', 'US$', NULL, '0.00', 0),
(111, 3, 4, 21, 17, 1750, '35000.00', '0.00', '0.00', '3.90', 'US$', NULL, '0.00', 0),
(112, 3, 4, 21, 17, 1750, '35000.00', '0.00', '0.00', '3.90', 'US$', NULL, '0.00', 0),
(113, 4, 4, 21, 1, 1650, '33000.00', '9.50', '0.00', '8.13', 'CAN$', NULL, '0.00', 0),
(114, 3, 7, 13, 1, 1375, '33000.00', '11.15', '0.00', '9.90', 'US$', NULL, '0.00', 0),
(115, 3, 7, 13, 1, 1375, '33000.00', '11.15', '0.00', '9.80', 'US$', NULL, '0.00', 0),
(116, 2, 1, 24, 1, 207, '2070.00', '0.00', '7.15', '6.80', 'US$', NULL, '0.00', 0.048951048951049),
(117, 2, 2, 24, 1, 700, '7000.00', '0.00', '6.05', '5.70', 'US$', NULL, '0.00', 0.0578512396694214),
(118, 2, 3, 24, 1, 600, '6000.00', '0.00', '5.55', '5.30', 'US$', NULL, '0.00', 0.045045045045045),
(119, 2, 4, 24, 1, 992, '9920.00', '0.00', '5.05', '4.95', 'US$', NULL, '0.00', 0.0198019801980197),
(120, 1, 5, 24, 1, 800, '8000.00', '0.00', '5.75', '5.45', 'US$', NULL, '0.00', 0.0521739130434782),
(121, 2, 1, 25, 1, 1871, '37420.00', '0.00', '0.00', '7.00', 'US$', NULL, '0.00', 0),
(122, 1, 5, 25, 1, 129, '2580.00', '0.00', '0.00', '5.50', 'US$', NULL, '0.00', 0),
(123, 3, 4, 21, 1, 1800, '36000.00', '0.00', '5.10', '3.68', 'US$', NULL, '0.00', 0.27843137254902),
(124, 3, 4, 21, 1, 1800, '36000.00', '0.00', '5.10', '3.68', 'US$', NULL, '0.00', 0.27843137254902),
(125, 2, 4, 22, 1, 3600, '36000.00', '0.00', '5.00', '4.30', 'US$', NULL, '0.00', 0.14),
(126, 2, 4, 22, 1, 3600, '36000.00', '0.00', '5.00', '4.30', 'US$', NULL, '0.00', 0.14),
(127, 2, 4, 22, 1, 3600, '36000.00', '0.00', '5.00', '4.30', 'US$', NULL, '0.00', 0.14),
(128, 2, 4, 22, 1, 3600, '36000.00', '0.00', '0.00', '4.30', 'US$', NULL, '0.00', 0),
(129, 5, 19, 25, 1, 126, '2520.00', NULL, NULL, '3.85', 'US$', NULL, NULL, NULL),
(130, 7, 20, 33, 1, 1571, '24562.00', NULL, NULL, '3.55', 'US$', NULL, NULL, NULL),
(131, 3, 2, 21, 1, 1800, '36000.00', '0.00', '0.00', '4.40', 'US$', NULL, '0.00', 0),
(132, 3, 2, 21, 1, 1800, '36000.00', '0.00', '0.00', '4.40', 'US$', NULL, '0.00', 0),
(133, 3, 4, 22, 7, 400, '4000.00', NULL, NULL, '4.20', 'US$', NULL, NULL, NULL),
(134, 3, 5, 22, 7, 400, '4000.00', NULL, NULL, '3.90', 'US$', NULL, NULL, NULL),
(135, 2, 21, 22, 7, 200, '2000.00', NULL, NULL, '9.50', 'US$', NULL, NULL, NULL),
(136, 2, 1, 22, 7, 300, '3000.00', NULL, NULL, '6.20', 'US$', NULL, NULL, NULL),
(137, 2, 2, 22, 7, 400, '4000.00', NULL, NULL, '5.80', 'US$', NULL, NULL, NULL),
(138, 2, 3, 22, 7, 300, '3000.00', NULL, NULL, '5.30', 'US$', NULL, NULL, NULL),
(139, 2, 4, 22, 7, 500, '5000.00', NULL, NULL, '4.50', 'US$', NULL, NULL, NULL),
(140, 2, 5, 22, 7, 300, '3000.00', NULL, NULL, '4.25', 'US$', NULL, NULL, NULL),
(141, 6, 5, 22, 7, 300, '3000.00', NULL, NULL, '4.70', 'US$', NULL, NULL, NULL),
(142, 6, 6, 22, 7, 300, '3000.00', NULL, NULL, '4.45', 'US$', NULL, NULL, NULL),
(143, 3, 4, 22, 1, 1600, '16000.00', '0.00', '0.00', '3.90', 'US$', '3.85', '3.75', NULL),
(144, 6, 5, 25, 1, 500, '10000.00', NULL, NULL, '5.10', 'US$', NULL, NULL, NULL),
(145, 6, 6, 25, 1, 500, '10000.00', NULL, NULL, '4.90', 'US$', NULL, NULL, NULL),
(146, 3, 3, 21, 1, 2100, '42000.00', NULL, NULL, '5.35', 'US$', NULL, NULL, NULL),
(147, 7, 11, 22, 1, 500, '5000.00', '0.00', '0.00', '4.00', 'US$', NULL, '3.90', NULL),
(148, 6, 2, 21, 16, 1100, '22000.00', NULL, NULL, '6.75', 'US$', NULL, NULL, NULL),
(149, 6, 5, 21, 16, 800, '16000.00', NULL, NULL, '5.10', 'US$', NULL, NULL, NULL),
(150, 6, 6, 21, 16, 250, '5000.00', NULL, NULL, '4.90', 'US$', NULL, NULL, NULL),
(151, 3, 21, 22, 1, 1000, '10000.00', NULL, NULL, '0.00', 'US$', NULL, NULL, NULL),
(152, 3, 1, 22, 1, 1000, '10000.00', NULL, NULL, '0.00', 'US$', NULL, NULL, NULL),
(153, 7, 22, 27, 16, 4400, '32981.12', NULL, NULL, '3.70', 'US$', NULL, NULL, NULL),
(154, 3, 3, 22, 1, 300, '3000.00', '0.00', '0.00', '4.70', 'US$', NULL, '4.20', NULL),
(155, 1, 4, 22, 1, 300, '3000.00', '0.00', '0.00', '6.00', 'US$', NULL, '0.00', NULL),
(156, 2, 3, 25, 1, 1050, '21000.00', NULL, NULL, '4.75', 'US$', NULL, NULL, NULL),
(157, 6, 3, 25, 1, 1050, '21000.00', NULL, NULL, '5.15', 'US$', NULL, NULL, NULL),
(158, 3, 3, 25, 1, 250, '5000.00', NULL, NULL, '4.20', 'US$', NULL, NULL, NULL),
(159, 3, 9, 35, 1, 2201, '32979.20', '3.75', '3.75', '3.35', 'US$', NULL, '0.00', 0.106666666666667),
(160, 5, 5, 22, 17, 1000, '10000.00', '0.00', '0.00', '5.70', 'US$', NULL, '0.00', 0),
(161, 1, 6, 22, 17, 2200, '22000.00', '0.00', '0.00', '4.85', 'US$', NULL, '0.00', 0),
(162, 1, 9, 36, 17, 815, '12235.78', NULL, NULL, NULL, NULL, NULL, NULL, NULL),
(163, 1, 9, 35, 17, 880, '13192.00', NULL, NULL, NULL, NULL, NULL, NULL, NULL),
(164, 3, 9, 37, 17, 440, '6596.22', NULL, NULL, NULL, NULL, NULL, NULL, NULL),
(165, 2, 21, 22, 1, 100, '1000.00', '0.00', '0.00', '9.83', 'US$', NULL, '0.00', NULL),
(166, 2, 1, 22, 1, 200, '2000.00', '0.00', '0.00', '6.27', 'US$', NULL, '0.00', NULL),
(167, 2, 2, 22, 1, 600, '6000.00', '0.00', '0.00', '5.32', 'US$', NULL, '0.00', NULL),
(168, 2, 3, 22, 1, 600, '6000.00', '0.00', '0.00', '4.75', 'US$', NULL, '0.00', NULL),
(169, 2, 4, 22, 1, 300, '3000.00', '0.00', '0.00', '4.61', 'US$', NULL, '0.00', NULL),
(170, 2, 5, 22, 1, 200, '2000.00', '0.00', '0.00', '4.37', 'US$', NULL, '0.00', NULL),
(171, 6, 4, 22, 1, 500, '5000.00', '0.00', '0.00', '4.56', 'US$', NULL, '0.00', NULL),
(172, 6, 6, 22, 1, 1500, '15000.00', '0.00', '0.00', '4.09', 'US$', NULL, '0.00', NULL),
(173, 1, 1, 22, 1, 0, '0.00', '0.00', '0.00', '0.00', 'US$', NULL, '0.00', NULL),
(174, 6, 5, 22, 1, 6000, '60000.00', NULL, NULL, '4.60', 'US$', NULL, NULL, NULL),
(175, 2, 1, 22, 1, 350, '3500.00', '0.00', '0.00', '6.60', 'US$', '6.10', '6.10', NULL),
(176, 2, 2, 22, 1, 2100, '21000.00', '0.00', '0.00', '5.60', 'US$', '5.20', '5.20', NULL),
(177, 2, 3, 22, 1, 700, '7000.00', '0.00', '0.00', '5.00', 'US$', '4.65', '4.65', NULL),
(178, 2, 4, 22, 1, 350, '3500.00', '0.00', '0.00', '4.75', 'US$', '4.40', '4.40', NULL),
(179, 6, 2, 22, 1, 3000, '30000.00', '0.00', '0.00', '5.74', 'US$', NULL, '5.20', NULL),
(180, 1, 6, 26, 1, 3500, '31500.00', NULL, NULL, '5.00', 'US$', NULL, NULL, NULL),
(181, 2, 2, 22, 1, 790, '7900.00', NULL, NULL, '0.00', 'US$', NULL, NULL, NULL),
(182, 6, 4, 22, 1, 940, '9400.00', NULL, NULL, '0.00', 'US$', NULL, NULL, NULL),
(183, 7, 20, 33, 1, 270, '245.00', NULL, NULL, '0.00', 'US$', NULL, NULL, NULL),
(184, 2, 1, 22, 1, 690, '6900.00', NULL, NULL, '0.00', 'US$', NULL, NULL, NULL),
(185, 2, 2, 22, 1, 220, '2200.00', NULL, NULL, '0.00', 'US$', NULL, NULL, NULL),
(186, 6, 4, 22, 1, 430, '4300.00', NULL, NULL, '0.00', 'US$', NULL, NULL, NULL),
(187, 7, 20, 33, 1, 57, '1254.00', NULL, NULL, '0.00', 'US$', NULL, NULL, NULL),
(188, 2, 1, 22, 1, 150, '1500.00', NULL, NULL, '0.00', 'US$', NULL, NULL, NULL),
(189, 1, 6, 38, 1, 4600, '34500.00', NULL, NULL, '6.00', 'US$', NULL, NULL, NULL),
(190, 1, 3, 24, 1, 500, '5000.00', NULL, NULL, '6.05', 'US$', NULL, NULL, NULL),
(191, 1, 4, 24, 1, 500, '5000.00', NULL, NULL, '5.42', 'US$', NULL, NULL, NULL),
(192, 1, 6, 24, 1, 500, '5000.00', NULL, NULL, '4.85', 'US$', NULL, NULL, NULL),
(193, 1, 8, 24, 1, 500, '5000.00', NULL, NULL, '4.70', 'US$', NULL, NULL, NULL),
(194, 1, 8, 22, 1, 500, '5000.00', NULL, NULL, '4.60', 'US$', NULL, NULL, NULL),
(195, 1, 3, 22, 1, 500, '5000.00', NULL, NULL, '5.95', 'US$', NULL, NULL, NULL),
(196, 10, 8, 24, 1, 500, '5000.00', NULL, NULL, '3.25', 'US$', NULL, NULL, NULL),
(197, 6, 5, 24, 1, 500, '5000.00', NULL, NULL, '4.20', 'US$', NULL, NULL, NULL),
(198, 1, 6, 39, 16, 1500, '22500.00', '0.00', '0.00', '5.05', 'US$', '0.00', '0.00', NULL),
(199, 3, 2, 39, 16, 1500, '22500.00', '0.00', '0.00', '4.39', 'US$', '4.35', '4.35', NULL),
(200, 6, 8, 25, 1, 3000, '60000.00', NULL, NULL, '4.25', 'US$', NULL, NULL, NULL),
(201, 1, 3, 22, 1, 1000, '10000.00', NULL, NULL, '6.00', 'US$', NULL, NULL, NULL),
(202, 1, 4, 22, 1, 1000, '10000.00', NULL, NULL, '5.30', 'US$', NULL, NULL, NULL),
(203, 1, 5, 22, 1, 1000, '10000.00', NULL, NULL, '5.10', 'US$', NULL, NULL, NULL),
(204, 3, 6, 12, 1, 1500, '33730.69', NULL, NULL, '3.40', 'US$', NULL, NULL, NULL),
(205, 4, 3, 16, 15, 1000, '8994.85', NULL, NULL, '0.00', 'US$', NULL, NULL, NULL),
(206, 4, 4, 16, 15, 2000, '17989.70', NULL, NULL, '6.20', 'US$', NULL, NULL, NULL),
(207, 4, 5, 16, 15, 1000, '8994.85', NULL, NULL, '5.90', 'US$', NULL, NULL, NULL),
(208, 3, 1, 16, 15, 1000, '8994.85', NULL, NULL, '0.00', 'US$', NULL, NULL, NULL),
(209, 3, 2, 16, 15, 1000, '8994.85', NULL, NULL, '0.00', 'US$', NULL, NULL, NULL),
(210, 3, 3, 16, 15, 1000, '8994.85', NULL, NULL, '4.60', 'US$', NULL, NULL, NULL),
(211, 3, 4, 16, 15, 1000, '8994.85', NULL, NULL, '4.40', 'US$', NULL, NULL, NULL),
(212, 3, 5, 16, 15, 1000, '8994.85', NULL, NULL, '0.00', 'US$', NULL, NULL, NULL),
(213, 2, 2, 16, 15, 1000, '8994.85', NULL, NULL, '0.00', 'US$', NULL, NULL, NULL),
(214, 2, 3, 16, 15, 1000, '8994.85', NULL, NULL, '5.60', 'US$', NULL, NULL, NULL),
(215, 4, 2, 16, 15, 1000, '8994.85', NULL, NULL, '0.00', 'US$', NULL, NULL, NULL),
(216, 2, 4, 16, 15, 1000, '8994.85', NULL, NULL, '5.10', 'US$', NULL, NULL, NULL),
(217, 6, 5, 16, 15, 1000, '8994.85', NULL, NULL, '0.00', 'US$', NULL, NULL, NULL),
(218, 5, 3, 22, 10, 2000, '20000.00', '0.00', '0.00', NULL, 'US$', '0.00', NULL, NULL),
(219, 5, 4, 22, 10, 6000, '60000.00', '0.00', '0.00', NULL, 'US$', '0.00', NULL, NULL),
(220, 5, 9, 22, 10, 4000, '40000.00', '0.00', '0.00', NULL, 'US$', '0.00', NULL, NULL),
(221, 15, 23, 16, 15, 3500, '31481.97', '0.00', '0.00', '5.40', 'US$', '5.25', '5.25', NULL),
(222, 9, 4, 40, 1, 1000, '10000.00', '0.00', '0.00', '5.30', 'US$', '5.00', '5.00', NULL),
(223, 18, 4, 40, 1, 1000, '10000.00', '0.00', '0.00', '4.76', 'US$', '4.60', '4.60', NULL),
(224, 6, 8, 22, 1, 1100, '11000.00', NULL, NULL, NULL, NULL, NULL, NULL, NULL),
(225, 6, 9, 22, 1, 700, '7000.00', NULL, NULL, NULL, NULL, NULL, NULL, NULL),
(226, 6, 10, 22, 1, 300, '3000.00', NULL, NULL, NULL, NULL, NULL, NULL, NULL),
(227, 6, 11, 22, 1, 200, '2000.00', NULL, NULL, NULL, NULL, NULL, NULL, NULL),
(228, 6, 2, 38, 1, 24000, '180000.00', NULL, NULL, '5.25', 'US$', NULL, NULL, NULL),
(229, 6, 3, 38, 1, 24000, '180000.00', NULL, NULL, '4.80', 'US$', NULL, NULL, NULL),
(230, 4, 4, 32, 15, 2000, '17989.70', NULL, NULL, '6.48', 'US$', NULL, NULL, NULL),
(231, 4, 5, 16, 15, 2000, '17989.70', NULL, NULL, '5.50', 'US$', NULL, NULL, NULL),
(232, 10, 4, 16, 15, 2000, '17989.70', NULL, NULL, '4.03', 'US$', NULL, NULL, NULL),
(233, 6, 4, 16, 15, 2000, '17989.70', NULL, NULL, '5.36', 'US$', NULL, NULL, NULL),
(234, 6, 5, 16, 15, 2000, '17989.70', NULL, NULL, '4.55', 'US$', NULL, NULL, NULL),
(235, 23, 4, 16, 16, 3431, '30861.33', '0.00', '0.00', '5.45', 'US$', NULL, '0.00', 0),
(236, 23, 2, 16, 16, 3431, '30861.33', '0.00', '0.00', '7.55', 'US$', NULL, '0.00', 0),
(237, 24, 4, 16, 16, 3431, '30861.33', '0.00', '0.00', '4.65', 'US$', NULL, '0.00', 0),
(238, 2, 5, 16, 18, 40000, '359793.98', '0.00', '0.00', '30.15', 'US$', NULL, '0.00', 0),
(239, 8, 26, 41, 9, 8400, '50400.00', '0.00', '0.00', '33.00', 'US$', NULL, '0.00', 0),
(240, 1, 6, 27, 18, 6355, '47635.22', '0.00', '0.00', '4.62', 'US$', '4.20', '4.20', 0),
(241, 22, 1, 29, 1, 1000, '10000.00', '0.00', '0.00', '4.20', 'US$', NULL, '0.00', 0),
(242, 22, 1, 22, 1, 1000, '10000.00', '0.00', '0.00', '4.15', 'US$', NULL, '0.00', 0),
(243, 22, 2, 22, 1, 500, '5000.00', '0.00', '0.00', '3.65', 'US$', NULL, '0.00', 0),
(244, 22, 1, 24, 1, 2000, '20000.00', '0.00', '0.00', '4.20', 'US$', NULL, '0.00', 0),
(245, 22, 24, 24, 1, 1500, '15000.00', '0.00', '0.00', '4.40', 'US$', NULL, '0.00', 0),
(246, 1, 5, 22, 1, 3500, '35000.00', NULL, NULL, '0.00', 'US$', NULL, NULL, NULL),
(247, 3, 5, 21, 1, 1500, '30000.00', NULL, NULL, '3.95', 'US$', NULL, NULL, NULL),
(248, 3, 1, 21, 16, 1500, '30000.00', NULL, NULL, '4.85', 'US$', NULL, NULL, NULL),
(249, 25, 28, 42, 19, 2100, '19593.00', NULL, NULL, '48.60', 'US$', NULL, NULL, NULL),
(250, 3, 4, 22, 1, 300, '3000.00', NULL, NULL, '3.50', 'US$', NULL, NULL, NULL),
(251, 2, 3, 22, 1, 750, '7500.00', NULL, NULL, '4.60', 'US$', NULL, NULL, NULL),
(252, 2, 4, 22, 1, 900, '9000.00', NULL, NULL, '3.80', 'US$', NULL, NULL, NULL),
(253, 2, 5, 16, 1, 4000, '35947.14', '3.68', '3.68', '3.60', 'US$', NULL, '0.00', 0.0896739130434783),
(254, 1, 4, 22, 1, 200, '2000.00', NULL, NULL, '5.05', 'US$', NULL, NULL, NULL),
(255, 2, 1, 22, 1, 300, '3000.00', NULL, NULL, '6.05', 'US$', NULL, NULL, NULL),
(256, 2, 2, 22, 1, 300, '3000.00', NULL, NULL, '5.45', 'US$', NULL, NULL, NULL),
(257, 2, 6, 22, 1, 300, '3000.00', NULL, NULL, '3.30', 'US$', NULL, NULL, NULL),
(258, 1, 2, 22, 1, 100, '1000.00', NULL, NULL, '7.05', 'US$', NULL, NULL, NULL),
(259, 3, 2, 22, 1, 200, '2000.00', NULL, NULL, '4.50', 'US$', NULL, NULL, NULL),
(260, 5, 9, 29, 20, 3300, '33000.00', '0.00', '0.00', '3.95', 'US$', NULL, '0.00', 0),
(261, 5, 9, 29, 20, 3300, '33000.00', '0.00', '0.00', '3.95', 'US$', NULL, '0.00', 0),
(262, 2, 4, 22, 1, 3300, '33000.00', '0.00', '0.00', '3.65', 'US$', NULL, '0.00', 0),
(263, 2, 4, 29, 20, 3300, '33000.00', NULL, NULL, NULL, NULL, NULL, NULL, NULL),
(264, 1, 5, 29, 20, 3300, '33000.00', '0.00', '0.00', '4.25', 'US$', NULL, '0.00', 0),
(267, 2, 4, 22, 1, 3300, '33000.00', '0.00', '0.00', '3.65', 'US$', NULL, '0.00', 0),
(268, 5, 9, 24, 20, 3300, '33000.00', '0.00', '0.00', '3.95', 'US$', NULL, '0.00', 0),
(269, 2, 4, 22, 1, 3300, '33000.00', '0.00', '0.00', '3.65', 'US$', NULL, '0.00', 0),
(270, 1, 5, 24, 20, 3300, '33000.00', '0.00', '0.00', '4.25', 'US$', NULL, '0.00', 0),
(271, 1, 4, 24, 20, 3300, '33000.00', '0.00', '0.00', '4.60', 'US$', NULL, '0.00', 0),
(272, 1, 4, 24, 20, 3300, '33000.00', '0.00', '0.00', '4.60', 'US$', NULL, '0.00', 0),
(273, 3, 3, 29, 20, 3600, '36000.00', '3.90', '3.90', '3.55', 'US$', NULL, '0.00', 0.0897435897435898),
(274, 3, 4, 29, 20, 3600, '36000.00', '3.65', '3.65', '3.30', 'US$', NULL, '0.00', 0.0958904109589041),
(275, 3, 4, 29, 20, 3600, '36000.00', '3.65', '3.65', '3.30', 'US$', NULL, '0.00', 0.0958904109589041),
(276, 3, 4, 29, 20, 3600, '36000.00', '3.65', '3.65', '3.30', 'US$', NULL, '0.00', 0.0958904109589041),
(277, 3, 4, 29, 20, 3600, '36000.00', '3.65', '3.65', '3.30', 'US$', NULL, '0.00', 0.0958904109589041),
(278, 3, 1, 29, 20, 3500, '35000.00', '5.00', '5.00', '4.70', 'US$', NULL, '0.00', 0.06),
(279, 3, 1, 29, 20, 200, '2000.00', NULL, NULL, NULL, NULL, NULL, NULL, NULL),
(280, 3, 1, 22, 20, 3300, '33000.00', '4.85', '4.85', '4.70', 'US$', NULL, '0.00', 0.0309278350515463),
(281, 3, 3, 29, 20, 3600, '36000.00', '3.90', '3.90', '3.55', 'US$', NULL, '0.00', 0.0897435897435898),
(282, 3, 3, 29, 20, 3600, '36000.00', '3.90', '3.90', '3.55', 'US$', NULL, '0.00', 0.0897435897435898),
(283, 3, 3, 29, 20, 3600, '36000.00', '3.90', '3.90', '3.55', 'US$', NULL, '0.00', 0.0897435897435898),
(284, 3, 3, 29, 20, 3600, '36000.00', '3.90', '3.90', '3.55', 'US$', NULL, '0.00', 0.0897435897435898),
(285, 3, 3, 29, 20, 3600, '36000.00', '3.90', '3.90', '3.55', 'US$', NULL, '0.00', 0.0897435897435898),
(286, 3, 3, 29, 20, 3300, '33000.00', '3.90', '3.90', '3.55', 'US$', NULL, '0.00', 0.0897435897435898),
(287, 3, 1, 24, 20, 200, '2000.00', '5.00', '5.00', '4.70', 'US$', NULL, '0.00', 0.06),
(288, 3, 4, 24, 20, 600, '6000.00', '3.65', '3.65', '3.30', 'US$', NULL, '0.00', 0.0958904109589041),
(289, 3, 2, 23, 12, 1575, '31500.00', '4.45', '4.45', '3.90', 'US$', NULL, '0.00', 0.123595505617978),
(290, 3, 2, 23, 12, 1575, '31500.00', '4.45', '4.45', '3.90', 'US$', NULL, '0.00', 0.123595505617978),
(291, 4, 4, 21, 5, 3900, '78000.00', NULL, NULL, NULL, NULL, NULL, NULL, NULL),
(292, 4, 4, 21, 5, 5850, '117000.00', NULL, NULL, NULL, NULL, NULL, NULL, NULL),
(293, 4, 4, 21, 5, 5850, '117000.00', NULL, NULL, NULL, NULL, NULL, NULL, NULL),
(294, 4, 4, 21, 5, 3900, '78000.00', NULL, NULL, NULL, NULL, NULL, NULL, NULL),
(295, 4, 4, 21, 5, 3900, '78000.00', NULL, NULL, NULL, NULL, NULL, NULL, NULL),
(296, 4, 4, 21, 5, 3900, '78000.00', NULL, NULL, NULL, NULL, NULL, NULL, NULL),
(297, 23, 4, 32, 19, 3431, '30861.33', NULL, NULL, NULL, NULL, NULL, NULL, NULL),
(298, 23, 2, 16, 19, 3431, '30861.33', NULL, NULL, NULL, NULL, NULL, NULL, NULL),
(299, 24, 3, 32, 19, 3431, '30861.33', NULL, NULL, NULL, NULL, NULL, NULL, NULL),
(300, 24, 3, 32, 19, 3431, '30861.33', '5.53', '5.53', '5.00', 'US$', NULL, '0.00', 0.0958408679927668),
(301, 6, 9, 25, 17, 1650, '33000.00', '0.00', '0.00', '3.35', 'US$', NULL, '0.00', 0),
(302, 6, 9, 25, 17, 1650, '33000.00', '0.00', '0.00', '3.35', 'US$', NULL, '0.00', 0),
(303, 6, 9, 25, 17, 1650, '33000.00', '0.00', '0.00', '3.35', 'US$', NULL, '0.00', 0),
(304, 22, 1, 24, 1, 3500, '35000.00', '4.80', '4.80', '4.20', 'US$', NULL, '0.00', 0.125),
(305, 23, 2, 16, 19, 69, '620.64', '0.00', '0.00', '7.55', 'US$', NULL, '0.00', NULL),
(306, 23, 4, 16, 19, 3069, '27605.19', '0.00', '0.00', '5.50', 'US$', NULL, '5.45', NULL),
(307, 24, 3, 16, 19, 569, '5118.07', '0.00', '0.00', '5.00', 'US$', NULL, '0.00', NULL),
(308, 24, 4, 16, 19, 1769, '15911.89', '0.00', '0.00', '4.65', 'US$', NULL, '0.00', NULL),
(309, 6, 3, 21, 1, 1000, '20000.00', NULL, NULL, '4.92', 'US$', NULL, NULL, NULL),
(310, 3, 7, 21, 1, 100, '2000.00', NULL, NULL, '0.00', 'US$', NULL, NULL, NULL),
(311, 3, 1, 21, 1, 100, '2000.00', NULL, NULL, '5.32', 'US$', NULL, NULL, NULL),
(312, 3, 2, 21, 1, 100, '2000.00', NULL, NULL, '4.32', 'US$', NULL, NULL, NULL),
(313, 3, 3, 21, 1, 100, '2000.00', NULL, NULL, '3.95', 'US$', NULL, NULL, NULL),
(314, 3, 4, 21, 1, 100, '2000.00', NULL, NULL, '3.51', 'US$', NULL, NULL, NULL),
(315, 3, 5, 21, 1, 100, '2000.00', NULL, NULL, '3.31', 'US$', NULL, NULL, NULL),
(316, 1, 1, 21, 1, 100, '2000.00', NULL, NULL, '0.00', 'US$', NULL, NULL, NULL),
(317, 2, 1, 22, 1, 100, '1000.00', NULL, NULL, '6.01', 'US$', NULL, NULL, NULL),
(318, 2, 2, 22, 1, 100, '1000.00', NULL, NULL, '5.23', 'US$', NULL, NULL, NULL),
(319, 2, 3, 22, 1, 100, '1000.00', NULL, NULL, '4.54', 'US$', NULL, NULL, NULL),
(320, 2, 4, 22, 1, 100, '1000.00', NULL, NULL, '3.87', 'US$', NULL, NULL, NULL),
(321, 9, 3, 40, 1, 500, '5000.00', NULL, NULL, '5.31', 'US$', NULL, NULL, NULL),
(322, 9, 4, 40, 1, 500, '5000.00', NULL, NULL, '4.54', 'US$', NULL, NULL, NULL),
(323, 9, 5, 40, 1, 500, '5000.00', NULL, NULL, '4.26', 'US$', NULL, NULL, NULL),
(324, 9, 4, 27, 1, 500, '3747.85', NULL, NULL, '4.64', 'US$', NULL, NULL, NULL),
(325, 2, 1, 22, 1, 3400, '34000.00', '6.35', '0.00', '5.25', 'US$', NULL, '0.00', 0),
(326, 2, 1, 22, 1, 3400, '34000.00', '6.35', '0.00', '5.25', 'US$', NULL, '0.00', 0),
(327, 6, 21, 22, 1, 50, '500.00', NULL, NULL, '0.00', 'US$', NULL, NULL, NULL),
(328, 6, 1, 22, 1, 300, '3000.00', NULL, NULL, '0.00', 'US$', NULL, NULL, NULL),
(329, 6, 2, 22, 1, 300, '3000.00', NULL, NULL, '5.87', 'US$', NULL, NULL, NULL),
(330, 6, 6, 22, 1, 300, '3000.00', NULL, NULL, '3.82', 'US$', NULL, NULL, NULL),
(331, 3, 1, 23, 12, 1650, '33000.00', '4.95', '4.95', '4.53', 'US$', NULL, '0.00', 0.0848484848484848),
(332, 3, 1, 23, 12, 1650, '33000.00', '4.95', '4.95', '4.53', 'US$', NULL, '0.00', 0.0848484848484848),
(333, 3, 4, 39, 1, 870, '13050.00', '0.00', '0.00', '3.65', 'US$', NULL, '0.00', 0),
(334, 7, 11, 22, 1, 500, '5000.00', NULL, NULL, NULL, NULL, NULL, NULL, NULL),
(335, 7, 20, 22, 1, 500, '5000.00', NULL, NULL, NULL, NULL, NULL, NULL, NULL),
(336, 3, 1, 23, 12, 1650, '33000.00', '4.95', '4.95', '4.50', 'US$', NULL, '0.00', 0.0909090909090909),
(337, 1, 5, 22, 1, 500, '5000.00', NULL, NULL, '4.30', 'US$', NULL, NULL, NULL),
(338, 1, 6, 22, 1, 300, '3000.00', NULL, NULL, '4.10', 'US$', NULL, NULL, NULL),
(339, 2, 5, 22, 1, 500, '5000.00', NULL, NULL, '3.60', 'US$', NULL, NULL, NULL),
(340, 2, 6, 22, 1, 300, '3000.00', NULL, NULL, '3.40', 'US$', NULL, NULL, NULL),
(341, 3, 5, 22, 1, 500, '5000.00', NULL, NULL, '3.25', 'US$', NULL, NULL, NULL),
(342, 3, 6, 22, 1, 300, '3000.00', NULL, NULL, '3.20', 'US$', NULL, NULL, NULL),
(343, 6, 5, 22, 1, 500, '5000.00', NULL, NULL, '3.75', 'US$', NULL, NULL, NULL),
(344, 6, 6, 22, 1, 300, '3000.00', NULL, NULL, '3.65', 'US$', NULL, NULL, NULL),
(345, 23, 4, 16, 19, 3086, '27758.11', '0.00', '0.00', '5.30', 'US$', NULL, '0.00', 0),
(346, 24, 3, 16, 19, 546, '4911.19', '0.00', '0.00', '4.80', 'US$', NULL, '0.00', 0),
(347, 24, 4, 16, 19, 1764, '15866.91', '0.00', '0.00', '4.45', 'US$', NULL, '0.00', 0),
(348, 1, 4, 11, 1, 3112, '34989.96', NULL, NULL, '4.80', 'US$', NULL, NULL, NULL),
(349, 3, 6, 12, 1, 1556, '34989.96', NULL, NULL, '3.15', 'US$', NULL, NULL, NULL),
(350, 2, 4, 11, 1, 3112, '34989.96', NULL, NULL, '3.80', 'US$', NULL, NULL, NULL),
(351, 1, 4, 24, 1, 3300, '33000.00', NULL, NULL, NULL, NULL, NULL, NULL, NULL),
(352, 2, 1, 22, 7, 269, '2690.00', NULL, NULL, '5.60', 'US$', NULL, NULL, NULL),
(353, 2, 3, 22, 7, 269, '2690.00', NULL, NULL, '4.40', 'US$', NULL, NULL, NULL),
(354, 2, 4, 22, 7, 269, '2690.00', NULL, NULL, '4.00', 'US$', NULL, NULL, NULL),
(355, 2, 5, 22, 7, 269, '2690.00', NULL, NULL, '3.70', 'US$', NULL, NULL, NULL),
(356, 6, 3, 22, 7, 269, '2690.00', NULL, NULL, '4.83', 'US$', NULL, NULL, NULL),
(357, 6, 2, 22, 7, 269, '2690.00', NULL, NULL, '5.86', 'US$', NULL, NULL, NULL),
(358, 6, 4, 22, 7, 269, '2690.00', NULL, NULL, '4.18', 'US$', NULL, NULL, NULL),
(359, 6, 5, 22, 7, 269, '2690.00', NULL, NULL, '3.90', 'US$', NULL, NULL, NULL),
(360, 3, 4, 22, 7, 269, '2690.00', NULL, NULL, '3.45', 'US$', NULL, NULL, NULL),
(361, 1, 2, 22, 7, 269, '2690.00', NULL, NULL, '6.40', 'US$', NULL, NULL, NULL),
(362, 1, 3, 22, 7, 269, '2690.00', NULL, NULL, '6.00', 'US$', NULL, NULL, NULL),
(363, 1, 4, 29, 7, 538, '5380.00', NULL, NULL, '5.05', 'US$', NULL, NULL, NULL),
(364, 1, 5, 22, 7, 269, '2690.00', NULL, NULL, '4.70', 'US$', NULL, NULL, NULL),
(365, 3, 1, 22, 1, 300, '3000.00', NULL, NULL, '4.70', 'US$', NULL, NULL, NULL),
(366, 3, 2, 22, 1, 300, '3000.00', NULL, NULL, '3.80', 'US$', NULL, NULL, NULL),
(367, 3, 3, 22, 1, 10, '100.00', NULL, NULL, '3.50', 'US$', NULL, NULL, NULL),
(368, 3, 4, 22, 1, 400, '4000.00', NULL, NULL, '3.15', 'US$', NULL, NULL, NULL),
(369, 2, 1, 22, 1, 10, '100.00', NULL, NULL, '5.25', 'US$', NULL, NULL, NULL),
(370, 2, 2, 22, 1, 300, '3000.00', NULL, NULL, '4.30', 'US$', NULL, NULL, NULL),
(371, 2, 3, 22, 1, 300, '3000.00', NULL, NULL, '3.90', 'US$', NULL, NULL, NULL),
(372, 2, 4, 22, 1, 10, '100.00', NULL, NULL, '3.70', 'US$', NULL, NULL, NULL),
(373, 2, 6, 22, 1, 300, '3000.00', NULL, NULL, '3.50', 'US$', NULL, NULL, NULL),
(374, 3, 2, 22, 1, 400, '4000.00', NULL, NULL, '3.80', 'US$', NULL, NULL, NULL),
(375, 3, 4, 22, 1, 400, '4000.00', NULL, NULL, '3.15', 'US$', NULL, NULL, NULL),
(376, 2, 1, 24, 1, 100, '1000.00', NULL, NULL, '5.25', 'US$', NULL, NULL, NULL),
(377, 2, 2, 22, 1, 400, '4000.00', NULL, NULL, '4.30', 'US$', NULL, NULL, NULL),
(378, 2, 2, 24, 1, 100, '1000.00', NULL, NULL, '4.30', 'US$', NULL, NULL, NULL),
(379, 2, 3, 22, 1, 400, '4000.00', NULL, NULL, '3.90', 'US$', NULL, NULL, NULL),
(380, 2, 3, 24, 1, 100, '1000.00', NULL, NULL, '3.90', 'US$', NULL, NULL, NULL),
(381, 2, 4, 24, 1, 100, '1000.00', NULL, NULL, '3.70', 'US$', NULL, NULL, NULL),
(382, 2, 5, 22, 1, 300, '3000.00', NULL, NULL, '3.60', 'US$', NULL, NULL, NULL),
(383, 2, 6, 22, 1, 300, '3000.00', NULL, NULL, '3.50', 'US$', NULL, NULL, NULL),
(384, 1, 1, 22, 1, 100, '1000.00', NULL, NULL, '7.30', 'US$', NULL, NULL, NULL),
(385, 1, 1, 24, 1, 100, '1000.00', NULL, NULL, '7.30', 'US$', NULL, NULL, NULL),
(386, 1, 2, 24, 1, 200, '2000.00', NULL, NULL, '6.30', 'US$', NULL, NULL, NULL),
(387, 1, 3, 22, 1, 160, '1600.00', NULL, NULL, '5.50', 'US$', NULL, NULL, NULL),
(388, 1, 4, 22, 1, 100, '1000.00', NULL, NULL, '5.00', 'US$', NULL, NULL, NULL),
(389, 1, 4, 24, 1, 250, '2500.00', NULL, NULL, '5.00', 'US$', NULL, NULL, NULL),
(390, 1, 5, 22, 1, 100, '1000.00', NULL, NULL, '4.50', 'US$', NULL, NULL, NULL),
(391, 7, 11, 22, 1, 500, '5000.00', NULL, NULL, '3.45', 'US$', NULL, NULL, NULL),
(392, 7, 20, 22, 1, 400, '4000.00', NULL, NULL, '3.00', 'US$', NULL, NULL, NULL),
(393, 2, 1, 22, 16, 700, '7000.00', NULL, NULL, '5.10', 'US$', NULL, NULL, NULL),
(394, 2, 2, 22, 16, 1200, '12000.00', NULL, NULL, '4.15', 'US$', NULL, NULL, NULL),
(395, 2, 3, 22, 16, 800, '8000.00', NULL, NULL, '3.80', 'US$', NULL, NULL, NULL),
(396, 2, 4, 22, 16, 600, '6000.00', NULL, NULL, '3.55', 'US$', NULL, NULL, NULL),
(397, 6, 5, 22, 16, 300, '3000.00', NULL, NULL, '3.85', 'US$', NULL, NULL, NULL),
(398, 6, 4, 22, 1, 350, '3500.00', NULL, NULL, '3.50', 'US$', NULL, NULL, NULL),
(399, 6, 5, 22, 1, 330, '3300.00', NULL, NULL, '3.30', 'US$', NULL, NULL, NULL),
(400, 6, 6, 22, 1, 1200, '12000.00', NULL, NULL, '3.20', 'US$', NULL, NULL, NULL),
(401, 23, 4, 32, 19, 1667, '14994.41', NULL, NULL, NULL, NULL, NULL, NULL, NULL),
(402, 24, 3, 16, 19, 400, '3597.94', NULL, NULL, NULL, NULL, NULL, NULL, NULL),
(403, 24, 4, 16, 19, 533, '4794.25', NULL, NULL, NULL, NULL, NULL, NULL, NULL),
(404, 23, 4, 16, 19, 885, '7960.44', NULL, NULL, NULL, NULL, NULL, NULL, NULL),
(405, 23, 2, 16, 19, 473, '4254.56', NULL, NULL, NULL, NULL, NULL, NULL, NULL),
(406, 24, 3, 16, 19, 540, '4857.22', NULL, NULL, NULL, NULL, NULL, NULL, NULL),
(407, 24, 4, 16, 19, 702, '6314.38', NULL, NULL, NULL, NULL, NULL, NULL, NULL),
(408, 23, 4, 16, 19, 885, '7960.44', NULL, NULL, NULL, NULL, NULL, NULL, NULL),
(409, 23, 2, 16, 19, 473, '4254.56', NULL, NULL, NULL, NULL, NULL, NULL, NULL),
(410, 24, 3, 16, 19, 540, '4857.22', NULL, NULL, NULL, NULL, NULL, NULL, NULL),
(411, 24, 4, 16, 19, 702, '6314.38', NULL, NULL, NULL, NULL, NULL, NULL, NULL),
(412, 24, 3, 16, 19, 540, '4857.22', NULL, NULL, NULL, NULL, NULL, NULL, NULL),
(413, 24, 4, 16, 19, 702, '6314.38', NULL, NULL, NULL, NULL, NULL, NULL, NULL),
(414, 23, 4, 16, 19, 885, '7960.44', NULL, NULL, NULL, NULL, NULL, NULL, NULL),
(415, 23, 2, 16, 19, 473, '4254.56', NULL, NULL, NULL, NULL, NULL, NULL, NULL),
(416, 24, 3, 16, 19, 540, '4857.22', NULL, NULL, NULL, NULL, NULL, NULL, NULL),
(417, 24, 4, 16, 19, 702, '6314.38', NULL, NULL, NULL, NULL, NULL, NULL, NULL),
(418, 23, 4, 16, 19, 885, '7960.44', NULL, NULL, NULL, NULL, NULL, NULL, NULL),
(419, 23, 2, 16, 19, 473, '4254.56', NULL, NULL, NULL, NULL, NULL, NULL, NULL),
(420, 24, 3, 16, 19, 540, '4857.22', NULL, NULL, NULL, NULL, NULL, NULL, NULL),
(421, 24, 4, 16, 19, 702, '6314.38', NULL, NULL, NULL, NULL, NULL, NULL, NULL),
(422, 23, 4, 16, 19, 885, '7960.44', NULL, NULL, NULL, NULL, NULL, NULL, NULL),
(423, 23, 2, 16, 19, 473, '4254.56', NULL, NULL, NULL, NULL, NULL, NULL, NULL),
(424, 24, 3, 16, 19, 540, '4857.22', NULL, NULL, NULL, NULL, NULL, NULL, NULL),
(425, 24, 4, 16, 19, 702, '6314.38', NULL, NULL, NULL, NULL, NULL, NULL, NULL),
(426, 23, 4, 16, 19, 885, '7960.44', NULL, NULL, NULL, NULL, NULL, NULL, NULL),
(427, 23, 2, 16, 19, 473, '4254.56', NULL, NULL, NULL, NULL, NULL, NULL, NULL),
(428, 24, 3, 16, 19, 540, '4857.22', NULL, NULL, NULL, NULL, NULL, NULL, NULL),
(429, 24, 4, 16, 19, 702, '6314.38', NULL, NULL, NULL, NULL, NULL, NULL, NULL),
(430, 23, 4, 16, 19, 885, '7960.44', NULL, NULL, NULL, NULL, NULL, NULL, NULL),
(431, 23, 2, 16, 19, 473, '4254.56', NULL, NULL, NULL, NULL, NULL, NULL, NULL),
(432, 24, 3, 16, 19, 540, '4857.22', NULL, NULL, NULL, NULL, NULL, NULL, NULL),
(433, 24, 4, 16, 19, 702, '6314.38', NULL, NULL, NULL, NULL, NULL, NULL, NULL),
(434, 23, 4, 16, 19, 885, '7960.44', NULL, NULL, NULL, NULL, NULL, NULL, NULL),
(435, 23, 2, 16, 19, 473, '4254.56', NULL, NULL, NULL, NULL, NULL, NULL, NULL),
(436, 3, 4, 35, 1, 870, '13050.00', NULL, NULL, NULL, NULL, NULL, NULL, NULL),
(437, 8, 26, 41, 1, 2200, '13200.00', '0.00', '0.00', '31.80', 'US$', NULL, '0.00', 0),
(438, 2, 1, 22, 1, 100, '1000.00', NULL, NULL, '5.05', 'US$', NULL, NULL, NULL),
(439, 2, 2, 22, 1, 400, '4000.00', NULL, NULL, '4.15', 'US$', NULL, NULL, NULL),
(440, 2, 3, 22, 1, 400, '4000.00', NULL, NULL, '3.76', 'US$', NULL, NULL, NULL),
(441, 2, 4, 22, 1, 150, '1500.00', NULL, NULL, '3.57', 'US$', NULL, NULL, NULL),
(442, 1, 4, 22, 1, 200, '2000.00', NULL, NULL, '4.76', 'US$', NULL, NULL, NULL),
(443, 7, 11, 22, 1, 400, '4000.00', NULL, NULL, '3.45', 'US$', NULL, NULL, NULL),
(444, 7, 20, 22, 1, 350, '3500.00', NULL, NULL, '3.00', 'US$', NULL, NULL, NULL),
(445, 27, 28, 43, 16, 1440, '21200.00', NULL, NULL, NULL, NULL, NULL, NULL, NULL),
(446, 2, 1, 22, 21, 600, '6000.00', NULL, NULL, NULL, NULL, NULL, NULL, NULL),
(447, 2, 2, 22, 21, 500, '5000.00', NULL, NULL, NULL, NULL, NULL, NULL, NULL),
(448, 2, 3, 22, 21, 1600, '16000.00', NULL, NULL, NULL, NULL, NULL, NULL, NULL),
(449, 2, 4, 22, 21, 600, '6000.00', NULL, NULL, NULL, NULL, NULL, NULL, NULL),
(450, 6, 5, 22, 21, 300, '3000.00', NULL, NULL, NULL, NULL, NULL, NULL, NULL),
(451, 2, 1, 22, 7, 300, '3000.00', NULL, NULL, NULL, NULL, NULL, NULL, NULL),
(452, 2, 2, 22, 7, 300, '3000.00', NULL, NULL, NULL, NULL, NULL, NULL, NULL),
(453, 2, 3, 22, 7, 1200, '12000.00', NULL, NULL, NULL, NULL, NULL, NULL, NULL),
(454, 2, 4, 22, 7, 800, '8000.00', NULL, NULL, NULL, NULL, NULL, NULL, NULL),
(455, 6, 2, 22, 7, 300, '3000.00', NULL, NULL, NULL, NULL, NULL, NULL, NULL),
(456, 6, 5, 22, 7, 800, '8000.00', NULL, NULL, NULL, NULL, NULL, NULL, NULL),
(457, 10, 4, 21, 1, 1700, '34000.00', '4.45', '0.00', '3.55', 'US$', NULL, '0.00', 0),
(458, 2, 1, 22, 1, 3400, '34000.00', '6.35', '0.00', '4.90', 'US$', NULL, '0.00', 0),
(459, 3, 4, 21, 1, 1800, '36000.00', '4.45', '0.00', '3.55', 'US$', NULL, '0.00', 0),
(460, 3, 1, 21, 1, 1700, '34000.00', '4.75', '0.00', '4.45', 'US$', NULL, '0.00', 0),
(461, 28, 4, 44, 22, 665, '4389.00', NULL, NULL, NULL, NULL, NULL, NULL, NULL),
(462, 29, 28, 45, 22, 1440, '21211.00', '0.00', '0.00', '5.87', 'US$', NULL, '0.00', 0),
(463, 15, 4, 16, 22, 2000, '17989.70', NULL, NULL, '4.50', 'US$', NULL, NULL, NULL),
(464, 30, 29, 46, 1, 1200, '12000.00', NULL, NULL, NULL, NULL, NULL, NULL, NULL),
(465, 24, 7, 13, 1, 41, '984.00', NULL, NULL, NULL, NULL, NULL, NULL, NULL),
(466, 3, 7, 13, 1, 708, '16992.00', NULL, NULL, NULL, NULL, NULL, NULL, NULL),
(467, 1, 4, 22, 1, 3500, '35000.00', '6.08', '0.00', '4.72', 'US$', NULL, '0.00', 0),
(468, 4, 4, 21, 5, 1650, '33000.00', '6.85', '0.00', '5.85', 'US$', NULL, '0.00', 0),
(469, 4, 4, 21, 5, 1650, '33000.00', '6.85', '0.00', '5.78', 'US$', NULL, '0.00', 0),
(470, 23, 4, 16, 19, 885, '7960.44', NULL, NULL, NULL, NULL, NULL, NULL, NULL),
(471, 23, 2, 16, 19, 473, '4254.56', NULL, NULL, NULL, NULL, NULL, NULL, NULL),
(472, 24, 3, 16, 19, 540, '4857.22', NULL, NULL, NULL, NULL, NULL, NULL, NULL),
(473, 24, 4, 16, 19, 702, '6314.38', NULL, NULL, NULL, NULL, NULL, NULL, NULL),
(474, 24, 3, 16, 19, 540, '4857.22', NULL, NULL, NULL, NULL, NULL, NULL, NULL),
(475, 24, 4, 16, 19, 702, '6314.38', NULL, NULL, NULL, NULL, NULL, NULL, NULL),
(476, 1, 4, 16, 19, 885, '7960.44', NULL, NULL, NULL, NULL, NULL, NULL, NULL),
(477, 1, 2, 16, 19, 473, '4254.56', NULL, NULL, NULL, NULL, NULL, NULL, NULL),
(478, 24, 3, 16, 19, 540, '4857.22', NULL, NULL, NULL, NULL, NULL, NULL, NULL),
(479, 24, 4, 16, 19, 702, '6314.38', NULL, NULL, NULL, NULL, NULL, NULL, NULL),
(480, 23, 4, 16, 19, 885, '7960.44', NULL, NULL, NULL, NULL, NULL, NULL, NULL),
(481, 23, 2, 16, 19, 473, '4254.56', NULL, NULL, NULL, NULL, NULL, NULL, NULL),
(482, 24, 3, 16, 19, 540, '4857.22', NULL, NULL, NULL, NULL, NULL, NULL, NULL),
(483, 24, 4, 16, 19, 702, '6314.38', NULL, NULL, NULL, NULL, NULL, NULL, NULL),
(484, 23, 4, 16, 19, 885, '7960.44', NULL, NULL, NULL, NULL, NULL, NULL, NULL),
(485, 23, 2, 16, 19, 473, '4254.56', NULL, NULL, NULL, NULL, NULL, NULL, NULL),
(486, 24, 3, 16, 19, 540, '4857.22', NULL, NULL, NULL, NULL, NULL, NULL, NULL),
(487, 24, 4, 16, 19, 702, '6314.38', NULL, NULL, NULL, NULL, NULL, NULL, NULL),
(488, 23, 4, 16, 19, 885, '7960.44', NULL, NULL, NULL, NULL, NULL, NULL, NULL),
(489, 23, 2, 16, 19, 473, '4254.56', NULL, NULL, NULL, NULL, NULL, NULL, NULL),
(490, 24, 3, 16, 19, 540, '4857.22', NULL, NULL, NULL, NULL, NULL, NULL, NULL),
(491, 24, 4, 16, 19, 702, '6314.38', NULL, NULL, NULL, NULL, NULL, NULL, NULL),
(492, 23, 4, 16, 19, 885, '7959.44', NULL, NULL, NULL, NULL, NULL, NULL, NULL),
(493, 23, 2, 16, 19, 473, '4254.56', NULL, NULL, NULL, NULL, NULL, NULL, NULL),
(494, 3, 6, 23, 11, 1650, '33000.00', '4.35', '4.35', '3.20', 'US$', NULL, '0.00', 0.264367816091954),
(495, 31, 30, 21, 1, 250, '5000.00', NULL, NULL, NULL, NULL, NULL, NULL, NULL),
(496, 20, 1, 13, 1, 1250, '30000.00', NULL, NULL, NULL, NULL, NULL, NULL, NULL),
(497, 2, 4, 22, 21, 250, '2500.00', NULL, NULL, NULL, NULL, NULL, NULL, NULL),
(498, 8, 6, 41, 1, 6600, '39600.00', NULL, NULL, NULL, NULL, NULL, NULL, NULL),
(499, 2, 1, 22, 21, 800, '8000.00', NULL, NULL, NULL, NULL, NULL, NULL, NULL),
(500, 2, 2, 22, 21, 1200, '12000.00', NULL, NULL, NULL, NULL, NULL, NULL, NULL),
(501, 2, 3, 22, 21, 900, '9000.00', NULL, NULL, NULL, NULL, NULL, NULL, NULL),
(502, 2, 4, 22, 21, 700, '7000.00', NULL, NULL, NULL, NULL, NULL, NULL, NULL),
(503, 32, 31, 21, 5, 100, '2000.00', NULL, NULL, NULL, NULL, NULL, NULL, NULL),
(504, 32, 32, 21, 5, 400, '8000.00', NULL, NULL, NULL, NULL, NULL, NULL, NULL),
(505, 32, 30, 21, 5, 13000, '260000.00', NULL, NULL, NULL, NULL, NULL, NULL, NULL),
(506, 6, 4, 22, 1, 800, '8000.00', NULL, NULL, NULL, NULL, NULL, NULL, NULL),
(507, 6, 6, 22, 1, 1200, '12000.00', NULL, NULL, NULL, NULL, NULL, NULL, NULL),
(508, 2, 4, 22, 1, 1500, '15000.00', NULL, NULL, NULL, NULL, NULL, NULL, NULL),
(509, 2, 5, 16, 1, 1112, '10002.27', NULL, NULL, NULL, NULL, NULL, NULL, NULL),
(510, 28, 4, 44, 1, 750, '4957.50', NULL, NULL, NULL, NULL, NULL, NULL, NULL),
(511, 1, 6, 27, 18, 1550, '11618.35', NULL, NULL, NULL, NULL, NULL, NULL, NULL),
(512, 6, 9, 27, 18, 3302, '24750.83', NULL, NULL, NULL, NULL, NULL, NULL, NULL);

-- --------------------------------------------------------

--
-- Table structure for table `quote_remarks`
--

CREATE TABLE IF NOT EXISTS `quote_remarks` (
  `id` int(11) NOT NULL AUTO_INCREMENT,
  `rfq_id` int(11) DEFAULT NULL,
  `from_user_id` int(11) DEFAULT NULL,
  `remark` varchar(1000) DEFAULT NULL,
  PRIMARY KEY (`id`),
  KEY `quote_remarks_c186891e` (`rfq_id`),
  KEY `quote_remarks_0e7efed3` (`from_user_id`)
) ENGINE=InnoDB  DEFAULT CHARSET=latin1 AUTO_INCREMENT=412 ;

--
-- Dumping data for table `quote_remarks`
--

INSERT INTO `quote_remarks` (`id`, `rfq_id`, `from_user_id`, `remark`) VALUES
(1, 5, 6, 'cannot delvier before end January 2015.this is shipment to choice Canada .no expenses to Canada . jt'),
(2, 5, 6, 'cannot delvier before end January 2015.this is shipment to choice Canada .no expenses to Canada . jt'),
(3, 6, 6, ''),
(4, 5, 2, ''),
(5, 6, 2, ''),
(6, 6, 6, 'can ship limited quantity say max 2000 lbs'),
(7, 5, 6, 'cpto 16/20 can ship max 1500 lbs.\r\n\r\ncpto 26/30 sorry made a mistake. best price 7.00'),
(8, 3, 6, ''),
(9, 4, 6, ''),
(10, 3, 2, ''),
(11, 4, 2, ''),
(12, 3, 6, ''),
(13, 4, 6, ''),
(14, 11, 5, 'delivery possible end march 2015. these are India prices,you have to add your margin.'),
(15, 7, 5, 'delivery feb end.quantity not enough to make 1 full fcl. please revise qty equal to 39000 lbs'),
(16, 8, 6, ''),
(17, 8, 2, ''),
(18, 8, 6, 'cannot go below $ 5.90 on the 21/25 rpto'),
(19, 10, 6, ''),
(20, 13, 6, 'Can quote based on Indonesia prices which we will obtain by tomorrow'),
(21, 12, 6, 'Can quote based on Thailand prices which we will obtain by tomorrow'),
(22, 9, 6, 'can quote based on Thailand pricing which we will quote by tomorrow'),
(23, 13, 2, 'I can communicate with Indo and Vietnam but it may be too late anyway, quote is required by today.'),
(24, 8, 2, ''),
(25, 12, 8, 'Please quote based on Thailand prices.  I will alert Ernesto.'),
(26, 12, 6, 'pls add yr margins and quote'),
(27, 15, 6, 'this is price to Choice India.  Pls add yr margins and quote'),
(28, 14, 6, 'this is price to Choice India.  Pls add yr margins and quote'),
(29, 15, 2, 'We would appreciate the extra assistance, our exchange rate has been challenging our margins'),
(30, 14, 2, ''),
(31, 15, 6, ''),
(32, 14, 6, ''),
(33, 15, 2, ''),
(34, 14, 2, ''),
(35, 7, 2, ''),
(36, 10, 2, ''),
(37, 9, 2, ''),
(38, 13, 2, ''),
(39, 17, 6, ''),
(40, 20, 6, 'prices are to Choice NJ. Pls add yr margins and quote.'),
(41, 21, 6, 'Prices to Choice NJ.  Pls add yr margins and quote.'),
(42, 19, 6, ''),
(43, 16, 6, ''),
(44, 20, 2, 'We need this price delivered LA please and thanks.'),
(45, 5, 2, 'Please requote thank you'),
(46, 22, 6, 'Abv prices are to Choice India.  Pls add yr margins and quote'),
(47, 20, 6, 'I am agreeing to your counter prices just for opening up of new accounts'),
(48, 20, 2, ''),
(49, 11, 2, ''),
(50, 26, 6, ''),
(51, 8, 6, ''),
(52, 5, 6, ''),
(53, 25, 6, ''),
(54, 24, 6, ''),
(55, 26, 2, ''),
(56, 5, 2, 'counter prices are current prices from Indonesia'),
(57, 8, 2, 'counter prices are current costs from Indonesia'),
(58, 5, 6, 'Raw material prices hv gone up and hence cannot accept yr counte offer'),
(59, 26, 6, 'raw material prices hv gone up and hence cannot accept yr counter offer'),
(60, 26, 2, ''),
(61, 18, 6, ''),
(62, 27, 6, ''),
(63, 23, 6, ''),
(64, 6, 2, ''),
(65, 5, 2, 'Customer has found lower costs with another Indian supplier'),
(66, 30, 6, ''),
(67, 31, 6, ''),
(68, 28, 6, ''),
(69, 29, 6, ''),
(70, 34, 6, ''),
(71, 38, 6, ''),
(72, 37, 6, ''),
(73, 36, 6, ''),
(74, 35, 6, ''),
(75, 34, 8, ''),
(76, 38, 8, ''),
(77, 36, 8, ''),
(78, 35, 8, ''),
(79, 37, 8, ''),
(80, 38, 6, ''),
(81, 37, 6, ''),
(82, 36, 6, ''),
(83, 35, 6, ''),
(84, 34, 6, ''),
(85, 39, 6, ''),
(86, 43, 6, ''),
(87, 44, 6, ''),
(88, 42, 6, ''),
(89, 41, 6, ''),
(90, 40, 6, ''),
(91, 44, 8, ''),
(92, 43, 8, ''),
(93, 42, 8, ''),
(94, 41, 8, ''),
(95, 40, 8, ''),
(96, 39, 8, ''),
(97, 44, 6, ''),
(98, 43, 6, ''),
(99, 42, 6, ''),
(100, 41, 6, ''),
(101, 40, 6, ''),
(102, 39, 6, ''),
(103, 45, 6, ''),
(104, 45, 8, ''),
(105, 45, 6, ''),
(106, 50, 6, ''),
(107, 49, 6, ''),
(108, 48, 6, ''),
(109, 47, 6, ''),
(110, 46, 6, ''),
(111, 50, 8, ''),
(112, 49, 8, ''),
(113, 48, 8, ''),
(114, 47, 8, ''),
(115, 46, 8, ''),
(116, 50, 6, ''),
(117, 49, 6, ''),
(118, 48, 6, ''),
(119, 47, 6, ''),
(120, 46, 6, ''),
(121, 51, 6, ''),
(122, 51, 2, ''),
(123, 51, 6, ''),
(124, 53, 6, ''),
(125, 52, 6, ''),
(126, 53, 2, ''),
(127, 52, 2, ''),
(128, 53, 6, ''),
(129, 52, 6, ''),
(130, 33, 6, ''),
(131, 54, 6, ''),
(132, 54, 2, ''),
(133, 54, 6, ''),
(134, 55, 6, ''),
(135, 55, 8, ''),
(136, 55, 6, ''),
(137, 56, 6, ''),
(138, 57, 6, ''),
(139, 56, 3, ''),
(140, 57, 3, ''),
(141, 56, 6, ''),
(142, 57, 6, ''),
(143, 58, 6, ''),
(144, 59, 6, ''),
(145, 60, 6, ''),
(146, 61, 6, ''),
(147, 62, 6, ''),
(148, 61, 3, ''),
(149, 60, 3, ''),
(150, 59, 3, ''),
(151, 58, 3, ''),
(152, 63, 6, ''),
(153, 64, 6, ''),
(154, 63, 3, ''),
(155, 64, 3, ''),
(156, 58, 6, ''),
(157, 59, 6, ''),
(158, 60, 6, ''),
(159, 61, 6, ''),
(160, 63, 6, ''),
(161, 64, 6, ''),
(162, 65, 6, ''),
(163, 66, 6, 'price quote is from Indonesia.'),
(164, 66, 2, 'This customer got a quote from India at the counter price'),
(165, 31, 2, 'Customer has received these quotes from another packer in India'),
(166, 30, 2, ''),
(167, 68, 6, 'The above price is Choice NJ price delivered to customer'),
(168, 66, 6, ''),
(169, 67, 6, ''),
(170, 69, 5, 'Karikadi specie.  rm availability is very less and price is in higher side.once you confirm price only will ask vendor to start supply raw material.'),
(171, 70, 6, ''),
(172, 71, 6, 'ALL PRICES ARE EX FACTORY.  PLS ADD YR MARGINS AND QUOTE'),
(173, 69, 2, ''),
(174, 31, 6, 'sorry we cannot match yr counter offer'),
(175, 73, 6, ''),
(176, 74, 6, ''),
(177, 72, 6, 'suggest you procure in Indonesia as India is non competitive on these sizes'),
(178, 75, 6, 'Lillian - pls purchase in Indonesia as India is not competitive on above sizes.'),
(179, 77, 6, ''),
(180, 77, 8, ''),
(181, 77, 6, ''),
(182, 76, 6, ''),
(183, 76, 2, ''),
(184, 76, 6, ''),
(185, 74, 2, ''),
(186, 79, 6, ''),
(187, 79, 2, ''),
(188, 81, 6, ''),
(189, 80, 6, 'if you are selling from inventory, plsmake sure it is sold at market price.  Our average cost in inentory is $ 5.06 and UB is at 5.95-6.05.  price quote above is ex our factory. pls add your margins and quote'),
(190, 81, 2, 'Customer has received lower prices from competition'),
(191, 82, 6, ''),
(192, 81, 6, ''),
(193, 82, 2, ''),
(194, 81, 2, ''),
(195, 31, 2, ''),
(196, 83, 6, 'The above price is ex pittston.  Pls add yr  margins and quote'),
(197, 86, 6, '$ 3.75 per unit ex Pittston delivered including NJ profit margin.'),
(198, 85, 6, 'ref msg pls ship this order from our existing inventory'),
(199, 84, 6, 'ref our msg pls ship this from existing inventory'),
(200, 87, 6, ''),
(201, 88, 6, ''),
(202, 88, 2, 'Please confirm for 1FCL of 21/25 EZ PL only.  Thanks.'),
(203, 89, 6, ''),
(204, 88, 6, ''),
(205, 90, 6, 'You will need to increase the quantity on either of the items to fill up the container.  ALL PRICES ARE EX OUR FACTORY.'),
(206, 91, 6, 'Product of Thailand'),
(207, 96, 6, ''),
(208, 96, 2, ''),
(209, 92, 6, ''),
(210, 93, 6, ''),
(211, 95, 6, ''),
(212, 94, 6, 'Pls procure CPND 71/90 from Thailand.\r\n\r\nAbv prices are ex our factory.'),
(213, 94, 2, 'These counter bids are approx. 1.50/lb higher than regular treated product at current rates'),
(214, 95, 2, ''),
(215, 96, 6, ''),
(216, 94, 6, 'Unable to accept yr counter offer'),
(217, 95, 6, ''),
(218, 98, 6, ''),
(219, 99, 6, ''),
(220, 103, 6, ''),
(221, 101, 6, 'Case price USD 30.15'),
(222, 100, 6, 'In case of CFIA inspection all charges will be on account of supplier'),
(223, 102, 6, 'UD 33.00 PER CASE\r\n\r\nIn case of CFIA inspection/rejection all expense will be on account of packer.  Should have sufficient gap between shipments.  '),
(224, 107, 6, 'Above price is to Choice U.S.  Pls add yr margins and quote to yr customer.'),
(225, 106, 6, 'You will hv to buy the CPTO 41/50 in Thailand as we hv huge commitments on hand.\r\n\r\nrezp 41/50 - we have inventory in the U.S.  Can sell at $ 3.95 '),
(226, 100, 2, ''),
(227, 101, 2, ''),
(228, 102, 2, ''),
(229, 103, 2, 'Cost was incorrectly entered'),
(230, 100, 6, ''),
(231, 101, 6, ''),
(232, 102, 6, ''),
(233, 103, 6, ''),
(234, 104, 6, ''),
(235, 105, 6, 'payment terms - 25% upon receiving shipped proof and balance after customs + CFIA or  FDA clearance'),
(236, 110, 6, ''),
(237, 111, 6, ''),
(238, 115, 6, ''),
(239, 104, 3, ''),
(240, 105, 3, ''),
(241, 112, 6, 'soak 2:2:2'),
(242, 113, 6, ''),
(243, 116, 6, ''),
(244, 112, 3, ''),
(245, 113, 3, ''),
(246, 116, 3, ''),
(247, 112, 6, ''),
(248, 113, 6, ''),
(249, 116, 6, ''),
(250, 114, 6, ''),
(251, 117, 6, ''),
(252, 118, 6, ''),
(253, 119, 6, ''),
(254, 114, 3, ''),
(255, 117, 3, ''),
(256, 118, 3, ''),
(257, 119, 3, ''),
(258, 118, 6, ''),
(259, 119, 6, ''),
(260, 114, 6, ''),
(261, 117, 6, ''),
(262, 115, 3, ''),
(263, 110, 3, 'shipment by July 7th'),
(264, 111, 3, 'shipment no later than July 15th'),
(265, 115, 6, ''),
(266, 110, 6, ''),
(267, 111, 6, ''),
(268, 103, 6, ''),
(269, 101, 6, ''),
(270, 101, 3, ''),
(271, 101, 6, ''),
(272, 101, 3, ''),
(273, 101, 6, ''),
(274, 104, 6, ' payment terms - 25% upon receiving shipped proof and balance after customs + CFIA or  FDA CLEARENCE . JOAN YOU MAY ISSUE PO WITH PAYMENT CONDITION '),
(275, 105, 6, 'ship by June 2nd'),
(276, 109, 6, ''),
(277, 108, 6, 'USD 48.60/CASE COST TO PACKER.\r\nSELLING PRICE USD 55.04/CASE '),
(278, 120, 6, ''),
(279, 121, 6, ''),
(280, 122, 6, ''),
(281, 123, 6, ''),
(282, 124, 6, ''),
(283, 125, 6, ''),
(284, 127, 6, ''),
(285, 128, 6, ''),
(286, 129, 6, ''),
(287, 130, 6, ''),
(288, 131, 6, ''),
(289, 132, 6, ''),
(290, 133, 6, ''),
(291, 120, 3, ''),
(292, 127, 3, ''),
(293, 124, 3, ''),
(294, 125, 3, ''),
(295, 128, 3, ''),
(296, 129, 3, ''),
(297, 130, 3, ''),
(298, 131, 3, ''),
(299, 132, 3, ''),
(300, 133, 3, ''),
(301, 120, 6, ''),
(302, 121, 6, ''),
(303, 121, 3, ''),
(304, 122, 3, ''),
(305, 123, 3, ''),
(306, 121, 6, ''),
(307, 122, 6, ''),
(308, 123, 6, ''),
(309, 124, 6, ''),
(310, 125, 6, ''),
(311, 127, 6, ''),
(312, 128, 6, ''),
(313, 129, 6, ''),
(314, 130, 6, ''),
(315, 131, 6, ''),
(316, 132, 6, ''),
(317, 133, 6, ''),
(318, 134, 6, 'shipment to Pittston'),
(319, 135, 6, 'shipment to Pittston'),
(320, 134, 3, ''),
(321, 135, 3, ''),
(322, 134, 6, ''),
(323, 135, 6, ''),
(324, 146, 6, ''),
(325, 146, 3, ''),
(326, 146, 6, ''),
(327, 144, 6, ''),
(328, 145, 6, ''),
(329, 145, 3, ''),
(330, 145, 6, ''),
(331, 144, 3, ''),
(332, 144, 6, ''),
(333, 151, 6, ''),
(334, 152, 6, ''),
(335, 151, 3, ''),
(336, 152, 3, ''),
(337, 151, 3, ''),
(338, 151, 6, ''),
(339, 152, 6, ''),
(340, 147, 6, ''),
(341, 147, 3, ''),
(342, 147, 6, ''),
(343, 143, 6, ''),
(344, 143, 3, ''),
(345, 143, 6, ''),
(346, 143, 3, ''),
(347, 143, 6, ''),
(348, 149, 6, 'due to non availability of  RM, we are not quoting for rezp 13/15 and  cpto 16/20 '),
(349, 150, 6, ''),
(356, 153, 6, 'due to non-availability unable to quote for 13/15 and 16/20 RPND'),
(357, 156, 6, ''),
(358, 103, 2, ''),
(359, 156, 2, ''),
(360, 156, 6, ''),
(361, 158, 6, ''),
(362, 158, 3, ''),
(363, 158, 6, ''),
(364, 159, 6, ''),
(365, 160, 6, ''),
(366, 160, 2, ''),
(367, 160, 6, ''),
(368, 148, 6, ''),
(369, 161, 6, ''),
(370, 103, 6, ''),
(371, 163, 6, ''),
(372, 164, 6, ''),
(373, 148, 2, 'This is the correctly booked price'),
(374, 165, 6, ''),
(375, 166, 6, ''),
(376, 167, 6, ''),
(377, 168, 6, ''),
(378, 169, 6, ''),
(379, 170, 6, ''),
(380, 181, 6, '$ 31.80/case'),
(381, 181, 2, ''),
(382, 181, 6, ''),
(383, 182, 6, ''),
(384, 186, 6, ''),
(385, 187, 6, ''),
(386, 188, 6, ''),
(387, 189, 6, ''),
(388, 186, 3, ''),
(389, 187, 3, ''),
(390, 188, 3, ''),
(391, 189, 3, ''),
(392, 186, 6, ''),
(393, 187, 6, ''),
(394, 188, 6, ''),
(395, 189, 6, ''),
(396, 195, 6, ''),
(397, 195, 3, ''),
(398, 195, 6, ''),
(399, 196, 6, ''),
(400, 197, 6, ''),
(401, 196, 3, ''),
(402, 197, 3, ''),
(403, 196, 6, ''),
(404, 197, 6, ''),
(405, 191, 6, '$ 5.87/unit'),
(406, 191, 2, ''),
(407, 191, 6, 'selling price $ 6.88'),
(408, 204, 6, 'presold for Ahold'),
(409, 204, 3, ''),
(410, 204, 6, ''),
(411, 192, 6, '');

-- --------------------------------------------------------

--
-- Table structure for table `quote_size`
--

CREATE TABLE IF NOT EXISTS `quote_size` (
  `id` int(11) NOT NULL AUTO_INCREMENT,
  `size` varchar(200) NOT NULL,
  PRIMARY KEY (`id`)
) ENGINE=InnoDB  DEFAULT CHARSET=latin1 AUTO_INCREMENT=34 ;

--
-- Dumping data for table `quote_size`
--

INSERT INTO `quote_size` (`id`, `size`) VALUES
(1, '16/20'),
(2, '21/25'),
(3, '26/30'),
(4, '31/40'),
(5, '41/50'),
(6, '51/60'),
(7, '13/15'),
(8, '61/70'),
(9, '71/90'),
(10, '91/110'),
(11, '100/200'),
(16, '50/60'),
(17, '50 CT'),
(18, '36/40'),
(19, '100/150'),
(20, '250/350'),
(21, '13/15'),
(22, '150/250'),
(23, '21/30'),
(24, '11/15'),
(26, '50-60 ct/ring'),
(28, 'App + Sauce'),
(29, 'CPTO+Sauce'),
(30, '6/8'),
(31, '2/4'),
(32, '4/6'),
(33, '6/8');

-- --------------------------------------------------------

--
-- Table structure for table `quote_terms`
--

CREATE TABLE IF NOT EXISTS `quote_terms` (
  `id` int(11) NOT NULL AUTO_INCREMENT,
  `title` varchar(200) NOT NULL,
  `description` longtext,
  PRIMARY KEY (`id`)
) ENGINE=InnoDB DEFAULT CHARSET=latin1 AUTO_INCREMENT=1 ;

-- --------------------------------------------------------

--
-- Table structure for table `raw_materials_otherprice`
--

CREATE TABLE IF NOT EXISTS `raw_materials_otherprice` (
  `id` int(11) NOT NULL AUTO_INCREMENT,
  `yields_id` int(11) NOT NULL,
  `size_id` int(11) NOT NULL,
  `price` decimal(10,2) DEFAULT NULL,
  `date` date NOT NULL,
  `country` varchar(50) NOT NULL,
  PRIMARY KEY (`id`),
  KEY `raw_materials_otherprice_bc4873ef` (`yields_id`),
  KEY `raw_materials_otherprice_fea27a6d` (`size_id`)
) ENGINE=InnoDB DEFAULT CHARSET=latin1 AUTO_INCREMENT=1 ;

-- --------------------------------------------------------

--
-- Table structure for table `raw_materials_rates`
--

CREATE TABLE IF NOT EXISTS `raw_materials_rates` (
  `id` int(11) NOT NULL AUTO_INCREMENT,
  `rate` decimal(10,2) DEFAULT NULL,
  `expense` decimal(10,2) DEFAULT NULL,
  PRIMARY KEY (`id`)
) ENGINE=InnoDB DEFAULT CHARSET=latin1 AUTO_INCREMENT=1 ;

-- --------------------------------------------------------

--
-- Table structure for table `raw_materials_rmprice`
--

CREATE TABLE IF NOT EXISTS `raw_materials_rmprice` (
  `id` int(11) NOT NULL AUTO_INCREMENT,
  `yields_id` int(11) NOT NULL,
  `size_id` int(11) NOT NULL,
  `india` decimal(10,2) DEFAULT NULL,
  `indonesia` decimal(10,2) DEFAULT NULL,
  `thailand` decimal(10,2) DEFAULT NULL,
  `vietnam` decimal(10,2) DEFAULT NULL,
  `india_other` decimal(10,2) DEFAULT NULL,
  `date` date NOT NULL,
  PRIMARY KEY (`id`),
  KEY `raw_materials_rmprice_bc4873ef` (`yields_id`),
  KEY `raw_materials_rmprice_fea27a6d` (`size_id`)
) ENGINE=InnoDB  DEFAULT CHARSET=latin1 AUTO_INCREMENT=91 ;

--
-- Dumping data for table `raw_materials_rmprice`
--

INSERT INTO `raw_materials_rmprice` (`id`, `yields_id`, `size_id`, `india`, `indonesia`, `thailand`, `vietnam`, `india_other`, `date`) VALUES
(1, 1, 7, '3.54', NULL, NULL, NULL, NULL, '2014-10-24'),
(2, 4, 7, '-8.44', NULL, NULL, NULL, NULL, '2014-10-24'),
(3, 6, 7, '6.87', NULL, NULL, NULL, NULL, '2014-10-24'),
(4, 3, 7, '2.78', NULL, NULL, NULL, NULL, '2014-10-24'),
(5, 5, 7, '4.60', NULL, NULL, NULL, NULL, '2014-10-24'),
(6, 1, 1, '8.77', NULL, NULL, NULL, NULL, '2014-10-24'),
(7, 4, 1, '-8.44', NULL, NULL, NULL, NULL, '2014-10-24'),
(8, 6, 1, '5.96', NULL, NULL, NULL, NULL, '2014-10-24'),
(9, 3, 1, '9.21', NULL, NULL, NULL, NULL, '2014-10-24'),
(10, 5, 1, '7.32', NULL, NULL, NULL, NULL, '2014-10-24'),
(11, 1, 2, '8.09', NULL, NULL, NULL, NULL, '2014-10-24'),
(12, 4, 2, '-8.44', NULL, NULL, NULL, NULL, '2014-10-24'),
(13, 6, 2, '5.25', NULL, NULL, NULL, NULL, '2014-10-24'),
(14, 3, 2, '8.51', NULL, NULL, NULL, NULL, '2014-10-24'),
(15, 5, 2, '6.62', NULL, NULL, NULL, NULL, '2014-10-24'),
(16, 1, 3, '7.14', NULL, NULL, NULL, NULL, '2014-10-24'),
(17, 4, 3, '-8.44', NULL, NULL, NULL, NULL, '2014-10-24'),
(18, 6, 3, '4.61', NULL, NULL, NULL, NULL, '2014-10-24'),
(19, 3, 3, '7.52', NULL, NULL, NULL, NULL, '2014-10-24'),
(20, 5, 3, '5.73', NULL, NULL, NULL, NULL, '2014-10-24'),
(21, 1, 4, '6.11', NULL, NULL, NULL, NULL, '2014-10-24'),
(22, 4, 4, '-8.44', NULL, NULL, NULL, NULL, '2014-10-24'),
(23, 6, 4, '3.60', NULL, NULL, NULL, NULL, '2014-10-24'),
(24, 3, 4, '6.47', NULL, NULL, NULL, NULL, '2014-10-24'),
(25, 5, 4, '5.04', NULL, NULL, NULL, NULL, '2014-10-24'),
(26, 1, 5, '5.46', NULL, NULL, NULL, NULL, '2014-10-24'),
(27, 4, 5, '-8.44', NULL, NULL, NULL, NULL, '2014-10-24'),
(28, 6, 5, '-1.52', NULL, NULL, NULL, NULL, '2014-10-24'),
(29, 3, 5, '5.71', NULL, NULL, NULL, NULL, '2014-10-24'),
(30, 5, 5, '2.53', NULL, NULL, NULL, NULL, '2014-10-24'),
(31, 1, 6, '4.97', NULL, NULL, NULL, NULL, '2014-10-24'),
(32, 4, 6, '-8.44', NULL, NULL, NULL, NULL, '2014-10-24'),
(33, 6, 6, '-6.97', NULL, NULL, NULL, NULL, '2014-10-24'),
(34, 3, 6, '1.96', NULL, NULL, NULL, NULL, '2014-10-24'),
(35, 5, 6, '-2.28', NULL, NULL, NULL, NULL, '2014-10-24'),
(36, 1, 8, '4.48', NULL, NULL, NULL, NULL, '2014-10-24'),
(37, 4, 8, '-8.44', NULL, NULL, NULL, NULL, '2014-10-24'),
(38, 6, 8, '-12.10', NULL, NULL, NULL, NULL, '2014-10-24'),
(39, 3, 8, '-2.96', NULL, NULL, NULL, NULL, '2014-10-24'),
(40, 5, 8, '-7.47', NULL, NULL, NULL, NULL, '2014-10-24'),
(41, 1, 9, '3.46', NULL, NULL, NULL, NULL, '2014-10-24'),
(42, 4, 9, '-8.44', NULL, NULL, NULL, NULL, '2014-10-24'),
(43, 6, 9, '-22.66', NULL, NULL, NULL, NULL, '2014-10-24'),
(44, 3, 9, '-13.69', NULL, NULL, NULL, NULL, '2014-10-24'),
(45, 5, 9, '-17.47', NULL, NULL, NULL, NULL, '2014-10-24'),
(46, 1, 7, '3.59', NULL, NULL, NULL, NULL, '2014-10-23'),
(47, 4, 7, '7.96', NULL, NULL, NULL, NULL, '2014-10-23'),
(48, 6, 7, '7.26', NULL, NULL, NULL, NULL, '2014-10-23'),
(49, 3, 7, '2.82', NULL, NULL, NULL, NULL, '2014-10-23'),
(50, 5, 7, '4.67', NULL, NULL, NULL, NULL, '2014-10-23'),
(51, 1, 1, '9.42', NULL, NULL, NULL, NULL, '2014-10-23'),
(52, 4, 1, '7.83', NULL, NULL, NULL, NULL, '2014-10-23'),
(53, 6, 1, '6.97', NULL, NULL, NULL, NULL, '2014-10-23'),
(54, 3, 1, '9.76', NULL, NULL, NULL, NULL, '2014-10-23'),
(55, 5, 1, '8.19', NULL, NULL, NULL, NULL, '2014-10-23'),
(56, 1, 2, '9.33', NULL, NULL, NULL, NULL, '2014-10-23'),
(57, 4, 2, '7.26', NULL, NULL, NULL, NULL, '2014-10-23'),
(58, 6, 2, '6.26', NULL, NULL, NULL, NULL, '2014-10-23'),
(59, 3, 2, '9.67', NULL, NULL, NULL, NULL, '2014-10-23'),
(60, 5, 2, '7.79', NULL, NULL, NULL, NULL, '2014-10-23'),
(61, 1, 3, '8.50', NULL, NULL, NULL, NULL, '2014-10-23'),
(62, 4, 3, '6.26', NULL, NULL, NULL, NULL, '2014-10-23'),
(63, 6, 3, '5.25', NULL, NULL, NULL, NULL, '2014-10-23'),
(64, 3, 3, '8.93', NULL, NULL, NULL, NULL, '2014-10-23'),
(65, 5, 3, '6.85', NULL, NULL, NULL, NULL, '2014-10-23'),
(66, 1, 4, '7.14', NULL, NULL, NULL, NULL, '2014-10-23'),
(67, 4, 4, '5.19', NULL, NULL, NULL, NULL, '2014-10-23'),
(68, 6, 4, '4.49', NULL, NULL, NULL, NULL, '2014-10-23'),
(69, 3, 4, '7.66', NULL, NULL, NULL, NULL, '2014-10-23'),
(70, 5, 4, '5.67', NULL, NULL, NULL, NULL, '2014-10-23'),
(71, 1, 5, '5.95', NULL, NULL, NULL, NULL, '2014-10-23'),
(72, 4, 5, '4.18', NULL, NULL, NULL, NULL, '2014-10-23'),
(73, 6, 5, '4.00', NULL, NULL, NULL, NULL, '2014-10-23'),
(74, 3, 5, '6.30', NULL, NULL, NULL, NULL, '2014-10-23'),
(75, 5, 5, '4.90', NULL, NULL, NULL, NULL, '2014-10-23'),
(76, 1, 6, '4.97', NULL, NULL, NULL, NULL, '2014-10-23'),
(77, 4, 6, '3.18', NULL, NULL, NULL, NULL, '2014-10-23'),
(78, 6, 6, '3.49', NULL, NULL, NULL, NULL, '2014-10-23'),
(79, 3, 6, '5.62', NULL, NULL, NULL, NULL, '2014-10-23'),
(80, 5, 6, '4.44', NULL, NULL, NULL, NULL, '2014-10-23'),
(81, 1, 8, '3.99', NULL, NULL, NULL, NULL, '2014-10-23'),
(82, 4, 8, '2.24', NULL, NULL, NULL, NULL, '2014-10-23'),
(83, 6, 8, '3.00', NULL, NULL, NULL, NULL, '2014-10-23'),
(84, 3, 8, '5.16', NULL, NULL, NULL, NULL, '2014-10-23'),
(85, 5, 8, '3.95', NULL, NULL, NULL, NULL, '2014-10-23'),
(86, 1, 9, '1.95', NULL, NULL, NULL, NULL, '2014-10-23'),
(87, 4, 9, '0.23', NULL, NULL, NULL, NULL, '2014-10-23'),
(88, 6, 9, '2.00', NULL, NULL, NULL, NULL, '2014-10-23'),
(89, 3, 9, '4.14', NULL, NULL, NULL, NULL, '2014-10-23'),
(90, 5, 9, '3.00', NULL, NULL, NULL, NULL, '2014-10-23');

-- --------------------------------------------------------

--
-- Table structure for table `raw_materials_yields`
--

CREATE TABLE IF NOT EXISTS `raw_materials_yields` (
  `id` int(11) NOT NULL AUTO_INCREMENT,
  `item_id` int(11) NOT NULL,
  `percentage` decimal(10,2) DEFAULT NULL,
  PRIMARY KEY (`id`),
  KEY `raw_materials_yields_0a47aae8` (`item_id`)
) ENGINE=InnoDB  DEFAULT CHARSET=latin1 AUTO_INCREMENT=7 ;

--
-- Dumping data for table `raw_materials_yields`
--

INSERT INTO `raw_materials_yields` (`id`, `item_id`, `percentage`) VALUES
(1, 1, '55.00'),
(2, 4, '49.00'),
(3, 5, '53.00'),
(4, 2, '67.00'),
(5, 6, '64.00'),
(6, 10, '74.00');

-- --------------------------------------------------------

--
-- Table structure for table `south_migrationhistory`
--

CREATE TABLE IF NOT EXISTS `south_migrationhistory` (
  `id` int(11) NOT NULL AUTO_INCREMENT,
  `app_name` varchar(255) NOT NULL,
  `migration` varchar(255) NOT NULL,
  `applied` datetime NOT NULL,
  PRIMARY KEY (`id`)
) ENGINE=InnoDB  DEFAULT CHARSET=latin1 AUTO_INCREMENT=23 ;

--
-- Dumping data for table `south_migrationhistory`
--

INSERT INTO `south_migrationhistory` (`id`, `app_name`, `migration`, `applied`) VALUES
(1, 'authentication', '0001_initial', '2014-10-06 15:29:24'),
(2, 'quote', '0001_initial', '2014-10-06 15:29:53'),
(3, 'raw_materials', '0001_initial', '2014-10-06 15:30:05'),
(4, 'urner', '0001_initial', '2014-10-06 15:30:16'),
(6, 'userprofile', '0001_initial', '2014-10-06 15:30:43'),
(8, 'raw_materials', '0002_auto__add_rmprice', '2014-10-06 23:43:24'),
(9, 'urner', '0002_auto__chg_field_product_name', '2014-10-10 08:33:02'),
(10, 'urner', '0003_auto__chg_field_productdetails_price', '2014-10-10 08:33:02'),
(11, 'authentication', '0002_initial', '2014-10-10 22:41:34'),
(12, 'authentication', '0003_auto__add_new', '2014-10-10 22:41:34'),
(13, 'authentication', '0004_auto__add_field_new_pub_date', '2014-10-10 22:52:28'),
(14, 'quote', '0002_auto__chg_field_quoteitem_container_number', '2014-10-11 09:26:26'),
(15, 'quote', '0003_initial', '2014-10-11 09:26:34'),
(16, 'quote', '0004_auto__del_field_quoteitem_alert', '2014-10-11 09:26:34'),
(17, 'quote', '0005_auto__add_field_quoteitem_alert', '2014-10-11 09:26:34'),
(18, 'quote', '0006_auto__chg_field_quoteitem_container_number', '2014-10-11 09:26:34'),
(19, 'quote', '0007_auto__chg_field_quoteitem_container_number', '2014-10-11 09:27:32'),
(20, 'quote', '0008_auto__add_locationrelation', '2014-11-15 14:16:38'),
(21, 'quote', '0009_auto__add_field_quoteinfo_specifications__add_field_quoteinfo_port_of_', '2014-11-26 09:21:58'),
(22, 'quote', '0010_auto__add_remarks__add_destination__add_alert__chg_field_locationrelat', '2014-11-27 17:48:31');

-- --------------------------------------------------------

--
-- Table structure for table `urner_product`
--

CREATE TABLE IF NOT EXISTS `urner_product` (
  `id` int(11) NOT NULL AUTO_INCREMENT,
  `name` varchar(700) NOT NULL,
  PRIMARY KEY (`id`)
) ENGINE=InnoDB  DEFAULT CHARSET=latin1 AUTO_INCREMENT=65 ;

--
-- Dumping data for table `urner_product`
--

INSERT INTO `urner_product` (`id`, `name`) VALUES
(39, 'Cooked Asian Tail on White 16-20 Count'),
(40, 'Cooked Asian Tail on White 21-25 Count'),
(41, 'Cooked Asian Tail on White 26-30 Count'),
(42, 'Cooked Asian Tail on White 31-40 Count'),
(43, 'Cooked Asian Tail on White 41-50 Count'),
(44, 'Cooked Asian Tail on White 51-60 Count'),
(45, 'Cooked Asian Tail on White 61-70 Count'),
(46, 'Raw P&D Tail-on White 13-15'),
(47, 'Raw P&D Tail-on White 16-20'),
(48, 'Raw P&D Tail-on White 21-25'),
(49, 'Raw P&D Tail-on White 26-30'),
(50, 'Raw P&D Tail-on White 31-40'),
(51, 'Raw P&D Tail-on White 41-50'),
(52, 'Raw Easy  Peel White 13-15'),
(53, 'Raw Easy  Peel White 16-20'),
(54, 'Raw Easy  Peel White 21-25'),
(55, 'Raw Easy  Peel White 26-30'),
(56, 'Raw Easy  Peel White 31-40'),
(57, 'Raw Easy  Peel White 41-50'),
(58, 'Raw Easy  Peel White 51-60'),
(59, 'Raw P&D Tail-off white16/20'),
(60, 'Raw P&D Tail-off white21/25'),
(61, 'Raw P&D Tail-off white 26/30'),
(62, 'Raw P&D Tail-off white 31/40'),
(63, 'Raw P&D Tail-off white 41/50'),
(64, 'Raw P&D Tail-off white 51/60');

-- --------------------------------------------------------

--
-- Table structure for table `urner_productdetails`
--

CREATE TABLE IF NOT EXISTS `urner_productdetails` (
  `id` int(11) NOT NULL AUTO_INCREMENT,
  `product_id` int(11) NOT NULL,
  `price` varchar(100) NOT NULL,
  `date` date NOT NULL,
  PRIMARY KEY (`id`),
  KEY `urner_productdetails_7f1b40ad` (`product_id`)
) ENGINE=InnoDB  DEFAULT CHARSET=latin1 AUTO_INCREMENT=47 ;

--
-- Dumping data for table `urner_productdetails`
--

INSERT INTO `urner_productdetails` (`id`, `product_id`, `price`, `date`) VALUES
(21, 39, '11.00 - 11.10', '2014-12-12'),
(22, 40, '8.70 - 8.80', '2014-12-12'),
(23, 41, '7.60 - 7.70', '2014-12-12'),
(24, 42, '6.60 - 6.70', '2014-12-12'),
(25, 43, '6.35 - 6.45', '2014-12-12'),
(26, 44, '6.20 - 6.30', '2014-12-12'),
(27, 45, '6.10 - 6.20', '2014-12-12'),
(28, 46, '11.65 - 11.75', '2014-12-12'),
(29, 47, '7.70 - 7.80', '2014-12-12'),
(30, 48, '6.70 - 6.80', '2014-12-12'),
(31, 49, '5.95 - 6.05', '2014-12-12'),
(32, 50, '5.30 - 5.40', '2014-12-12'),
(33, 51, '5.20 - 5.30', '2014-12-12'),
(34, 52, '9.65 - 9.75', '2014-12-12'),
(35, 53, '6.90 - 7.00', '2014-12-12'),
(36, 54, '5.85 - 5.95', '2014-12-12'),
(37, 55, '5.55 - 5.65', '2014-12-12'),
(38, 56, '4.90 - 5.00', '2014-12-12'),
(39, 57, '4.70 - 4.80', '2014-12-12'),
(40, 58, '4.55 - 4.65', '2014-12-12'),
(41, 59, '8.05 - 8.15', '2014-12-12'),
(42, 60, '6.90 - 7.00', '2014-12-12'),
(43, 61, '6.00 - 6.10', '2014-12-12'),
(44, 62, '5.50 - 5.60', '2014-12-12'),
(45, 63, '5.30 - 5.40', '2014-12-12'),
(46, 64, '5.20 - 5.30', '2014-12-12');

-- --------------------------------------------------------

--
-- Table structure for table `userprofile_profile`
--

CREATE TABLE IF NOT EXISTS `userprofile_profile` (
  `id` int(11) NOT NULL AUTO_INCREMENT,
  `user_id` int(11) NOT NULL,
  `gender` varchar(1) NOT NULL,
  `dob` date DEFAULT NULL,
  `type` varchar(10) NOT NULL,
  PRIMARY KEY (`id`),
  UNIQUE KEY `user_id` (`user_id`)
) ENGINE=InnoDB  DEFAULT CHARSET=latin1 AUTO_INCREMENT=14 ;

--
-- Dumping data for table `userprofile_profile`
--

INSERT INTO `userprofile_profile` (`id`, `user_id`, `gender`, `dob`, `type`) VALUES
(1, 1, '-', NULL, 'user'),
(2, 2, '-', NULL, 'user'),
(3, 3, '', NULL, 'superadmin'),
(4, 4, '', NULL, 'otheruser'),
(5, 5, 'm', NULL, 'approver'),
(6, 6, '', NULL, 'admin'),
(7, 7, '-', NULL, 'user'),
(8, 8, '-', NULL, 'user'),
(9, 9, '-', NULL, 'user'),
(10, 10, '-', NULL, 'user'),
(11, 11, '-', NULL, 'user'),
(12, 12, '-', NULL, 'user'),
(13, 13, '-', NULL, 'user');

--
-- Constraints for dumped tables
--

--
-- Constraints for table `auth_group_permissions`
--
ALTER TABLE `auth_group_permissions`
  ADD CONSTRAINT `group_id_refs_id_f4b32aac` FOREIGN KEY (`group_id`) REFERENCES `auth_group` (`id`),
  ADD CONSTRAINT `permission_id_refs_id_6ba0f519` FOREIGN KEY (`permission_id`) REFERENCES `auth_permission` (`id`);

--
-- Constraints for table `auth_permission`
--
ALTER TABLE `auth_permission`
  ADD CONSTRAINT `content_type_id_refs_id_d043b34a` FOREIGN KEY (`content_type_id`) REFERENCES `django_content_type` (`id`);

--
-- Constraints for table `auth_user_groups`
--
ALTER TABLE `auth_user_groups`
  ADD CONSTRAINT `group_id_refs_id_274b862c` FOREIGN KEY (`group_id`) REFERENCES `auth_group` (`id`),
  ADD CONSTRAINT `user_id_refs_id_40c41112` FOREIGN KEY (`user_id`) REFERENCES `auth_user` (`id`);

--
-- Constraints for table `auth_user_user_permissions`
--
ALTER TABLE `auth_user_user_permissions`
  ADD CONSTRAINT `permission_id_refs_id_35d9ac25` FOREIGN KEY (`permission_id`) REFERENCES `auth_permission` (`id`),
  ADD CONSTRAINT `user_id_refs_id_4dc23c39` FOREIGN KEY (`user_id`) REFERENCES `auth_user` (`id`);

--
-- Constraints for table `django_admin_log`
--
ALTER TABLE `django_admin_log`
  ADD CONSTRAINT `content_type_id_refs_id_93d2d1f8` FOREIGN KEY (`content_type_id`) REFERENCES `django_content_type` (`id`),
  ADD CONSTRAINT `user_id_refs_id_c0d12874` FOREIGN KEY (`user_id`) REFERENCES `auth_user` (`id`);

--
-- Constraints for table `quote_alert`
--
ALTER TABLE `quote_alert`
  ADD CONSTRAINT `from_user_id_refs_id_291c9747` FOREIGN KEY (`from_user_id`) REFERENCES `auth_user` (`id`),
  ADD CONSTRAINT `itm_id_refs_id_7e019e54` FOREIGN KEY (`itm_id`) REFERENCES `quote_quoteitem` (`id`),
  ADD CONSTRAINT `to_user_id_refs_id_291c9747` FOREIGN KEY (`to_user_id`) REFERENCES `auth_user` (`id`);

--
-- Constraints for table `quote_locationrelation`
--
ALTER TABLE `quote_locationrelation`
  ADD CONSTRAINT `customer_id_refs_id_d6a4fbe6` FOREIGN KEY (`customer_id`) REFERENCES `quote_customer` (`id`),
  ADD CONSTRAINT `destination_id_refs_id_6f604b37` FOREIGN KEY (`destination_id`) REFERENCES `quote_destination` (`id`),
  ADD CONSTRAINT `packer_id_refs_id_fb6c9aab` FOREIGN KEY (`packer_id`) REFERENCES `quote_packer` (`id`);

--
-- Constraints for table `quote_quoteinfo`
--
ALTER TABLE `quote_quoteinfo`
  ADD CONSTRAINT `customer_id_refs_id_2899eb54` FOREIGN KEY (`customer_id`) REFERENCES `quote_customer` (`id`),
  ADD CONSTRAINT `destination_id_refs_id_8701eef7` FOREIGN KEY (`destination_id`) REFERENCES `quote_destination` (`id`),
  ADD CONSTRAINT `packer_id_refs_id_e7df2a07` FOREIGN KEY (`packer_id`) REFERENCES `quote_packer` (`id`),
  ADD CONSTRAINT `requester_id_refs_id_ad94053b` FOREIGN KEY (`requester_id`) REFERENCES `auth_user` (`id`);

--
-- Constraints for table `quote_quoteinfo_items`
--
ALTER TABLE `quote_quoteinfo_items`
  ADD CONSTRAINT `quoteinfo_id_refs_id_47bdbad7` FOREIGN KEY (`quoteinfo_id`) REFERENCES `quote_quoteinfo` (`id`),
  ADD CONSTRAINT `quoteitem_id_refs_id_c88248e8` FOREIGN KEY (`quoteitem_id`) REFERENCES `quote_quoteitem` (`id`);

--
-- Constraints for table `quote_quoteitem`
--
ALTER TABLE `quote_quoteitem`
  ADD CONSTRAINT `brand_id_refs_id_2af73486` FOREIGN KEY (`brand_id`) REFERENCES `quote_brand` (`id`),
  ADD CONSTRAINT `item_id_refs_id_a50e62b1` FOREIGN KEY (`item_id`) REFERENCES `quote_item` (`id`),
  ADD CONSTRAINT `pack_id_refs_id_9d36015b` FOREIGN KEY (`pack_id`) REFERENCES `quote_pack` (`id`),
  ADD CONSTRAINT `size_id_refs_id_97ee0927` FOREIGN KEY (`size_id`) REFERENCES `quote_size` (`id`);

--
-- Constraints for table `quote_remarks`
--
ALTER TABLE `quote_remarks`
  ADD CONSTRAINT `from_user_id_refs_id_ec9e2820` FOREIGN KEY (`from_user_id`) REFERENCES `auth_user` (`id`),
  ADD CONSTRAINT `rfq_id_refs_id_2c810de5` FOREIGN KEY (`rfq_id`) REFERENCES `quote_quoteinfo` (`id`);

--
-- Constraints for table `raw_materials_otherprice`
--
ALTER TABLE `raw_materials_otherprice`
  ADD CONSTRAINT `size_id_refs_id_69edd421` FOREIGN KEY (`size_id`) REFERENCES `quote_size` (`id`),
  ADD CONSTRAINT `yields_id_refs_id_7a36117e` FOREIGN KEY (`yields_id`) REFERENCES `raw_materials_yields` (`id`);

--
-- Constraints for table `raw_materials_rmprice`
--
ALTER TABLE `raw_materials_rmprice`
  ADD CONSTRAINT `size_id_refs_id_82f24f97` FOREIGN KEY (`size_id`) REFERENCES `quote_size` (`id`),
  ADD CONSTRAINT `yields_id_refs_id_ab250255` FOREIGN KEY (`yields_id`) REFERENCES `raw_materials_yields` (`id`);

--
-- Constraints for table `raw_materials_yields`
--
ALTER TABLE `raw_materials_yields`
  ADD CONSTRAINT `item_id_refs_id_7f6ae3d0` FOREIGN KEY (`item_id`) REFERENCES `quote_item` (`id`);

--
-- Constraints for table `urner_productdetails`
--
ALTER TABLE `urner_productdetails`
  ADD CONSTRAINT `product_id_refs_id_3203465e` FOREIGN KEY (`product_id`) REFERENCES `urner_product` (`id`);

--
-- Constraints for table `userprofile_profile`
--
ALTER TABLE `userprofile_profile`
  ADD CONSTRAINT `user_id_refs_id_479d0183` FOREIGN KEY (`user_id`) REFERENCES `auth_user` (`id`);

/*!40101 SET CHARACTER_SET_CLIENT=@OLD_CHARACTER_SET_CLIENT */;
/*!40101 SET CHARACTER_SET_RESULTS=@OLD_CHARACTER_SET_RESULTS */;
/*!40101 SET COLLATION_CONNECTION=@OLD_COLLATION_CONNECTION */;
